page,status,score,dimension,dimension_score,findings,word_count,h1_count,h2_count,faq_count,internal_links,cta_links,jsonld_types
404.html,PASS,98,Design,90,Opacity baixa detectada; validar texto real. | Sem CSS global de estabilização/contraste.,42,1,0,1,2,3,AggregateRating | BreadcrumbList | GeoCoordinates | ListItem | LocationFeatureSpecification | OpeningHoursSpecification | PostalAddress | ReserveAction | Restaurant | WebSite
404.html,PASS,98,UX,97,Sem skip-nav detectado.,42,1,0,1,2,3,AggregateRating | BreadcrumbList | GeoCoordinates | ListItem | LocationFeatureSpecification | OpeningHoursSpecification | PostalAddress | ReserveAction | Restaurant | WebSite
404.html,PASS,98,Copydesk,100,,42,1,0,1,2,3,AggregateRating | BreadcrumbList | GeoCoordinates | ListItem | LocationFeatureSpecification | OpeningHoursSpecification | PostalAddress | ReserveAction | Restaurant | WebSite
404.html,PASS,98,SEO,100,,42,1,0,1,2,3,AggregateRating | BreadcrumbList | GeoCoordinates | ListItem | LocationFeatureSpecification | OpeningHoursSpecification | PostalAddress | ReserveAction | Restaurant | WebSite
404.html,PASS,98,GEO,100,,42,1,0,1,2,3,AggregateRating | BreadcrumbList | GeoCoordinates | ListItem | LocationFeatureSpecification | OpeningHoursSpecification | PostalAddress | ReserveAction | Restaurant | WebSite
404.html,PASS,98,AEO,92,FAQ visual sem FAQPage JSON-LD.,42,1,0,1,2,3,AggregateRating | BreadcrumbList | GeoCoordinates | ListItem | LocationFeatureSpecification | OpeningHoursSpecification | PostalAddress | ReserveAction | Restaurant | WebSite
404.html,PASS,98,AIO,100,,42,1,0,1,2,3,AggregateRating | BreadcrumbList | GeoCoordinates | ListItem | LocationFeatureSpecification | OpeningHoursSpecification | PostalAddress | ReserveAction | Restaurant | WebSite
404.html,PASS,98,SXO,100,,42,1,0,1,2,3,AggregateRating | BreadcrumbList | GeoCoordinates | ListItem | LocationFeatureSpecification | OpeningHoursSpecification | PostalAddress | ReserveAction | Restaurant | WebSite
404.html,PASS,98,Marketing,100,,42,1,0,1,2,3,AggregateRating | BreadcrumbList | GeoCoordinates | ListItem | LocationFeatureSpecification | OpeningHoursSpecification | PostalAddress | ReserveAction | Restaurant | WebSite
404.html,PASS,98,R2D2,100,,42,1,0,1,2,3,AggregateRating | BreadcrumbList | GeoCoordinates | ListItem | LocationFeatureSpecification | OpeningHoursSpecification | PostalAddress | ReserveAction | Restaurant | WebSite
404.html,PASS,98,Schema,100,,42,1,0,1,2,3,AggregateRating | BreadcrumbList | GeoCoordinates | ListItem | LocationFeatureSpecification | OpeningHoursSpecification | PostalAddress | ReserveAction | Restaurant | WebSite
404.html,PASS,98,Performance,100,,42,1,0,1,2,3,AggregateRating | BreadcrumbList | GeoCoordinates | ListItem | LocationFeatureSpecification | OpeningHoursSpecification | PostalAddress | ReserveAction | Restaurant | WebSite
_includes/footer.html,FAIL,86,Design,94,Sem CSS global de estabilização/contraste.,76,0,0,0,11,5,
_includes/footer.html,FAIL,86,UX,81,H1 deveria ser único; encontrado 0. | Poucos H2 para boa escaneabilidade. | Sem skip-nav detectado.,76,0,0,0,11,5,
_includes/footer.html,FAIL,86,Copydesk,88,Conteúdo curto: 76 palavras.,76,0,0,0,11,5,
_includes/footer.html,FAIL,86,SEO,50,Sem title. | Sem meta description. | Sem canonical. | Sem hreflang.,76,0,0,0,11,5,
_includes/footer.html,FAIL,86,GEO,93,Sem GeoCoordinates.,76,0,0,0,11,5,
_includes/footer.html,FAIL,86,AEO,86,FAQ baixo para AEO: 0.,76,0,0,0,11,5,
_includes/footer.html,FAIL,86,AIO,75,Sem cobertura literal das keywords prioritárias AIO. | Poucas FAQs para IA. | Sem VideoObject em página de experiência/produto.,76,0,0,0,11,5,
_includes/footer.html,FAIL,86,SXO,100,,76,0,0,0,11,5,
_includes/footer.html,FAIL,86,Marketing,100,,76,0,0,0,11,5,
_includes/footer.html,FAIL,86,R2D2,93,R2D2 fraco em Decisão.,76,0,0,0,11,5,
_includes/footer.html,FAIL,86,Schema,72,Sem JSON-LD. | Schema sem tipo útil para local/conteúdo.,76,0,0,0,11,5,
_includes/footer.html,FAIL,86,Performance,100,,76,0,0,0,11,5,
_includes/head-common.html,FAIL,76,Design,100,,0,0,0,0,0,0,
_includes/head-common.html,FAIL,76,UX,63,H1 deveria ser único; encontrado 0. | Poucos H2 para boa escaneabilidade. | Sem CTA claro. | Poucos links internos. | Sem skip-nav detectado.,0,0,0,0,0,0,
_includes/head-common.html,FAIL,76,Copydesk,75,Conteúdo curto: 0 palavras. | Diferencial turístico/carioca pouco claro. | Poucas perguntas/respostas explícitas.,0,0,0,0,0,0,
_includes/head-common.html,FAIL,76,SEO,50,Sem title. | Sem meta description. | Sem canonical. | Sem hreflang.,0,0,0,0,0,0,
_includes/head-common.html,FAIL,76,GEO,71,Baixa cobertura local/GEO: 0/8. | Falta bloco forte de acesso/endereço. | Sem GeoCoordinates.,0,0,0,0,0,0,
_includes/head-common.html,FAIL,76,AEO,78,FAQ baixo para AEO: 0. | Faltam respostas diretas transacionais.,0,0,0,0,0,0,
_includes/head-common.html,FAIL,76,AIO,80,Sem cobertura literal das keywords prioritárias AIO. | Poucas FAQs para IA.,0,0,0,0,0,0,
_includes/head-common.html,FAIL,76,SXO,69,Sem CTA de decisão. | Pouca navegação contextual. | Faltam dados de decisão rápida.,0,0,0,0,0,0,
_includes/head-common.html,FAIL,76,Marketing,82,Baixa presença de termos de conversão. | Faltam provas/diferenciais comerciais.,0,0,0,0,0,0,
_includes/head-common.html,FAIL,76,R2D2,72,R2D2 fraco em Receita. | R2D2 fraco em Relevância. | R2D2 fraco em Decisão. | R2D2 fraco em Direção.,0,0,0,0,0,0,
_includes/head-common.html,FAIL,76,Schema,72,Sem JSON-LD. | Schema sem tipo útil para local/conteúdo.,0,0,0,0,0,0,
_includes/head-common.html,FAIL,76,Performance,100,,0,0,0,0,0,0,
_includes/nav.html,FAIL,84,Design,94,Sem CSS global de estabilização/contraste.,20,0,0,0,10,4,
_includes/nav.html,FAIL,84,UX,81,H1 deveria ser único; encontrado 0. | Poucos H2 para boa escaneabilidade. | Sem skip-nav detectado.,20,0,0,0,10,4,
_includes/nav.html,FAIL,84,Copydesk,80,Conteúdo curto: 20 palavras. | Diferencial turístico/carioca pouco claro.,20,0,0,0,10,4,
_includes/nav.html,FAIL,84,SEO,54,Sem title. | Sem meta description. | Sem canonical.,20,0,0,0,10,4,
_includes/nav.html,FAIL,84,GEO,81,Baixa cobertura local/GEO: 0/8. | Sem GeoCoordinates.,20,0,0,0,10,4,
_includes/nav.html,FAIL,84,AEO,86,FAQ baixo para AEO: 0.,20,0,0,0,10,4,
_includes/nav.html,FAIL,84,AIO,75,Sem cobertura literal das keywords prioritárias AIO. | Poucas FAQs para IA. | Sem VideoObject em página de experiência/produto.,20,0,0,0,10,4,
_includes/nav.html,FAIL,84,SXO,100,,20,0,0,0,10,4,
_includes/nav.html,FAIL,84,Marketing,100,,20,0,0,0,10,4,
_includes/nav.html,FAIL,84,R2D2,86,R2D2 fraco em Relevância. | R2D2 fraco em Decisão.,20,0,0,0,10,4,
_includes/nav.html,FAIL,84,Schema,72,Sem JSON-LD. | Schema sem tipo útil para local/conteúdo.,20,0,0,0,10,4,
_includes/nav.html,FAIL,84,Performance,100,,20,0,0,0,10,4,
_includes/wa-widget.html,FAIL,84,Design,94,Sem CSS global de estabilização/contraste.,31,0,0,0,0,2,
_includes/wa-widget.html,FAIL,84,UX,75,H1 deveria ser único; encontrado 0. | Poucos H2 para boa escaneabilidade. | Poucos links internos. | Sem skip-nav detectado.,31,0,0,0,0,2,
_includes/wa-widget.html,FAIL,84,Copydesk,88,Conteúdo curto: 31 palavras.,31,0,0,0,0,2,
_includes/wa-widget.html,FAIL,84,SEO,50,Sem title. | Sem meta description. | Sem canonical. | Sem hreflang.,31,0,0,0,0,2,
_includes/wa-widget.html,FAIL,84,GEO,81,Baixa cobertura local/GEO: 0/8. | Sem GeoCoordinates.,31,0,0,0,0,2,
_includes/wa-widget.html,FAIL,84,AEO,78,FAQ baixo para AEO: 0. | Faltam respostas diretas transacionais.,31,0,0,0,0,2,
_includes/wa-widget.html,FAIL,84,AIO,80,Sem cobertura literal das keywords prioritárias AIO. | Poucas FAQs para IA.,31,0,0,0,0,2,
_includes/wa-widget.html,FAIL,84,SXO,94,Pouca navegação contextual.,31,0,0,0,0,2,
_includes/wa-widget.html,FAIL,84,Marketing,100,,31,0,0,0,0,2,
_includes/wa-widget.html,FAIL,84,R2D2,93,R2D2 fraco em Direção.,31,0,0,0,0,2,
_includes/wa-widget.html,FAIL,84,Schema,72,Sem JSON-LD. | Schema sem tipo útil para local/conteúdo.,31,0,0,0,0,2,
_includes/wa-widget.html,FAIL,84,Performance,100,,31,0,0,0,0,2,
_templates/base.html,FAIL,78,Design,94,Sem CSS global de estabilização/contraste.,54,0,0,0,1,0,
_templates/base.html,FAIL,78,UX,66,H1 deveria ser único; encontrado 0. | Poucos H2 para boa escaneabilidade. | Sem CTA claro. | Poucos links internos.,54,0,0,0,1,0,
_templates/base.html,FAIL,78,Copydesk,80,Conteúdo curto: 54 palavras. | Diferencial turístico/carioca pouco claro.,54,0,0,0,1,0,
_templates/base.html,FAIL,78,SEO,78,Title fora da faixa ideal: 11. | Meta description fora da faixa ideal: 17. | Canonical fora do domínio oficial.,54,0,0,0,1,0,
_templates/base.html,FAIL,78,GEO,71,Baixa cobertura local/GEO: 0/8. | Falta bloco forte de acesso/endereço. | Sem GeoCoordinates.,54,0,0,0,1,0,
_templates/base.html,FAIL,78,AEO,78,FAQ baixo para AEO: 0. | Faltam respostas diretas transacionais.,54,0,0,0,1,0,
_templates/base.html,FAIL,78,AIO,77,Sem cobertura literal das keywords prioritárias AIO. | Poucas FAQs para IA. | Schema sem @graph.,54,0,0,0,1,0,
_templates/base.html,FAIL,78,SXO,69,Sem CTA de decisão. | Pouca navegação contextual. | Faltam dados de decisão rápida.,54,0,0,0,1,0,
_templates/base.html,FAIL,78,Marketing,82,Baixa presença de termos de conversão. | Faltam provas/diferenciais comerciais.,54,0,0,0,1,0,
_templates/base.html,FAIL,78,R2D2,72,R2D2 fraco em Receita. | R2D2 fraco em Relevância. | R2D2 fraco em Decisão. | R2D2 fraco em Direção.,54,0,0,0,1,0,
_templates/base.html,FAIL,78,Schema,65,JSON-LD inválido. | Schema sem tipo útil para local/conteúdo.,54,0,0,0,1,0,
_templates/base.html,FAIL,78,Performance,100,,54,0,0,0,1,0,
almoco-morro-da-urca.html,FAIL,96,Design,84,Risco de texto creme em fundo claro. | Opacity baixa detectada; validar texto real. | Sem CSS global de estabilização/contraste.,892,1,9,14,15,8,AdministrativeArea | AggregateRating | Answer | BreadcrumbList | City | FAQPage | GeoCoordinates | ListItem | LocationFeatureSpecification | Neighborhood | OpeningHoursSpecification | PostalAddress | Question | ReserveAction | Restaurant | TouristAttraction | WebPage | WebSite
almoco-morro-da-urca.html,FAIL,96,UX,100,,892,1,9,14,15,8,AdministrativeArea | AggregateRating | Answer | BreadcrumbList | City | FAQPage | GeoCoordinates | ListItem | LocationFeatureSpecification | Neighborhood | OpeningHoursSpecification | PostalAddress | Question | ReserveAction | Restaurant | TouristAttraction | WebPage | WebSite
almoco-morro-da-urca.html,FAIL,96,Copydesk,100,,892,1,9,14,15,8,AdministrativeArea | AggregateRating | Answer | BreadcrumbList | City | FAQPage | GeoCoordinates | ListItem | LocationFeatureSpecification | Neighborhood | OpeningHoursSpecification | PostalAddress | Question | ReserveAction | Restaurant | TouristAttraction | WebPage | WebSite
almoco-morro-da-urca.html,FAIL,96,SEO,72,Sem meta description. | Sem canonical.,892,1,9,14,15,8,AdministrativeArea | AggregateRating | Answer | BreadcrumbList | City | FAQPage | GeoCoordinates | ListItem | LocationFeatureSpecification | Neighborhood | OpeningHoursSpecification | PostalAddress | Question | ReserveAction | Restaurant | TouristAttraction | WebPage | WebSite
almoco-morro-da-urca.html,FAIL,96,GEO,100,,892,1,9,14,15,8,AdministrativeArea | AggregateRating | Answer | BreadcrumbList | City | FAQPage | GeoCoordinates | ListItem | LocationFeatureSpecification | Neighborhood | OpeningHoursSpecification | PostalAddress | Question | ReserveAction | Restaurant | TouristAttraction | WebPage | WebSite
almoco-morro-da-urca.html,FAIL,96,AEO,100,,892,1,9,14,15,8,AdministrativeArea | AggregateRating | Answer | BreadcrumbList | City | FAQPage | GeoCoordinates | ListItem | LocationFeatureSpecification | Neighborhood | OpeningHoursSpecification | PostalAddress | Question | ReserveAction | Restaurant | TouristAttraction | WebPage | WebSite
almoco-morro-da-urca.html,FAIL,96,AIO,95,Sem VideoObject em página de experiência/produto.,892,1,9,14,15,8,AdministrativeArea | AggregateRating | Answer | BreadcrumbList | City | FAQPage | GeoCoordinates | ListItem | LocationFeatureSpecification | Neighborhood | OpeningHoursSpecification | PostalAddress | Question | ReserveAction | Restaurant | TouristAttraction | WebPage | WebSite
almoco-morro-da-urca.html,FAIL,96,SXO,100,,892,1,9,14,15,8,AdministrativeArea | AggregateRating | Answer | BreadcrumbList | City | FAQPage | GeoCoordinates | ListItem | LocationFeatureSpecification | Neighborhood | OpeningHoursSpecification | PostalAddress | Question | ReserveAction | Restaurant | TouristAttraction | WebPage | WebSite
almoco-morro-da-urca.html,FAIL,96,Marketing,100,,892,1,9,14,15,8,AdministrativeArea | AggregateRating | Answer | BreadcrumbList | City | FAQPage | GeoCoordinates | ListItem | LocationFeatureSpecification | Neighborhood | OpeningHoursSpecification | PostalAddress | Question | ReserveAction | Restaurant | TouristAttraction | WebPage | WebSite
almoco-morro-da-urca.html,FAIL,96,R2D2,100,,892,1,9,14,15,8,AdministrativeArea | AggregateRating | Answer | BreadcrumbList | City | FAQPage | GeoCoordinates | ListItem | LocationFeatureSpecification | Neighborhood | OpeningHoursSpecification | PostalAddress | Question | ReserveAction | Restaurant | TouristAttraction | WebPage | WebSite
almoco-morro-da-urca.html,FAIL,96,Schema,100,,892,1,9,14,15,8,AdministrativeArea | AggregateRating | Answer | BreadcrumbList | City | FAQPage | GeoCoordinates | ListItem | LocationFeatureSpecification | Neighborhood | OpeningHoursSpecification | PostalAddress | Question | ReserveAction | Restaurant | TouristAttraction | WebPage | WebSite
almoco-morro-da-urca.html,FAIL,96,Performance,100,,892,1,9,14,15,8,AdministrativeArea | AggregateRating | Answer | BreadcrumbList | City | FAQPage | GeoCoordinates | ListItem | LocationFeatureSpecification | Neighborhood | OpeningHoursSpecification | PostalAddress | Question | ReserveAction | Restaurant | TouristAttraction | WebPage | WebSite
almoco.html,PASS,98,Design,84,Risco de texto creme em fundo claro. | Opacity baixa detectada; validar texto real. | Excesso de blocos style.,1813,1,15,35,44,28,AdministrativeArea | AggregateRating | Answer | BreadcrumbList | City | FAQPage | GeoCoordinates | ListItem | LocationFeatureSpecification | Menu | MenuItem | MenuSection | Neighborhood | Offer | OpeningHoursSpecification | PostalAddress | Question | ReserveAction | Restaurant | SpeakableSpecification | TouristAttraction | WebPage | WebSite
almoco.html,PASS,98,UX,100,,1813,1,15,35,44,28,AdministrativeArea | AggregateRating | Answer | BreadcrumbList | City | FAQPage | GeoCoordinates | ListItem | LocationFeatureSpecification | Menu | MenuItem | MenuSection | Neighborhood | Offer | OpeningHoursSpecification | PostalAddress | Question | ReserveAction | Restaurant | SpeakableSpecification | TouristAttraction | WebPage | WebSite
almoco.html,PASS,98,Copydesk,100,,1813,1,15,35,44,28,AdministrativeArea | AggregateRating | Answer | BreadcrumbList | City | FAQPage | GeoCoordinates | ListItem | LocationFeatureSpecification | Menu | MenuItem | MenuSection | Neighborhood | Offer | OpeningHoursSpecification | PostalAddress | Question | ReserveAction | Restaurant | SpeakableSpecification | TouristAttraction | WebPage | WebSite
almoco.html,PASS,98,SEO,100,,1813,1,15,35,44,28,AdministrativeArea | AggregateRating | Answer | BreadcrumbList | City | FAQPage | GeoCoordinates | ListItem | LocationFeatureSpecification | Menu | MenuItem | MenuSection | Neighborhood | Offer | OpeningHoursSpecification | PostalAddress | Question | ReserveAction | Restaurant | SpeakableSpecification | TouristAttraction | WebPage | WebSite
almoco.html,PASS,98,GEO,100,,1813,1,15,35,44,28,AdministrativeArea | AggregateRating | Answer | BreadcrumbList | City | FAQPage | GeoCoordinates | ListItem | LocationFeatureSpecification | Menu | MenuItem | MenuSection | Neighborhood | Offer | OpeningHoursSpecification | PostalAddress | Question | ReserveAction | Restaurant | SpeakableSpecification | TouristAttraction | WebPage | WebSite
almoco.html,PASS,98,AEO,100,,1813,1,15,35,44,28,AdministrativeArea | AggregateRating | Answer | BreadcrumbList | City | FAQPage | GeoCoordinates | ListItem | LocationFeatureSpecification | Menu | MenuItem | MenuSection | Neighborhood | Offer | OpeningHoursSpecification | PostalAddress | Question | ReserveAction | Restaurant | SpeakableSpecification | TouristAttraction | WebPage | WebSite
almoco.html,PASS,98,AIO,95,Sem VideoObject em página de experiência/produto.,1813,1,15,35,44,28,AdministrativeArea | AggregateRating | Answer | BreadcrumbList | City | FAQPage | GeoCoordinates | ListItem | LocationFeatureSpecification | Menu | MenuItem | MenuSection | Neighborhood | Offer | OpeningHoursSpecification | PostalAddress | Question | ReserveAction | Restaurant | SpeakableSpecification | TouristAttraction | WebPage | WebSite
almoco.html,PASS,98,SXO,100,,1813,1,15,35,44,28,AdministrativeArea | AggregateRating | Answer | BreadcrumbList | City | FAQPage | GeoCoordinates | ListItem | LocationFeatureSpecification | Menu | MenuItem | MenuSection | Neighborhood | Offer | OpeningHoursSpecification | PostalAddress | Question | ReserveAction | Restaurant | SpeakableSpecification | TouristAttraction | WebPage | WebSite
almoco.html,PASS,98,Marketing,100,,1813,1,15,35,44,28,AdministrativeArea | AggregateRating | Answer | BreadcrumbList | City | FAQPage | GeoCoordinates | ListItem | LocationFeatureSpecification | Menu | MenuItem | MenuSection | Neighborhood | Offer | OpeningHoursSpecification | PostalAddress | Question | ReserveAction | Restaurant | SpeakableSpecification | TouristAttraction | WebPage | WebSite
almoco.html,PASS,98,R2D2,100,,1813,1,15,35,44,28,AdministrativeArea | AggregateRating | Answer | BreadcrumbList | City | FAQPage | GeoCoordinates | ListItem | LocationFeatureSpecification | Menu | MenuItem | MenuSection | Neighborhood | Offer | OpeningHoursSpecification | PostalAddress | Question | ReserveAction | Restaurant | SpeakableSpecification | TouristAttraction | WebPage | WebSite
almoco.html,PASS,98,Schema,100,,1813,1,15,35,44,28,AdministrativeArea | AggregateRating | Answer | BreadcrumbList | City | FAQPage | GeoCoordinates | ListItem | LocationFeatureSpecification | Menu | MenuItem | MenuSection | Neighborhood | Offer | OpeningHoursSpecification | PostalAddress | Question | ReserveAction | Restaurant | SpeakableSpecification | TouristAttraction | WebPage | WebSite
almoco.html,PASS,98,Performance,92,Muitos blocos style.,1813,1,15,35,44,28,AdministrativeArea | AggregateRating | Answer | BreadcrumbList | City | FAQPage | GeoCoordinates | ListItem | LocationFeatureSpecification | Menu | MenuItem | MenuSection | Neighborhood | Offer | OpeningHoursSpecification | PostalAddress | Question | ReserveAction | Restaurant | SpeakableSpecification | TouristAttraction | WebPage | WebSite
cafe-da-manha-com-vista-rio-de-janeiro.html,FAIL,95,Design,84,Risco de texto creme em fundo claro. | Opacity baixa detectada; validar texto real. | Sem CSS global de estabilização/contraste.,709,1,5,14,20,8,AdministrativeArea | Answer | BreadcrumbList | City | FAQPage | GeoCoordinates | ListItem | Neighborhood | OpeningHoursSpecification | Organization | PostalAddress | Question | Restaurant | TouristAttraction | WebPage | WebSite
cafe-da-manha-com-vista-rio-de-janeiro.html,FAIL,95,UX,100,,709,1,5,14,20,8,AdministrativeArea | Answer | BreadcrumbList | City | FAQPage | GeoCoordinates | ListItem | Neighborhood | OpeningHoursSpecification | Organization | PostalAddress | Question | Restaurant | TouristAttraction | WebPage | WebSite
cafe-da-manha-com-vista-rio-de-janeiro.html,FAIL,95,Copydesk,100,,709,1,5,14,20,8,AdministrativeArea | Answer | BreadcrumbList | City | FAQPage | GeoCoordinates | ListItem | Neighborhood | OpeningHoursSpecification | Organization | PostalAddress | Question | Restaurant | TouristAttraction | WebPage | WebSite
cafe-da-manha-com-vista-rio-de-janeiro.html,FAIL,95,SEO,72,Sem meta description. | Sem canonical.,709,1,5,14,20,8,AdministrativeArea | Answer | BreadcrumbList | City | FAQPage | GeoCoordinates | ListItem | Neighborhood | OpeningHoursSpecification | Organization | PostalAddress | Question | Restaurant | TouristAttraction | WebPage | WebSite
cafe-da-manha-com-vista-rio-de-janeiro.html,FAIL,95,GEO,100,,709,1,5,14,20,8,AdministrativeArea | Answer | BreadcrumbList | City | FAQPage | GeoCoordinates | ListItem | Neighborhood | OpeningHoursSpecification | Organization | PostalAddress | Question | Restaurant | TouristAttraction | WebPage | WebSite
cafe-da-manha-com-vista-rio-de-janeiro.html,FAIL,95,AEO,100,,709,1,5,14,20,8,AdministrativeArea | Answer | BreadcrumbList | City | FAQPage | GeoCoordinates | ListItem | Neighborhood | OpeningHoursSpecification | Organization | PostalAddress | Question | Restaurant | TouristAttraction | WebPage | WebSite
cafe-da-manha-com-vista-rio-de-janeiro.html,FAIL,95,AIO,85,Sem cobertura literal das keywords prioritárias AIO. | Sem VideoObject em página de experiência/produto.,709,1,5,14,20,8,AdministrativeArea | Answer | BreadcrumbList | City | FAQPage | GeoCoordinates | ListItem | Neighborhood | OpeningHoursSpecification | Organization | PostalAddress | Question | Restaurant | TouristAttraction | WebPage | WebSite
cafe-da-manha-com-vista-rio-de-janeiro.html,FAIL,95,SXO,100,,709,1,5,14,20,8,AdministrativeArea | Answer | BreadcrumbList | City | FAQPage | GeoCoordinates | ListItem | Neighborhood | OpeningHoursSpecification | Organization | PostalAddress | Question | Restaurant | TouristAttraction | WebPage | WebSite
cafe-da-manha-com-vista-rio-de-janeiro.html,FAIL,95,Marketing,100,,709,1,5,14,20,8,AdministrativeArea | Answer | BreadcrumbList | City | FAQPage | GeoCoordinates | ListItem | Neighborhood | OpeningHoursSpecification | Organization | PostalAddress | Question | Restaurant | TouristAttraction | WebPage | WebSite
cafe-da-manha-com-vista-rio-de-janeiro.html,FAIL,95,R2D2,100,,709,1,5,14,20,8,AdministrativeArea | Answer | BreadcrumbList | City | FAQPage | GeoCoordinates | ListItem | Neighborhood | OpeningHoursSpecification | Organization | PostalAddress | Question | Restaurant | TouristAttraction | WebPage | WebSite
cafe-da-manha-com-vista-rio-de-janeiro.html,FAIL,95,Schema,100,,709,1,5,14,20,8,AdministrativeArea | Answer | BreadcrumbList | City | FAQPage | GeoCoordinates | ListItem | Neighborhood | OpeningHoursSpecification | Organization | PostalAddress | Question | Restaurant | TouristAttraction | WebPage | WebSite
cafe-da-manha-com-vista-rio-de-janeiro.html,FAIL,95,Performance,100,,709,1,5,14,20,8,AdministrativeArea | Answer | BreadcrumbList | City | FAQPage | GeoCoordinates | ListItem | Neighborhood | OpeningHoursSpecification | Organization | PostalAddress | Question | Restaurant | TouristAttraction | WebPage | WebSite
cafe-da-manha-pao-de-acucar.html,FAIL,95,Design,84,Risco de texto creme em fundo claro. | Opacity baixa detectada; validar texto real. | Sem CSS global de estabilização/contraste.,812,1,8,14,15,8,AdministrativeArea | AggregateRating | Answer | BreadcrumbList | City | FAQPage | GeoCoordinates | ListItem | LocationFeatureSpecification | Neighborhood | OpeningHoursSpecification | PostalAddress | Question | ReserveAction | Restaurant | TouristAttraction | WebPage | WebSite
cafe-da-manha-pao-de-acucar.html,FAIL,95,UX,100,,812,1,8,14,15,8,AdministrativeArea | AggregateRating | Answer | BreadcrumbList | City | FAQPage | GeoCoordinates | ListItem | LocationFeatureSpecification | Neighborhood | OpeningHoursSpecification | PostalAddress | Question | ReserveAction | Restaurant | TouristAttraction | WebPage | WebSite
cafe-da-manha-pao-de-acucar.html,FAIL,95,Copydesk,100,,812,1,8,14,15,8,AdministrativeArea | AggregateRating | Answer | BreadcrumbList | City | FAQPage | GeoCoordinates | ListItem | LocationFeatureSpecification | Neighborhood | OpeningHoursSpecification | PostalAddress | Question | ReserveAction | Restaurant | TouristAttraction | WebPage | WebSite
cafe-da-manha-pao-de-acucar.html,FAIL,95,SEO,72,Sem meta description. | Sem canonical.,812,1,8,14,15,8,AdministrativeArea | AggregateRating | Answer | BreadcrumbList | City | FAQPage | GeoCoordinates | ListItem | LocationFeatureSpecification | Neighborhood | OpeningHoursSpecification | PostalAddress | Question | ReserveAction | Restaurant | TouristAttraction | WebPage | WebSite
cafe-da-manha-pao-de-acucar.html,FAIL,95,GEO,100,,812,1,8,14,15,8,AdministrativeArea | AggregateRating | Answer | BreadcrumbList | City | FAQPage | GeoCoordinates | ListItem | LocationFeatureSpecification | Neighborhood | OpeningHoursSpecification | PostalAddress | Question | ReserveAction | Restaurant | TouristAttraction | WebPage | WebSite
cafe-da-manha-pao-de-acucar.html,FAIL,95,AEO,100,,812,1,8,14,15,8,AdministrativeArea | AggregateRating | Answer | BreadcrumbList | City | FAQPage | GeoCoordinates | ListItem | LocationFeatureSpecification | Neighborhood | OpeningHoursSpecification | PostalAddress | Question | ReserveAction | Restaurant | TouristAttraction | WebPage | WebSite
cafe-da-manha-pao-de-acucar.html,FAIL,95,AIO,85,Sem cobertura literal das keywords prioritárias AIO. | Sem VideoObject em página de experiência/produto.,812,1,8,14,15,8,AdministrativeArea | AggregateRating | Answer | BreadcrumbList | City | FAQPage | GeoCoordinates | ListItem | LocationFeatureSpecification | Neighborhood | OpeningHoursSpecification | PostalAddress | Question | ReserveAction | Restaurant | TouristAttraction | WebPage | WebSite
cafe-da-manha-pao-de-acucar.html,FAIL,95,SXO,100,,812,1,8,14,15,8,AdministrativeArea | AggregateRating | Answer | BreadcrumbList | City | FAQPage | GeoCoordinates | ListItem | LocationFeatureSpecification | Neighborhood | OpeningHoursSpecification | PostalAddress | Question | ReserveAction | Restaurant | TouristAttraction | WebPage | WebSite
cafe-da-manha-pao-de-acucar.html,FAIL,95,Marketing,100,,812,1,8,14,15,8,AdministrativeArea | AggregateRating | Answer | BreadcrumbList | City | FAQPage | GeoCoordinates | ListItem | LocationFeatureSpecification | Neighborhood | OpeningHoursSpecification | PostalAddress | Question | ReserveAction | Restaurant | TouristAttraction | WebPage | WebSite
cafe-da-manha-pao-de-acucar.html,FAIL,95,R2D2,100,,812,1,8,14,15,8,AdministrativeArea | AggregateRating | Answer | BreadcrumbList | City | FAQPage | GeoCoordinates | ListItem | LocationFeatureSpecification | Neighborhood | OpeningHoursSpecification | PostalAddress | Question | ReserveAction | Restaurant | TouristAttraction | WebPage | WebSite
cafe-da-manha-pao-de-acucar.html,FAIL,95,Schema,100,,812,1,8,14,15,8,AdministrativeArea | AggregateRating | Answer | BreadcrumbList | City | FAQPage | GeoCoordinates | ListItem | LocationFeatureSpecification | Neighborhood | OpeningHoursSpecification | PostalAddress | Question | ReserveAction | Restaurant | TouristAttraction | WebPage | WebSite
cafe-da-manha-pao-de-acucar.html,FAIL,95,Performance,100,,812,1,8,14,15,8,AdministrativeArea | AggregateRating | Answer | BreadcrumbList | City | FAQPage | GeoCoordinates | ListItem | LocationFeatureSpecification | Neighborhood | OpeningHoursSpecification | PostalAddress | Question | ReserveAction | Restaurant | TouristAttraction | WebPage | WebSite
cafe-da-manha.html,PASS,99,Design,90,Risco de texto creme em fundo claro. | Opacity baixa detectada; validar texto real.,2395,1,13,26,45,29,AdministrativeArea | AggregateRating | Answer | BreadcrumbList | City | FAQPage | FoodEvent | GeoCoordinates | ListItem | LocationFeatureSpecification | Neighborhood | OpeningHoursSpecification | Place | PostalAddress | Question | ReserveAction | Restaurant | Schedule | SpeakableSpecification | TouristAttraction | WebPage | WebSite
cafe-da-manha.html,PASS,99,UX,100,,2395,1,13,26,45,29,AdministrativeArea | AggregateRating | Answer | BreadcrumbList | City | FAQPage | FoodEvent | GeoCoordinates | ListItem | LocationFeatureSpecification | Neighborhood | OpeningHoursSpecification | Place | PostalAddress | Question | ReserveAction | Restaurant | Schedule | SpeakableSpecification | TouristAttraction | WebPage | WebSite
cafe-da-manha.html,PASS,99,Copydesk,100,,2395,1,13,26,45,29,AdministrativeArea | AggregateRating | Answer | BreadcrumbList | City | FAQPage | FoodEvent | GeoCoordinates | ListItem | LocationFeatureSpecification | Neighborhood | OpeningHoursSpecification | Place | PostalAddress | Question | ReserveAction | Restaurant | Schedule | SpeakableSpecification | TouristAttraction | WebPage | WebSite
cafe-da-manha.html,PASS,99,SEO,100,,2395,1,13,26,45,29,AdministrativeArea | AggregateRating | Answer | BreadcrumbList | City | FAQPage | FoodEvent | GeoCoordinates | ListItem | LocationFeatureSpecification | Neighborhood | OpeningHoursSpecification | Place | PostalAddress | Question | ReserveAction | Restaurant | Schedule | SpeakableSpecification | TouristAttraction | WebPage | WebSite
cafe-da-manha.html,PASS,99,GEO,100,,2395,1,13,26,45,29,AdministrativeArea | AggregateRating | Answer | BreadcrumbList | City | FAQPage | FoodEvent | GeoCoordinates | ListItem | LocationFeatureSpecification | Neighborhood | OpeningHoursSpecification | Place | PostalAddress | Question | ReserveAction | Restaurant | Schedule | SpeakableSpecification | TouristAttraction | WebPage | WebSite
cafe-da-manha.html,PASS,99,AEO,100,,2395,1,13,26,45,29,AdministrativeArea | AggregateRating | Answer | BreadcrumbList | City | FAQPage | FoodEvent | GeoCoordinates | ListItem | LocationFeatureSpecification | Neighborhood | OpeningHoursSpecification | Place | PostalAddress | Question | ReserveAction | Restaurant | Schedule | SpeakableSpecification | TouristAttraction | WebPage | WebSite
cafe-da-manha.html,PASS,99,AIO,95,Sem VideoObject em página de experiência/produto.,2395,1,13,26,45,29,AdministrativeArea | AggregateRating | Answer | BreadcrumbList | City | FAQPage | FoodEvent | GeoCoordinates | ListItem | LocationFeatureSpecification | Neighborhood | OpeningHoursSpecification | Place | PostalAddress | Question | ReserveAction | Restaurant | Schedule | SpeakableSpecification | TouristAttraction | WebPage | WebSite
cafe-da-manha.html,PASS,99,SXO,100,,2395,1,13,26,45,29,AdministrativeArea | AggregateRating | Answer | BreadcrumbList | City | FAQPage | FoodEvent | GeoCoordinates | ListItem | LocationFeatureSpecification | Neighborhood | OpeningHoursSpecification | Place | PostalAddress | Question | ReserveAction | Restaurant | Schedule | SpeakableSpecification | TouristAttraction | WebPage | WebSite
cafe-da-manha.html,PASS,99,Marketing,100,,2395,1,13,26,45,29,AdministrativeArea | AggregateRating | Answer | BreadcrumbList | City | FAQPage | FoodEvent | GeoCoordinates | ListItem | LocationFeatureSpecification | Neighborhood | OpeningHoursSpecification | Place | PostalAddress | Question | ReserveAction | Restaurant | Schedule | SpeakableSpecification | TouristAttraction | WebPage | WebSite
cafe-da-manha.html,PASS,99,R2D2,100,,2395,1,13,26,45,29,AdministrativeArea | AggregateRating | Answer | BreadcrumbList | City | FAQPage | FoodEvent | GeoCoordinates | ListItem | LocationFeatureSpecification | Neighborhood | OpeningHoursSpecification | Place | PostalAddress | Question | ReserveAction | Restaurant | Schedule | SpeakableSpecification | TouristAttraction | WebPage | WebSite
cafe-da-manha.html,PASS,99,Schema,100,,2395,1,13,26,45,29,AdministrativeArea | AggregateRating | Answer | BreadcrumbList | City | FAQPage | FoodEvent | GeoCoordinates | ListItem | LocationFeatureSpecification | Neighborhood | OpeningHoursSpecification | Place | PostalAddress | Question | ReserveAction | Restaurant | Schedule | SpeakableSpecification | TouristAttraction | WebPage | WebSite
cafe-da-manha.html,PASS,99,Performance,100,,2395,1,13,26,45,29,AdministrativeArea | AggregateRating | Answer | BreadcrumbList | City | FAQPage | FoodEvent | GeoCoordinates | ListItem | LocationFeatureSpecification | Neighborhood | OpeningHoursSpecification | Place | PostalAddress | Question | ReserveAction | Restaurant | Schedule | SpeakableSpecification | TouristAttraction | WebPage | WebSite
caipirinha-com-vista-rio.html,FAIL,95,Design,84,Risco de texto creme em fundo claro. | Opacity baixa detectada; validar texto real. | Sem CSS global de estabilização/contraste.,641,1,7,14,13,7,AdministrativeArea | AggregateRating | Answer | BarOrPub | BreadcrumbList | City | FAQPage | GeoCoordinates | ListItem | LocalBusiness | LocationFeatureSpecification | Neighborhood | OpeningHoursSpecification | PostalAddress | Question | ReserveAction | Restaurant | TouristAttraction | WebPage | WebSite
caipirinha-com-vista-rio.html,FAIL,95,UX,100,,641,1,7,14,13,7,AdministrativeArea | AggregateRating | Answer | BarOrPub | BreadcrumbList | City | FAQPage | GeoCoordinates | ListItem | LocalBusiness | LocationFeatureSpecification | Neighborhood | OpeningHoursSpecification | PostalAddress | Question | ReserveAction | Restaurant | TouristAttraction | WebPage | WebSite
caipirinha-com-vista-rio.html,FAIL,95,Copydesk,100,,641,1,7,14,13,7,AdministrativeArea | AggregateRating | Answer | BarOrPub | BreadcrumbList | City | FAQPage | GeoCoordinates | ListItem | LocalBusiness | LocationFeatureSpecification | Neighborhood | OpeningHoursSpecification | PostalAddress | Question | ReserveAction | Restaurant | TouristAttraction | WebPage | WebSite
caipirinha-com-vista-rio.html,FAIL,95,SEO,72,Sem meta description. | Sem canonical.,641,1,7,14,13,7,AdministrativeArea | AggregateRating | Answer | BarOrPub | BreadcrumbList | City | FAQPage | GeoCoordinates | ListItem | LocalBusiness | LocationFeatureSpecification | Neighborhood | OpeningHoursSpecification | PostalAddress | Question | ReserveAction | Restaurant | TouristAttraction | WebPage | WebSite
caipirinha-com-vista-rio.html,FAIL,95,GEO,100,,641,1,7,14,13,7,AdministrativeArea | AggregateRating | Answer | BarOrPub | BreadcrumbList | City | FAQPage | GeoCoordinates | ListItem | LocalBusiness | LocationFeatureSpecification | Neighborhood | OpeningHoursSpecification | PostalAddress | Question | ReserveAction | Restaurant | TouristAttraction | WebPage | WebSite
caipirinha-com-vista-rio.html,FAIL,95,AEO,100,,641,1,7,14,13,7,AdministrativeArea | AggregateRating | Answer | BarOrPub | BreadcrumbList | City | FAQPage | GeoCoordinates | ListItem | LocalBusiness | LocationFeatureSpecification | Neighborhood | OpeningHoursSpecification | PostalAddress | Question | ReserveAction | Restaurant | TouristAttraction | WebPage | WebSite
caipirinha-com-vista-rio.html,FAIL,95,AIO,85,Sem cobertura literal das keywords prioritárias AIO. | Sem VideoObject em página de experiência/produto.,641,1,7,14,13,7,AdministrativeArea | AggregateRating | Answer | BarOrPub | BreadcrumbList | City | FAQPage | GeoCoordinates | ListItem | LocalBusiness | LocationFeatureSpecification | Neighborhood | OpeningHoursSpecification | PostalAddress | Question | ReserveAction | Restaurant | TouristAttraction | WebPage | WebSite
caipirinha-com-vista-rio.html,FAIL,95,SXO,100,,641,1,7,14,13,7,AdministrativeArea | AggregateRating | Answer | BarOrPub | BreadcrumbList | City | FAQPage | GeoCoordinates | ListItem | LocalBusiness | LocationFeatureSpecification | Neighborhood | OpeningHoursSpecification | PostalAddress | Question | ReserveAction | Restaurant | TouristAttraction | WebPage | WebSite
caipirinha-com-vista-rio.html,FAIL,95,Marketing,100,,641,1,7,14,13,7,AdministrativeArea | AggregateRating | Answer | BarOrPub | BreadcrumbList | City | FAQPage | GeoCoordinates | ListItem | LocalBusiness | LocationFeatureSpecification | Neighborhood | OpeningHoursSpecification | PostalAddress | Question | ReserveAction | Restaurant | TouristAttraction | WebPage | WebSite
caipirinha-com-vista-rio.html,FAIL,95,R2D2,100,,641,1,7,14,13,7,AdministrativeArea | AggregateRating | Answer | BarOrPub | BreadcrumbList | City | FAQPage | GeoCoordinates | ListItem | LocalBusiness | LocationFeatureSpecification | Neighborhood | OpeningHoursSpecification | PostalAddress | Question | ReserveAction | Restaurant | TouristAttraction | WebPage | WebSite
caipirinha-com-vista-rio.html,FAIL,95,Schema,100,,641,1,7,14,13,7,AdministrativeArea | AggregateRating | Answer | BarOrPub | BreadcrumbList | City | FAQPage | GeoCoordinates | ListItem | LocalBusiness | LocationFeatureSpecification | Neighborhood | OpeningHoursSpecification | PostalAddress | Question | ReserveAction | Restaurant | TouristAttraction | WebPage | WebSite
caipirinha-com-vista-rio.html,FAIL,95,Performance,100,,641,1,7,14,13,7,AdministrativeArea | AggregateRating | Answer | BarOrPub | BreadcrumbList | City | FAQPage | GeoCoordinates | ListItem | LocalBusiness | LocationFeatureSpecification | Neighborhood | OpeningHoursSpecification | PostalAddress | Question | ReserveAction | Restaurant | TouristAttraction | WebPage | WebSite
cardapio.html,PASS,98,Design,84,Risco de texto creme em fundo claro. | Opacity baixa detectada; validar texto real. | Excesso de blocos style.,1460,1,14,34,44,26,AdministrativeArea | AggregateRating | Answer | BreadcrumbList | City | FAQPage | GeoCoordinates | ListItem | LocationFeatureSpecification | Menu | MenuItem | MenuSection | Neighborhood | Offer | OpeningHoursSpecification | PostalAddress | Question | ReserveAction | Restaurant | SpeakableSpecification | TouristAttraction | WebPage | WebSite
cardapio.html,PASS,98,UX,100,,1460,1,14,34,44,26,AdministrativeArea | AggregateRating | Answer | BreadcrumbList | City | FAQPage | GeoCoordinates | ListItem | LocationFeatureSpecification | Menu | MenuItem | MenuSection | Neighborhood | Offer | OpeningHoursSpecification | PostalAddress | Question | ReserveAction | Restaurant | SpeakableSpecification | TouristAttraction | WebPage | WebSite
cardapio.html,PASS,98,Copydesk,100,,1460,1,14,34,44,26,AdministrativeArea | AggregateRating | Answer | BreadcrumbList | City | FAQPage | GeoCoordinates | ListItem | LocationFeatureSpecification | Menu | MenuItem | MenuSection | Neighborhood | Offer | OpeningHoursSpecification | PostalAddress | Question | ReserveAction | Restaurant | SpeakableSpecification | TouristAttraction | WebPage | WebSite
cardapio.html,PASS,98,SEO,100,,1460,1,14,34,44,26,AdministrativeArea | AggregateRating | Answer | BreadcrumbList | City | FAQPage | GeoCoordinates | ListItem | LocationFeatureSpecification | Menu | MenuItem | MenuSection | Neighborhood | Offer | OpeningHoursSpecification | PostalAddress | Question | ReserveAction | Restaurant | SpeakableSpecification | TouristAttraction | WebPage | WebSite
cardapio.html,PASS,98,GEO,100,,1460,1,14,34,44,26,AdministrativeArea | AggregateRating | Answer | BreadcrumbList | City | FAQPage | GeoCoordinates | ListItem | LocationFeatureSpecification | Menu | MenuItem | MenuSection | Neighborhood | Offer | OpeningHoursSpecification | PostalAddress | Question | ReserveAction | Restaurant | SpeakableSpecification | TouristAttraction | WebPage | WebSite
cardapio.html,PASS,98,AEO,100,,1460,1,14,34,44,26,AdministrativeArea | AggregateRating | Answer | BreadcrumbList | City | FAQPage | GeoCoordinates | ListItem | LocationFeatureSpecification | Menu | MenuItem | MenuSection | Neighborhood | Offer | OpeningHoursSpecification | PostalAddress | Question | ReserveAction | Restaurant | SpeakableSpecification | TouristAttraction | WebPage | WebSite
cardapio.html,PASS,98,AIO,95,Sem VideoObject em página de experiência/produto.,1460,1,14,34,44,26,AdministrativeArea | AggregateRating | Answer | BreadcrumbList | City | FAQPage | GeoCoordinates | ListItem | LocationFeatureSpecification | Menu | MenuItem | MenuSection | Neighborhood | Offer | OpeningHoursSpecification | PostalAddress | Question | ReserveAction | Restaurant | SpeakableSpecification | TouristAttraction | WebPage | WebSite
cardapio.html,PASS,98,SXO,100,,1460,1,14,34,44,26,AdministrativeArea | AggregateRating | Answer | BreadcrumbList | City | FAQPage | GeoCoordinates | ListItem | LocationFeatureSpecification | Menu | MenuItem | MenuSection | Neighborhood | Offer | OpeningHoursSpecification | PostalAddress | Question | ReserveAction | Restaurant | SpeakableSpecification | TouristAttraction | WebPage | WebSite
cardapio.html,PASS,98,Marketing,100,,1460,1,14,34,44,26,AdministrativeArea | AggregateRating | Answer | BreadcrumbList | City | FAQPage | GeoCoordinates | ListItem | LocationFeatureSpecification | Menu | MenuItem | MenuSection | Neighborhood | Offer | OpeningHoursSpecification | PostalAddress | Question | ReserveAction | Restaurant | SpeakableSpecification | TouristAttraction | WebPage | WebSite
cardapio.html,PASS,98,R2D2,100,,1460,1,14,34,44,26,AdministrativeArea | AggregateRating | Answer | BreadcrumbList | City | FAQPage | GeoCoordinates | ListItem | LocationFeatureSpecification | Menu | MenuItem | MenuSection | Neighborhood | Offer | OpeningHoursSpecification | PostalAddress | Question | ReserveAction | Restaurant | SpeakableSpecification | TouristAttraction | WebPage | WebSite
cardapio.html,PASS,98,Schema,100,,1460,1,14,34,44,26,AdministrativeArea | AggregateRating | Answer | BreadcrumbList | City | FAQPage | GeoCoordinates | ListItem | LocationFeatureSpecification | Menu | MenuItem | MenuSection | Neighborhood | Offer | OpeningHoursSpecification | PostalAddress | Question | ReserveAction | Restaurant | SpeakableSpecification | TouristAttraction | WebPage | WebSite
cardapio.html,PASS,98,Performance,92,Muitos blocos style.,1460,1,14,34,44,26,AdministrativeArea | AggregateRating | Answer | BreadcrumbList | City | FAQPage | GeoCoordinates | ListItem | LocationFeatureSpecification | Menu | MenuItem | MenuSection | Neighborhood | Offer | OpeningHoursSpecification | PostalAddress | Question | ReserveAction | Restaurant | SpeakableSpecification | TouristAttraction | WebPage | WebSite
como-chegar.html,PASS,98,Design,82,Risco de texto creme em fundo claro. | Risco de texto azul em fundo azul. | Opacity baixa detectada; validar texto real.,1122,1,8,22,11,7,AdministrativeArea | Answer | City | FAQPage | GeoCoordinates | Neighborhood | OpeningHoursSpecification | PostalAddress | Question | Restaurant | TouristAttraction | WebPage
como-chegar.html,PASS,98,UX,100,,1122,1,8,22,11,7,AdministrativeArea | Answer | City | FAQPage | GeoCoordinates | Neighborhood | OpeningHoursSpecification | PostalAddress | Question | Restaurant | TouristAttraction | WebPage
como-chegar.html,PASS,98,Copydesk,100,,1122,1,8,22,11,7,AdministrativeArea | Answer | City | FAQPage | GeoCoordinates | Neighborhood | OpeningHoursSpecification | PostalAddress | Question | Restaurant | TouristAttraction | WebPage
como-chegar.html,PASS,98,SEO,100,,1122,1,8,22,11,7,AdministrativeArea | Answer | City | FAQPage | GeoCoordinates | Neighborhood | OpeningHoursSpecification | PostalAddress | Question | Restaurant | TouristAttraction | WebPage
como-chegar.html,PASS,98,GEO,100,,1122,1,8,22,11,7,AdministrativeArea | Answer | City | FAQPage | GeoCoordinates | Neighborhood | OpeningHoursSpecification | PostalAddress | Question | Restaurant | TouristAttraction | WebPage
como-chegar.html,PASS,98,AEO,100,,1122,1,8,22,11,7,AdministrativeArea | Answer | City | FAQPage | GeoCoordinates | Neighborhood | OpeningHoursSpecification | PostalAddress | Question | Restaurant | TouristAttraction | WebPage
como-chegar.html,PASS,98,AIO,95,Sem VideoObject em página de experiência/produto.,1122,1,8,22,11,7,AdministrativeArea | Answer | City | FAQPage | GeoCoordinates | Neighborhood | OpeningHoursSpecification | PostalAddress | Question | Restaurant | TouristAttraction | WebPage
como-chegar.html,PASS,98,SXO,100,,1122,1,8,22,11,7,AdministrativeArea | Answer | City | FAQPage | GeoCoordinates | Neighborhood | OpeningHoursSpecification | PostalAddress | Question | Restaurant | TouristAttraction | WebPage
como-chegar.html,PASS,98,Marketing,100,,1122,1,8,22,11,7,AdministrativeArea | Answer | City | FAQPage | GeoCoordinates | Neighborhood | OpeningHoursSpecification | PostalAddress | Question | Restaurant | TouristAttraction | WebPage
como-chegar.html,PASS,98,R2D2,100,,1122,1,8,22,11,7,AdministrativeArea | Answer | City | FAQPage | GeoCoordinates | Neighborhood | OpeningHoursSpecification | PostalAddress | Question | Restaurant | TouristAttraction | WebPage
como-chegar.html,PASS,98,Schema,100,,1122,1,8,22,11,7,AdministrativeArea | Answer | City | FAQPage | GeoCoordinates | Neighborhood | OpeningHoursSpecification | PostalAddress | Question | Restaurant | TouristAttraction | WebPage
como-chegar.html,PASS,98,Performance,100,,1122,1,8,22,11,7,AdministrativeArea | Answer | City | FAQPage | GeoCoordinates | Neighborhood | OpeningHoursSpecification | PostalAddress | Question | Restaurant | TouristAttraction | WebPage
contato.html,FAIL,96,Design,84,Risco de texto creme em fundo claro. | Opacity baixa detectada; validar texto real. | Sem CSS global de estabilização/contraste.,574,1,3,14,12,4,AdministrativeArea | AggregateRating | Answer | BreadcrumbList | City | FAQPage | GeoCoordinates | ListItem | LocalBusiness | LocationFeatureSpecification | Neighborhood | OpeningHoursSpecification | PostalAddress | Question | ReserveAction | Restaurant | TouristAttraction | WebPage | WebSite
contato.html,FAIL,96,UX,100,,574,1,3,14,12,4,AdministrativeArea | AggregateRating | Answer | BreadcrumbList | City | FAQPage | GeoCoordinates | ListItem | LocalBusiness | LocationFeatureSpecification | Neighborhood | OpeningHoursSpecification | PostalAddress | Question | ReserveAction | Restaurant | TouristAttraction | WebPage | WebSite
contato.html,FAIL,96,Copydesk,100,,574,1,3,14,12,4,AdministrativeArea | AggregateRating | Answer | BreadcrumbList | City | FAQPage | GeoCoordinates | ListItem | LocalBusiness | LocationFeatureSpecification | Neighborhood | OpeningHoursSpecification | PostalAddress | Question | ReserveAction | Restaurant | TouristAttraction | WebPage | WebSite
contato.html,FAIL,96,SEO,72,Sem meta description. | Sem canonical.,574,1,3,14,12,4,AdministrativeArea | AggregateRating | Answer | BreadcrumbList | City | FAQPage | GeoCoordinates | ListItem | LocalBusiness | LocationFeatureSpecification | Neighborhood | OpeningHoursSpecification | PostalAddress | Question | ReserveAction | Restaurant | TouristAttraction | WebPage | WebSite
contato.html,FAIL,96,GEO,100,,574,1,3,14,12,4,AdministrativeArea | AggregateRating | Answer | BreadcrumbList | City | FAQPage | GeoCoordinates | ListItem | LocalBusiness | LocationFeatureSpecification | Neighborhood | OpeningHoursSpecification | PostalAddress | Question | ReserveAction | Restaurant | TouristAttraction | WebPage | WebSite
contato.html,FAIL,96,AEO,100,,574,1,3,14,12,4,AdministrativeArea | AggregateRating | Answer | BreadcrumbList | City | FAQPage | GeoCoordinates | ListItem | LocalBusiness | LocationFeatureSpecification | Neighborhood | OpeningHoursSpecification | PostalAddress | Question | ReserveAction | Restaurant | TouristAttraction | WebPage | WebSite
contato.html,FAIL,96,AIO,95,Sem VideoObject em página de experiência/produto.,574,1,3,14,12,4,AdministrativeArea | AggregateRating | Answer | BreadcrumbList | City | FAQPage | GeoCoordinates | ListItem | LocalBusiness | LocationFeatureSpecification | Neighborhood | OpeningHoursSpecification | PostalAddress | Question | ReserveAction | Restaurant | TouristAttraction | WebPage | WebSite
contato.html,FAIL,96,SXO,100,,574,1,3,14,12,4,AdministrativeArea | AggregateRating | Answer | BreadcrumbList | City | FAQPage | GeoCoordinates | ListItem | LocalBusiness | LocationFeatureSpecification | Neighborhood | OpeningHoursSpecification | PostalAddress | Question | ReserveAction | Restaurant | TouristAttraction | WebPage | WebSite
contato.html,FAIL,96,Marketing,100,,574,1,3,14,12,4,AdministrativeArea | AggregateRating | Answer | BreadcrumbList | City | FAQPage | GeoCoordinates | ListItem | LocalBusiness | LocationFeatureSpecification | Neighborhood | OpeningHoursSpecification | PostalAddress | Question | ReserveAction | Restaurant | TouristAttraction | WebPage | WebSite
contato.html,FAIL,96,R2D2,100,,574,1,3,14,12,4,AdministrativeArea | AggregateRating | Answer | BreadcrumbList | City | FAQPage | GeoCoordinates | ListItem | LocalBusiness | LocationFeatureSpecification | Neighborhood | OpeningHoursSpecification | PostalAddress | Question | ReserveAction | Restaurant | TouristAttraction | WebPage | WebSite
contato.html,FAIL,96,Schema,100,,574,1,3,14,12,4,AdministrativeArea | AggregateRating | Answer | BreadcrumbList | City | FAQPage | GeoCoordinates | ListItem | LocalBusiness | LocationFeatureSpecification | Neighborhood | OpeningHoursSpecification | PostalAddress | Question | ReserveAction | Restaurant | TouristAttraction | WebPage | WebSite
contato.html,FAIL,96,Performance,100,,574,1,3,14,12,4,AdministrativeArea | AggregateRating | Answer | BreadcrumbList | City | FAQPage | GeoCoordinates | ListItem | LocalBusiness | LocationFeatureSpecification | Neighborhood | OpeningHoursSpecification | PostalAddress | Question | ReserveAction | Restaurant | TouristAttraction | WebPage | WebSite
en/almoco-morro-da-urca.html,FAIL,94,Design,84,Risco de texto creme em fundo claro. | Opacity baixa detectada; validar texto real. | Sem CSS global de estabilização/contraste.,743,1,7,14,16,7,AdministrativeArea | AggregateRating | Answer | BreadcrumbList | City | FAQPage | GeoCoordinates | ListItem | LocationFeatureSpecification | Neighborhood | OpeningHoursSpecification | PostalAddress | Question | ReserveAction | Restaurant | TouristAttraction | WebPage | WebSite
en/almoco-morro-da-urca.html,FAIL,94,UX,100,,743,1,7,14,16,7,AdministrativeArea | AggregateRating | Answer | BreadcrumbList | City | FAQPage | GeoCoordinates | ListItem | LocationFeatureSpecification | Neighborhood | OpeningHoursSpecification | PostalAddress | Question | ReserveAction | Restaurant | TouristAttraction | WebPage | WebSite
en/almoco-morro-da-urca.html,FAIL,94,Copydesk,100,,743,1,7,14,16,7,AdministrativeArea | AggregateRating | Answer | BreadcrumbList | City | FAQPage | GeoCoordinates | ListItem | LocationFeatureSpecification | Neighborhood | OpeningHoursSpecification | PostalAddress | Question | ReserveAction | Restaurant | TouristAttraction | WebPage | WebSite
en/almoco-morro-da-urca.html,FAIL,94,SEO,72,Sem meta description. | Sem canonical.,743,1,7,14,16,7,AdministrativeArea | AggregateRating | Answer | BreadcrumbList | City | FAQPage | GeoCoordinates | ListItem | LocationFeatureSpecification | Neighborhood | OpeningHoursSpecification | PostalAddress | Question | ReserveAction | Restaurant | TouristAttraction | WebPage | WebSite
en/almoco-morro-da-urca.html,FAIL,94,GEO,100,,743,1,7,14,16,7,AdministrativeArea | AggregateRating | Answer | BreadcrumbList | City | FAQPage | GeoCoordinates | ListItem | LocationFeatureSpecification | Neighborhood | OpeningHoursSpecification | PostalAddress | Question | ReserveAction | Restaurant | TouristAttraction | WebPage | WebSite
en/almoco-morro-da-urca.html,FAIL,94,AEO,100,,743,1,7,14,16,7,AdministrativeArea | AggregateRating | Answer | BreadcrumbList | City | FAQPage | GeoCoordinates | ListItem | LocationFeatureSpecification | Neighborhood | OpeningHoursSpecification | PostalAddress | Question | ReserveAction | Restaurant | TouristAttraction | WebPage | WebSite
en/almoco-morro-da-urca.html,FAIL,94,AIO,85,Sem cobertura literal das keywords prioritárias AIO. | Sem VideoObject em página de experiência/produto.,743,1,7,14,16,7,AdministrativeArea | AggregateRating | Answer | BreadcrumbList | City | FAQPage | GeoCoordinates | ListItem | LocationFeatureSpecification | Neighborhood | OpeningHoursSpecification | PostalAddress | Question | ReserveAction | Restaurant | TouristAttraction | WebPage | WebSite
en/almoco-morro-da-urca.html,FAIL,94,SXO,100,,743,1,7,14,16,7,AdministrativeArea | AggregateRating | Answer | BreadcrumbList | City | FAQPage | GeoCoordinates | ListItem | LocationFeatureSpecification | Neighborhood | OpeningHoursSpecification | PostalAddress | Question | ReserveAction | Restaurant | TouristAttraction | WebPage | WebSite
en/almoco-morro-da-urca.html,FAIL,94,Marketing,100,,743,1,7,14,16,7,AdministrativeArea | AggregateRating | Answer | BreadcrumbList | City | FAQPage | GeoCoordinates | ListItem | LocationFeatureSpecification | Neighborhood | OpeningHoursSpecification | PostalAddress | Question | ReserveAction | Restaurant | TouristAttraction | WebPage | WebSite
en/almoco-morro-da-urca.html,FAIL,94,R2D2,93,R2D2 fraco em Decisão.,743,1,7,14,16,7,AdministrativeArea | AggregateRating | Answer | BreadcrumbList | City | FAQPage | GeoCoordinates | ListItem | LocationFeatureSpecification | Neighborhood | OpeningHoursSpecification | PostalAddress | Question | ReserveAction | Restaurant | TouristAttraction | WebPage | WebSite
en/almoco-morro-da-urca.html,FAIL,94,Schema,100,,743,1,7,14,16,7,AdministrativeArea | AggregateRating | Answer | BreadcrumbList | City | FAQPage | GeoCoordinates | ListItem | LocationFeatureSpecification | Neighborhood | OpeningHoursSpecification | PostalAddress | Question | ReserveAction | Restaurant | TouristAttraction | WebPage | WebSite
en/almoco-morro-da-urca.html,FAIL,94,Performance,100,,743,1,7,14,16,7,AdministrativeArea | AggregateRating | Answer | BreadcrumbList | City | FAQPage | GeoCoordinates | ListItem | LocationFeatureSpecification | Neighborhood | OpeningHoursSpecification | PostalAddress | Question | ReserveAction | Restaurant | TouristAttraction | WebPage | WebSite
en/almoco.html,PASS,97,Design,84,Risco de texto creme em fundo claro. | Opacity baixa detectada; validar texto real. | Sem CSS global de estabilização/contraste.,1560,1,11,17,31,20,AdministrativeArea | AggregateRating | Answer | BreadcrumbList | City | FAQPage | GeoCoordinates | ListItem | LocationFeatureSpecification | Menu | MenuItem | MenuSection | Neighborhood | Offer | OpeningHoursSpecification | PostalAddress | Question | ReserveAction | Restaurant | SpeakableSpecification | TouristAttraction | WebPage | WebSite
en/almoco.html,PASS,97,UX,100,,1560,1,11,17,31,20,AdministrativeArea | AggregateRating | Answer | BreadcrumbList | City | FAQPage | GeoCoordinates | ListItem | LocationFeatureSpecification | Menu | MenuItem | MenuSection | Neighborhood | Offer | OpeningHoursSpecification | PostalAddress | Question | ReserveAction | Restaurant | SpeakableSpecification | TouristAttraction | WebPage | WebSite
en/almoco.html,PASS,97,Copydesk,100,,1560,1,11,17,31,20,AdministrativeArea | AggregateRating | Answer | BreadcrumbList | City | FAQPage | GeoCoordinates | ListItem | LocationFeatureSpecification | Menu | MenuItem | MenuSection | Neighborhood | Offer | OpeningHoursSpecification | PostalAddress | Question | ReserveAction | Restaurant | SpeakableSpecification | TouristAttraction | WebPage | WebSite
en/almoco.html,PASS,97,SEO,100,,1560,1,11,17,31,20,AdministrativeArea | AggregateRating | Answer | BreadcrumbList | City | FAQPage | GeoCoordinates | ListItem | LocationFeatureSpecification | Menu | MenuItem | MenuSection | Neighborhood | Offer | OpeningHoursSpecification | PostalAddress | Question | ReserveAction | Restaurant | SpeakableSpecification | TouristAttraction | WebPage | WebSite
en/almoco.html,PASS,97,GEO,100,,1560,1,11,17,31,20,AdministrativeArea | AggregateRating | Answer | BreadcrumbList | City | FAQPage | GeoCoordinates | ListItem | LocationFeatureSpecification | Menu | MenuItem | MenuSection | Neighborhood | Offer | OpeningHoursSpecification | PostalAddress | Question | ReserveAction | Restaurant | SpeakableSpecification | TouristAttraction | WebPage | WebSite
en/almoco.html,PASS,97,AEO,100,,1560,1,11,17,31,20,AdministrativeArea | AggregateRating | Answer | BreadcrumbList | City | FAQPage | GeoCoordinates | ListItem | LocationFeatureSpecification | Menu | MenuItem | MenuSection | Neighborhood | Offer | OpeningHoursSpecification | PostalAddress | Question | ReserveAction | Restaurant | SpeakableSpecification | TouristAttraction | WebPage | WebSite
en/almoco.html,PASS,97,AIO,85,Sem cobertura literal das keywords prioritárias AIO. | Sem VideoObject em página de experiência/produto.,1560,1,11,17,31,20,AdministrativeArea | AggregateRating | Answer | BreadcrumbList | City | FAQPage | GeoCoordinates | ListItem | LocationFeatureSpecification | Menu | MenuItem | MenuSection | Neighborhood | Offer | OpeningHoursSpecification | PostalAddress | Question | ReserveAction | Restaurant | SpeakableSpecification | TouristAttraction | WebPage | WebSite
en/almoco.html,PASS,97,SXO,100,,1560,1,11,17,31,20,AdministrativeArea | AggregateRating | Answer | BreadcrumbList | City | FAQPage | GeoCoordinates | ListItem | LocationFeatureSpecification | Menu | MenuItem | MenuSection | Neighborhood | Offer | OpeningHoursSpecification | PostalAddress | Question | ReserveAction | Restaurant | SpeakableSpecification | TouristAttraction | WebPage | WebSite
en/almoco.html,PASS,97,Marketing,100,,1560,1,11,17,31,20,AdministrativeArea | AggregateRating | Answer | BreadcrumbList | City | FAQPage | GeoCoordinates | ListItem | LocationFeatureSpecification | Menu | MenuItem | MenuSection | Neighborhood | Offer | OpeningHoursSpecification | PostalAddress | Question | ReserveAction | Restaurant | SpeakableSpecification | TouristAttraction | WebPage | WebSite
en/almoco.html,PASS,97,R2D2,100,,1560,1,11,17,31,20,AdministrativeArea | AggregateRating | Answer | BreadcrumbList | City | FAQPage | GeoCoordinates | ListItem | LocationFeatureSpecification | Menu | MenuItem | MenuSection | Neighborhood | Offer | OpeningHoursSpecification | PostalAddress | Question | ReserveAction | Restaurant | SpeakableSpecification | TouristAttraction | WebPage | WebSite
en/almoco.html,PASS,97,Schema,100,,1560,1,11,17,31,20,AdministrativeArea | AggregateRating | Answer | BreadcrumbList | City | FAQPage | GeoCoordinates | ListItem | LocationFeatureSpecification | Menu | MenuItem | MenuSection | Neighborhood | Offer | OpeningHoursSpecification | PostalAddress | Question | ReserveAction | Restaurant | SpeakableSpecification | TouristAttraction | WebPage | WebSite
en/almoco.html,PASS,97,Performance,100,,1560,1,11,17,31,20,AdministrativeArea | AggregateRating | Answer | BreadcrumbList | City | FAQPage | GeoCoordinates | ListItem | LocationFeatureSpecification | Menu | MenuItem | MenuSection | Neighborhood | Offer | OpeningHoursSpecification | PostalAddress | Question | ReserveAction | Restaurant | SpeakableSpecification | TouristAttraction | WebPage | WebSite
en/breakfast-with-a-view-rio-de-janeiro.html,FAIL,94,Design,84,Risco de texto creme em fundo claro. | Opacity baixa detectada; validar texto real. | Sem CSS global de estabilização/contraste.,734,1,5,14,20,6,AdministrativeArea | Answer | City | FAQPage | GeoCoordinates | Neighborhood | OpeningHoursSpecification | PostalAddress | Question | Restaurant | TouristAttraction | WebPage
en/breakfast-with-a-view-rio-de-janeiro.html,FAIL,94,UX,100,,734,1,5,14,20,6,AdministrativeArea | Answer | City | FAQPage | GeoCoordinates | Neighborhood | OpeningHoursSpecification | PostalAddress | Question | Restaurant | TouristAttraction | WebPage
en/breakfast-with-a-view-rio-de-janeiro.html,FAIL,94,Copydesk,100,,734,1,5,14,20,6,AdministrativeArea | Answer | City | FAQPage | GeoCoordinates | Neighborhood | OpeningHoursSpecification | PostalAddress | Question | Restaurant | TouristAttraction | WebPage
en/breakfast-with-a-view-rio-de-janeiro.html,FAIL,94,SEO,72,Sem meta description. | Sem canonical.,734,1,5,14,20,6,AdministrativeArea | Answer | City | FAQPage | GeoCoordinates | Neighborhood | OpeningHoursSpecification | PostalAddress | Question | Restaurant | TouristAttraction | WebPage
en/breakfast-with-a-view-rio-de-janeiro.html,FAIL,94,GEO,100,,734,1,5,14,20,6,AdministrativeArea | Answer | City | FAQPage | GeoCoordinates | Neighborhood | OpeningHoursSpecification | PostalAddress | Question | Restaurant | TouristAttraction | WebPage
en/breakfast-with-a-view-rio-de-janeiro.html,FAIL,94,AEO,100,,734,1,5,14,20,6,AdministrativeArea | Answer | City | FAQPage | GeoCoordinates | Neighborhood | OpeningHoursSpecification | PostalAddress | Question | Restaurant | TouristAttraction | WebPage
en/breakfast-with-a-view-rio-de-janeiro.html,FAIL,94,AIO,85,Sem cobertura literal das keywords prioritárias AIO. | Sem VideoObject em página de experiência/produto.,734,1,5,14,20,6,AdministrativeArea | Answer | City | FAQPage | GeoCoordinates | Neighborhood | OpeningHoursSpecification | PostalAddress | Question | Restaurant | TouristAttraction | WebPage
en/breakfast-with-a-view-rio-de-janeiro.html,FAIL,94,SXO,100,,734,1,5,14,20,6,AdministrativeArea | Answer | City | FAQPage | GeoCoordinates | Neighborhood | OpeningHoursSpecification | PostalAddress | Question | Restaurant | TouristAttraction | WebPage
en/breakfast-with-a-view-rio-de-janeiro.html,FAIL,94,Marketing,100,,734,1,5,14,20,6,AdministrativeArea | Answer | City | FAQPage | GeoCoordinates | Neighborhood | OpeningHoursSpecification | PostalAddress | Question | Restaurant | TouristAttraction | WebPage
en/breakfast-with-a-view-rio-de-janeiro.html,FAIL,94,R2D2,93,R2D2 fraco em Decisão.,734,1,5,14,20,6,AdministrativeArea | Answer | City | FAQPage | GeoCoordinates | Neighborhood | OpeningHoursSpecification | PostalAddress | Question | Restaurant | TouristAttraction | WebPage
en/breakfast-with-a-view-rio-de-janeiro.html,FAIL,94,Schema,100,,734,1,5,14,20,6,AdministrativeArea | Answer | City | FAQPage | GeoCoordinates | Neighborhood | OpeningHoursSpecification | PostalAddress | Question | Restaurant | TouristAttraction | WebPage
en/breakfast-with-a-view-rio-de-janeiro.html,FAIL,94,Performance,100,,734,1,5,14,20,6,AdministrativeArea | Answer | City | FAQPage | GeoCoordinates | Neighborhood | OpeningHoursSpecification | PostalAddress | Question | Restaurant | TouristAttraction | WebPage
en/cafe-da-manha-pao-de-acucar.html,FAIL,94,Design,84,Risco de texto creme em fundo claro. | Opacity baixa detectada; validar texto real. | Sem CSS global de estabilização/contraste.,732,1,7,14,13,7,AdministrativeArea | AggregateRating | Answer | BreadcrumbList | City | FAQPage | GeoCoordinates | ListItem | LocationFeatureSpecification | Neighborhood | OpeningHoursSpecification | PostalAddress | Question | ReserveAction | Restaurant | TouristAttraction | WebPage | WebSite
en/cafe-da-manha-pao-de-acucar.html,FAIL,94,UX,100,,732,1,7,14,13,7,AdministrativeArea | AggregateRating | Answer | BreadcrumbList | City | FAQPage | GeoCoordinates | ListItem | LocationFeatureSpecification | Neighborhood | OpeningHoursSpecification | PostalAddress | Question | ReserveAction | Restaurant | TouristAttraction | WebPage | WebSite
en/cafe-da-manha-pao-de-acucar.html,FAIL,94,Copydesk,100,,732,1,7,14,13,7,AdministrativeArea | AggregateRating | Answer | BreadcrumbList | City | FAQPage | GeoCoordinates | ListItem | LocationFeatureSpecification | Neighborhood | OpeningHoursSpecification | PostalAddress | Question | ReserveAction | Restaurant | TouristAttraction | WebPage | WebSite
en/cafe-da-manha-pao-de-acucar.html,FAIL,94,SEO,72,Sem meta description. | Sem canonical.,732,1,7,14,13,7,AdministrativeArea | AggregateRating | Answer | BreadcrumbList | City | FAQPage | GeoCoordinates | ListItem | LocationFeatureSpecification | Neighborhood | OpeningHoursSpecification | PostalAddress | Question | ReserveAction | Restaurant | TouristAttraction | WebPage | WebSite
en/cafe-da-manha-pao-de-acucar.html,FAIL,94,GEO,100,,732,1,7,14,13,7,AdministrativeArea | AggregateRating | Answer | BreadcrumbList | City | FAQPage | GeoCoordinates | ListItem | LocationFeatureSpecification | Neighborhood | OpeningHoursSpecification | PostalAddress | Question | ReserveAction | Restaurant | TouristAttraction | WebPage | WebSite
en/cafe-da-manha-pao-de-acucar.html,FAIL,94,AEO,100,,732,1,7,14,13,7,AdministrativeArea | AggregateRating | Answer | BreadcrumbList | City | FAQPage | GeoCoordinates | ListItem | LocationFeatureSpecification | Neighborhood | OpeningHoursSpecification | PostalAddress | Question | ReserveAction | Restaurant | TouristAttraction | WebPage | WebSite
en/cafe-da-manha-pao-de-acucar.html,FAIL,94,AIO,85,Sem cobertura literal das keywords prioritárias AIO. | Sem VideoObject em página de experiência/produto.,732,1,7,14,13,7,AdministrativeArea | AggregateRating | Answer | BreadcrumbList | City | FAQPage | GeoCoordinates | ListItem | LocationFeatureSpecification | Neighborhood | OpeningHoursSpecification | PostalAddress | Question | ReserveAction | Restaurant | TouristAttraction | WebPage | WebSite
en/cafe-da-manha-pao-de-acucar.html,FAIL,94,SXO,100,,732,1,7,14,13,7,AdministrativeArea | AggregateRating | Answer | BreadcrumbList | City | FAQPage | GeoCoordinates | ListItem | LocationFeatureSpecification | Neighborhood | OpeningHoursSpecification | PostalAddress | Question | ReserveAction | Restaurant | TouristAttraction | WebPage | WebSite
en/cafe-da-manha-pao-de-acucar.html,FAIL,94,Marketing,100,,732,1,7,14,13,7,AdministrativeArea | AggregateRating | Answer | BreadcrumbList | City | FAQPage | GeoCoordinates | ListItem | LocationFeatureSpecification | Neighborhood | OpeningHoursSpecification | PostalAddress | Question | ReserveAction | Restaurant | TouristAttraction | WebPage | WebSite
en/cafe-da-manha-pao-de-acucar.html,FAIL,94,R2D2,93,R2D2 fraco em Decisão.,732,1,7,14,13,7,AdministrativeArea | AggregateRating | Answer | BreadcrumbList | City | FAQPage | GeoCoordinates | ListItem | LocationFeatureSpecification | Neighborhood | OpeningHoursSpecification | PostalAddress | Question | ReserveAction | Restaurant | TouristAttraction | WebPage | WebSite
en/cafe-da-manha-pao-de-acucar.html,FAIL,94,Schema,100,,732,1,7,14,13,7,AdministrativeArea | AggregateRating | Answer | BreadcrumbList | City | FAQPage | GeoCoordinates | ListItem | LocationFeatureSpecification | Neighborhood | OpeningHoursSpecification | PostalAddress | Question | ReserveAction | Restaurant | TouristAttraction | WebPage | WebSite
en/cafe-da-manha-pao-de-acucar.html,FAIL,94,Performance,100,,732,1,7,14,13,7,AdministrativeArea | AggregateRating | Answer | BreadcrumbList | City | FAQPage | GeoCoordinates | ListItem | LocationFeatureSpecification | Neighborhood | OpeningHoursSpecification | PostalAddress | Question | ReserveAction | Restaurant | TouristAttraction | WebPage | WebSite
en/cafe-da-manha.html,PASS,97,Design,84,Risco de texto creme em fundo claro. | Opacity baixa detectada; validar texto real. | Sem CSS global de estabilização/contraste.,1605,1,10,17,33,22,AdministrativeArea | AggregateRating | Answer | BreadcrumbList | City | FAQPage | FoodEvent | GeoCoordinates | ListItem | LocationFeatureSpecification | Neighborhood | OpeningHoursSpecification | Place | PostalAddress | Question | ReserveAction | Restaurant | Schedule | SpeakableSpecification | TouristAttraction | WebPage | WebSite
en/cafe-da-manha.html,PASS,97,UX,100,,1605,1,10,17,33,22,AdministrativeArea | AggregateRating | Answer | BreadcrumbList | City | FAQPage | FoodEvent | GeoCoordinates | ListItem | LocationFeatureSpecification | Neighborhood | OpeningHoursSpecification | Place | PostalAddress | Question | ReserveAction | Restaurant | Schedule | SpeakableSpecification | TouristAttraction | WebPage | WebSite
en/cafe-da-manha.html,PASS,97,Copydesk,100,,1605,1,10,17,33,22,AdministrativeArea | AggregateRating | Answer | BreadcrumbList | City | FAQPage | FoodEvent | GeoCoordinates | ListItem | LocationFeatureSpecification | Neighborhood | OpeningHoursSpecification | Place | PostalAddress | Question | ReserveAction | Restaurant | Schedule | SpeakableSpecification | TouristAttraction | WebPage | WebSite
en/cafe-da-manha.html,PASS,97,SEO,100,,1605,1,10,17,33,22,AdministrativeArea | AggregateRating | Answer | BreadcrumbList | City | FAQPage | FoodEvent | GeoCoordinates | ListItem | LocationFeatureSpecification | Neighborhood | OpeningHoursSpecification | Place | PostalAddress | Question | ReserveAction | Restaurant | Schedule | SpeakableSpecification | TouristAttraction | WebPage | WebSite
en/cafe-da-manha.html,PASS,97,GEO,100,,1605,1,10,17,33,22,AdministrativeArea | AggregateRating | Answer | BreadcrumbList | City | FAQPage | FoodEvent | GeoCoordinates | ListItem | LocationFeatureSpecification | Neighborhood | OpeningHoursSpecification | Place | PostalAddress | Question | ReserveAction | Restaurant | Schedule | SpeakableSpecification | TouristAttraction | WebPage | WebSite
en/cafe-da-manha.html,PASS,97,AEO,100,,1605,1,10,17,33,22,AdministrativeArea | AggregateRating | Answer | BreadcrumbList | City | FAQPage | FoodEvent | GeoCoordinates | ListItem | LocationFeatureSpecification | Neighborhood | OpeningHoursSpecification | Place | PostalAddress | Question | ReserveAction | Restaurant | Schedule | SpeakableSpecification | TouristAttraction | WebPage | WebSite
en/cafe-da-manha.html,PASS,97,AIO,85,Sem cobertura literal das keywords prioritárias AIO. | Sem VideoObject em página de experiência/produto.,1605,1,10,17,33,22,AdministrativeArea | AggregateRating | Answer | BreadcrumbList | City | FAQPage | FoodEvent | GeoCoordinates | ListItem | LocationFeatureSpecification | Neighborhood | OpeningHoursSpecification | Place | PostalAddress | Question | ReserveAction | Restaurant | Schedule | SpeakableSpecification | TouristAttraction | WebPage | WebSite
en/cafe-da-manha.html,PASS,97,SXO,100,,1605,1,10,17,33,22,AdministrativeArea | AggregateRating | Answer | BreadcrumbList | City | FAQPage | FoodEvent | GeoCoordinates | ListItem | LocationFeatureSpecification | Neighborhood | OpeningHoursSpecification | Place | PostalAddress | Question | ReserveAction | Restaurant | Schedule | SpeakableSpecification | TouristAttraction | WebPage | WebSite
en/cafe-da-manha.html,PASS,97,Marketing,100,,1605,1,10,17,33,22,AdministrativeArea | AggregateRating | Answer | BreadcrumbList | City | FAQPage | FoodEvent | GeoCoordinates | ListItem | LocationFeatureSpecification | Neighborhood | OpeningHoursSpecification | Place | PostalAddress | Question | ReserveAction | Restaurant | Schedule | SpeakableSpecification | TouristAttraction | WebPage | WebSite
en/cafe-da-manha.html,PASS,97,R2D2,100,,1605,1,10,17,33,22,AdministrativeArea | AggregateRating | Answer | BreadcrumbList | City | FAQPage | FoodEvent | GeoCoordinates | ListItem | LocationFeatureSpecification | Neighborhood | OpeningHoursSpecification | Place | PostalAddress | Question | ReserveAction | Restaurant | Schedule | SpeakableSpecification | TouristAttraction | WebPage | WebSite
en/cafe-da-manha.html,PASS,97,Schema,100,,1605,1,10,17,33,22,AdministrativeArea | AggregateRating | Answer | BreadcrumbList | City | FAQPage | FoodEvent | GeoCoordinates | ListItem | LocationFeatureSpecification | Neighborhood | OpeningHoursSpecification | Place | PostalAddress | Question | ReserveAction | Restaurant | Schedule | SpeakableSpecification | TouristAttraction | WebPage | WebSite
en/cafe-da-manha.html,PASS,97,Performance,100,,1605,1,10,17,33,22,AdministrativeArea | AggregateRating | Answer | BreadcrumbList | City | FAQPage | FoodEvent | GeoCoordinates | ListItem | LocationFeatureSpecification | Neighborhood | OpeningHoursSpecification | Place | PostalAddress | Question | ReserveAction | Restaurant | Schedule | SpeakableSpecification | TouristAttraction | WebPage | WebSite
en/caipirinha-com-vista-rio.html,FAIL,94,Design,84,Risco de texto creme em fundo claro. | Opacity baixa detectada; validar texto real. | Sem CSS global de estabilização/contraste.,720,1,7,14,13,7,AdministrativeArea | AggregateRating | Answer | BarOrPub | BreadcrumbList | City | FAQPage | GeoCoordinates | ListItem | LocalBusiness | LocationFeatureSpecification | Neighborhood | OpeningHoursSpecification | PostalAddress | Question | ReserveAction | Restaurant | TouristAttraction | WebPage | WebSite
en/caipirinha-com-vista-rio.html,FAIL,94,UX,100,,720,1,7,14,13,7,AdministrativeArea | AggregateRating | Answer | BarOrPub | BreadcrumbList | City | FAQPage | GeoCoordinates | ListItem | LocalBusiness | LocationFeatureSpecification | Neighborhood | OpeningHoursSpecification | PostalAddress | Question | ReserveAction | Restaurant | TouristAttraction | WebPage | WebSite
en/caipirinha-com-vista-rio.html,FAIL,94,Copydesk,100,,720,1,7,14,13,7,AdministrativeArea | AggregateRating | Answer | BarOrPub | BreadcrumbList | City | FAQPage | GeoCoordinates | ListItem | LocalBusiness | LocationFeatureSpecification | Neighborhood | OpeningHoursSpecification | PostalAddress | Question | ReserveAction | Restaurant | TouristAttraction | WebPage | WebSite
en/caipirinha-com-vista-rio.html,FAIL,94,SEO,72,Sem meta description. | Sem canonical.,720,1,7,14,13,7,AdministrativeArea | AggregateRating | Answer | BarOrPub | BreadcrumbList | City | FAQPage | GeoCoordinates | ListItem | LocalBusiness | LocationFeatureSpecification | Neighborhood | OpeningHoursSpecification | PostalAddress | Question | ReserveAction | Restaurant | TouristAttraction | WebPage | WebSite
en/caipirinha-com-vista-rio.html,FAIL,94,GEO,100,,720,1,7,14,13,7,AdministrativeArea | AggregateRating | Answer | BarOrPub | BreadcrumbList | City | FAQPage | GeoCoordinates | ListItem | LocalBusiness | LocationFeatureSpecification | Neighborhood | OpeningHoursSpecification | PostalAddress | Question | ReserveAction | Restaurant | TouristAttraction | WebPage | WebSite
en/caipirinha-com-vista-rio.html,FAIL,94,AEO,100,,720,1,7,14,13,7,AdministrativeArea | AggregateRating | Answer | BarOrPub | BreadcrumbList | City | FAQPage | GeoCoordinates | ListItem | LocalBusiness | LocationFeatureSpecification | Neighborhood | OpeningHoursSpecification | PostalAddress | Question | ReserveAction | Restaurant | TouristAttraction | WebPage | WebSite
en/caipirinha-com-vista-rio.html,FAIL,94,AIO,85,Sem cobertura literal das keywords prioritárias AIO. | Sem VideoObject em página de experiência/produto.,720,1,7,14,13,7,AdministrativeArea | AggregateRating | Answer | BarOrPub | BreadcrumbList | City | FAQPage | GeoCoordinates | ListItem | LocalBusiness | LocationFeatureSpecification | Neighborhood | OpeningHoursSpecification | PostalAddress | Question | ReserveAction | Restaurant | TouristAttraction | WebPage | WebSite
en/caipirinha-com-vista-rio.html,FAIL,94,SXO,100,,720,1,7,14,13,7,AdministrativeArea | AggregateRating | Answer | BarOrPub | BreadcrumbList | City | FAQPage | GeoCoordinates | ListItem | LocalBusiness | LocationFeatureSpecification | Neighborhood | OpeningHoursSpecification | PostalAddress | Question | ReserveAction | Restaurant | TouristAttraction | WebPage | WebSite
en/caipirinha-com-vista-rio.html,FAIL,94,Marketing,100,,720,1,7,14,13,7,AdministrativeArea | AggregateRating | Answer | BarOrPub | BreadcrumbList | City | FAQPage | GeoCoordinates | ListItem | LocalBusiness | LocationFeatureSpecification | Neighborhood | OpeningHoursSpecification | PostalAddress | Question | ReserveAction | Restaurant | TouristAttraction | WebPage | WebSite
en/caipirinha-com-vista-rio.html,FAIL,94,R2D2,93,R2D2 fraco em Decisão.,720,1,7,14,13,7,AdministrativeArea | AggregateRating | Answer | BarOrPub | BreadcrumbList | City | FAQPage | GeoCoordinates | ListItem | LocalBusiness | LocationFeatureSpecification | Neighborhood | OpeningHoursSpecification | PostalAddress | Question | ReserveAction | Restaurant | TouristAttraction | WebPage | WebSite
en/caipirinha-com-vista-rio.html,FAIL,94,Schema,100,,720,1,7,14,13,7,AdministrativeArea | AggregateRating | Answer | BarOrPub | BreadcrumbList | City | FAQPage | GeoCoordinates | ListItem | LocalBusiness | LocationFeatureSpecification | Neighborhood | OpeningHoursSpecification | PostalAddress | Question | ReserveAction | Restaurant | TouristAttraction | WebPage | WebSite
en/caipirinha-com-vista-rio.html,FAIL,94,Performance,100,,720,1,7,14,13,7,AdministrativeArea | AggregateRating | Answer | BarOrPub | BreadcrumbList | City | FAQPage | GeoCoordinates | ListItem | LocalBusiness | LocationFeatureSpecification | Neighborhood | OpeningHoursSpecification | PostalAddress | Question | ReserveAction | Restaurant | TouristAttraction | WebPage | WebSite
en/cardapio.html,PASS,96,Design,84,Risco de texto creme em fundo claro. | Opacity baixa detectada; validar texto real. | Sem CSS global de estabilização/contraste.,1275,1,10,25,33,21,AdministrativeArea | Answer | BreadcrumbList | City | FAQPage | GeoCoordinates | ListItem | LocationFeatureSpecification | Menu | MenuItem | MenuSection | Neighborhood | Offer | OpeningHoursSpecification | PostalAddress | Question | ReserveAction | Restaurant | SpeakableSpecification | TouristAttraction | WebPage | WebSite
en/cardapio.html,PASS,96,UX,100,,1275,1,10,25,33,21,AdministrativeArea | Answer | BreadcrumbList | City | FAQPage | GeoCoordinates | ListItem | LocationFeatureSpecification | Menu | MenuItem | MenuSection | Neighborhood | Offer | OpeningHoursSpecification | PostalAddress | Question | ReserveAction | Restaurant | SpeakableSpecification | TouristAttraction | WebPage | WebSite
en/cardapio.html,PASS,96,Copydesk,100,,1275,1,10,25,33,21,AdministrativeArea | Answer | BreadcrumbList | City | FAQPage | GeoCoordinates | ListItem | LocationFeatureSpecification | Menu | MenuItem | MenuSection | Neighborhood | Offer | OpeningHoursSpecification | PostalAddress | Question | ReserveAction | Restaurant | SpeakableSpecification | TouristAttraction | WebPage | WebSite
en/cardapio.html,PASS,96,SEO,84,Sem meta description.,1275,1,10,25,33,21,AdministrativeArea | Answer | BreadcrumbList | City | FAQPage | GeoCoordinates | ListItem | LocationFeatureSpecification | Menu | MenuItem | MenuSection | Neighborhood | Offer | OpeningHoursSpecification | PostalAddress | Question | ReserveAction | Restaurant | SpeakableSpecification | TouristAttraction | WebPage | WebSite
en/cardapio.html,PASS,96,GEO,100,,1275,1,10,25,33,21,AdministrativeArea | Answer | BreadcrumbList | City | FAQPage | GeoCoordinates | ListItem | LocationFeatureSpecification | Menu | MenuItem | MenuSection | Neighborhood | Offer | OpeningHoursSpecification | PostalAddress | Question | ReserveAction | Restaurant | SpeakableSpecification | TouristAttraction | WebPage | WebSite
en/cardapio.html,PASS,96,AEO,100,,1275,1,10,25,33,21,AdministrativeArea | Answer | BreadcrumbList | City | FAQPage | GeoCoordinates | ListItem | LocationFeatureSpecification | Menu | MenuItem | MenuSection | Neighborhood | Offer | OpeningHoursSpecification | PostalAddress | Question | ReserveAction | Restaurant | SpeakableSpecification | TouristAttraction | WebPage | WebSite
en/cardapio.html,PASS,96,AIO,85,Sem cobertura literal das keywords prioritárias AIO. | Sem VideoObject em página de experiência/produto.,1275,1,10,25,33,21,AdministrativeArea | Answer | BreadcrumbList | City | FAQPage | GeoCoordinates | ListItem | LocationFeatureSpecification | Menu | MenuItem | MenuSection | Neighborhood | Offer | OpeningHoursSpecification | PostalAddress | Question | ReserveAction | Restaurant | SpeakableSpecification | TouristAttraction | WebPage | WebSite
en/cardapio.html,PASS,96,SXO,100,,1275,1,10,25,33,21,AdministrativeArea | Answer | BreadcrumbList | City | FAQPage | GeoCoordinates | ListItem | LocationFeatureSpecification | Menu | MenuItem | MenuSection | Neighborhood | Offer | OpeningHoursSpecification | PostalAddress | Question | ReserveAction | Restaurant | SpeakableSpecification | TouristAttraction | WebPage | WebSite
en/cardapio.html,PASS,96,Marketing,100,,1275,1,10,25,33,21,AdministrativeArea | Answer | BreadcrumbList | City | FAQPage | GeoCoordinates | ListItem | LocationFeatureSpecification | Menu | MenuItem | MenuSection | Neighborhood | Offer | OpeningHoursSpecification | PostalAddress | Question | ReserveAction | Restaurant | SpeakableSpecification | TouristAttraction | WebPage | WebSite
en/cardapio.html,PASS,96,R2D2,100,,1275,1,10,25,33,21,AdministrativeArea | Answer | BreadcrumbList | City | FAQPage | GeoCoordinates | ListItem | LocationFeatureSpecification | Menu | MenuItem | MenuSection | Neighborhood | Offer | OpeningHoursSpecification | PostalAddress | Question | ReserveAction | Restaurant | SpeakableSpecification | TouristAttraction | WebPage | WebSite
en/cardapio.html,PASS,96,Schema,100,,1275,1,10,25,33,21,AdministrativeArea | Answer | BreadcrumbList | City | FAQPage | GeoCoordinates | ListItem | LocationFeatureSpecification | Menu | MenuItem | MenuSection | Neighborhood | Offer | OpeningHoursSpecification | PostalAddress | Question | ReserveAction | Restaurant | SpeakableSpecification | TouristAttraction | WebPage | WebSite
en/cardapio.html,PASS,96,Performance,100,,1275,1,10,25,33,21,AdministrativeArea | Answer | BreadcrumbList | City | FAQPage | GeoCoordinates | ListItem | LocationFeatureSpecification | Menu | MenuItem | MenuSection | Neighborhood | Offer | OpeningHoursSpecification | PostalAddress | Question | ReserveAction | Restaurant | SpeakableSpecification | TouristAttraction | WebPage | WebSite
en/contato.html,FAIL,94,Design,84,Risco de texto creme em fundo claro. | Opacity baixa detectada; validar texto real. | Sem CSS global de estabilização/contraste.,631,1,3,14,12,4,AdministrativeArea | AggregateRating | Answer | BreadcrumbList | City | FAQPage | GeoCoordinates | ListItem | LocalBusiness | LocationFeatureSpecification | Neighborhood | OpeningHoursSpecification | PostalAddress | Question | ReserveAction | Restaurant | TouristAttraction | WebPage | WebSite
en/contato.html,FAIL,94,UX,100,,631,1,3,14,12,4,AdministrativeArea | AggregateRating | Answer | BreadcrumbList | City | FAQPage | GeoCoordinates | ListItem | LocalBusiness | LocationFeatureSpecification | Neighborhood | OpeningHoursSpecification | PostalAddress | Question | ReserveAction | Restaurant | TouristAttraction | WebPage | WebSite
en/contato.html,FAIL,94,Copydesk,100,,631,1,3,14,12,4,AdministrativeArea | AggregateRating | Answer | BreadcrumbList | City | FAQPage | GeoCoordinates | ListItem | LocalBusiness | LocationFeatureSpecification | Neighborhood | OpeningHoursSpecification | PostalAddress | Question | ReserveAction | Restaurant | TouristAttraction | WebPage | WebSite
en/contato.html,FAIL,94,SEO,72,Sem meta description. | Sem canonical.,631,1,3,14,12,4,AdministrativeArea | AggregateRating | Answer | BreadcrumbList | City | FAQPage | GeoCoordinates | ListItem | LocalBusiness | LocationFeatureSpecification | Neighborhood | OpeningHoursSpecification | PostalAddress | Question | ReserveAction | Restaurant | TouristAttraction | WebPage | WebSite
en/contato.html,FAIL,94,GEO,100,,631,1,3,14,12,4,AdministrativeArea | AggregateRating | Answer | BreadcrumbList | City | FAQPage | GeoCoordinates | ListItem | LocalBusiness | LocationFeatureSpecification | Neighborhood | OpeningHoursSpecification | PostalAddress | Question | ReserveAction | Restaurant | TouristAttraction | WebPage | WebSite
en/contato.html,FAIL,94,AEO,100,,631,1,3,14,12,4,AdministrativeArea | AggregateRating | Answer | BreadcrumbList | City | FAQPage | GeoCoordinates | ListItem | LocalBusiness | LocationFeatureSpecification | Neighborhood | OpeningHoursSpecification | PostalAddress | Question | ReserveAction | Restaurant | TouristAttraction | WebPage | WebSite
en/contato.html,FAIL,94,AIO,85,Sem cobertura literal das keywords prioritárias AIO. | Sem VideoObject em página de experiência/produto.,631,1,3,14,12,4,AdministrativeArea | AggregateRating | Answer | BreadcrumbList | City | FAQPage | GeoCoordinates | ListItem | LocalBusiness | LocationFeatureSpecification | Neighborhood | OpeningHoursSpecification | PostalAddress | Question | ReserveAction | Restaurant | TouristAttraction | WebPage | WebSite
en/contato.html,FAIL,94,SXO,100,,631,1,3,14,12,4,AdministrativeArea | AggregateRating | Answer | BreadcrumbList | City | FAQPage | GeoCoordinates | ListItem | LocalBusiness | LocationFeatureSpecification | Neighborhood | OpeningHoursSpecification | PostalAddress | Question | ReserveAction | Restaurant | TouristAttraction | WebPage | WebSite
en/contato.html,FAIL,94,Marketing,100,,631,1,3,14,12,4,AdministrativeArea | AggregateRating | Answer | BreadcrumbList | City | FAQPage | GeoCoordinates | ListItem | LocalBusiness | LocationFeatureSpecification | Neighborhood | OpeningHoursSpecification | PostalAddress | Question | ReserveAction | Restaurant | TouristAttraction | WebPage | WebSite
en/contato.html,FAIL,94,R2D2,93,R2D2 fraco em Decisão.,631,1,3,14,12,4,AdministrativeArea | AggregateRating | Answer | BreadcrumbList | City | FAQPage | GeoCoordinates | ListItem | LocalBusiness | LocationFeatureSpecification | Neighborhood | OpeningHoursSpecification | PostalAddress | Question | ReserveAction | Restaurant | TouristAttraction | WebPage | WebSite
en/contato.html,FAIL,94,Schema,100,,631,1,3,14,12,4,AdministrativeArea | AggregateRating | Answer | BreadcrumbList | City | FAQPage | GeoCoordinates | ListItem | LocalBusiness | LocationFeatureSpecification | Neighborhood | OpeningHoursSpecification | PostalAddress | Question | ReserveAction | Restaurant | TouristAttraction | WebPage | WebSite
en/contato.html,FAIL,94,Performance,100,,631,1,3,14,12,4,AdministrativeArea | AggregateRating | Answer | BreadcrumbList | City | FAQPage | GeoCoordinates | ListItem | LocalBusiness | LocationFeatureSpecification | Neighborhood | OpeningHoursSpecification | PostalAddress | Question | ReserveAction | Restaurant | TouristAttraction | WebPage | WebSite
en/entardecer.html,PASS,98,Design,84,Risco de texto creme em fundo claro. | Opacity baixa detectada; validar texto real. | Sem CSS global de estabilização/contraste.,1400,1,9,17,31,20,AdministrativeArea | AggregateRating | Answer | BreadcrumbList | City | FAQPage | FoodEvent | GeoCoordinates | ImageObject | ListItem | LocationFeatureSpecification | Neighborhood | OpeningHoursSpecification | Organization | Place | PostalAddress | Question | ReserveAction | Restaurant | Schedule | SpeakableSpecification | TouristAttraction | VideoObject | WebPage | WebSite
en/entardecer.html,PASS,98,UX,100,,1400,1,9,17,31,20,AdministrativeArea | AggregateRating | Answer | BreadcrumbList | City | FAQPage | FoodEvent | GeoCoordinates | ImageObject | ListItem | LocationFeatureSpecification | Neighborhood | OpeningHoursSpecification | Organization | Place | PostalAddress | Question | ReserveAction | Restaurant | Schedule | SpeakableSpecification | TouristAttraction | VideoObject | WebPage | WebSite
en/entardecer.html,PASS,98,Copydesk,100,,1400,1,9,17,31,20,AdministrativeArea | AggregateRating | Answer | BreadcrumbList | City | FAQPage | FoodEvent | GeoCoordinates | ImageObject | ListItem | LocationFeatureSpecification | Neighborhood | OpeningHoursSpecification | Organization | Place | PostalAddress | Question | ReserveAction | Restaurant | Schedule | SpeakableSpecification | TouristAttraction | VideoObject | WebPage | WebSite
en/entardecer.html,PASS,98,SEO,100,,1400,1,9,17,31,20,AdministrativeArea | AggregateRating | Answer | BreadcrumbList | City | FAQPage | FoodEvent | GeoCoordinates | ImageObject | ListItem | LocationFeatureSpecification | Neighborhood | OpeningHoursSpecification | Organization | Place | PostalAddress | Question | ReserveAction | Restaurant | Schedule | SpeakableSpecification | TouristAttraction | VideoObject | WebPage | WebSite
en/entardecer.html,PASS,98,GEO,100,,1400,1,9,17,31,20,AdministrativeArea | AggregateRating | Answer | BreadcrumbList | City | FAQPage | FoodEvent | GeoCoordinates | ImageObject | ListItem | LocationFeatureSpecification | Neighborhood | OpeningHoursSpecification | Organization | Place | PostalAddress | Question | ReserveAction | Restaurant | Schedule | SpeakableSpecification | TouristAttraction | VideoObject | WebPage | WebSite
en/entardecer.html,PASS,98,AEO,100,,1400,1,9,17,31,20,AdministrativeArea | AggregateRating | Answer | BreadcrumbList | City | FAQPage | FoodEvent | GeoCoordinates | ImageObject | ListItem | LocationFeatureSpecification | Neighborhood | OpeningHoursSpecification | Organization | Place | PostalAddress | Question | ReserveAction | Restaurant | Schedule | SpeakableSpecification | TouristAttraction | VideoObject | WebPage | WebSite
en/entardecer.html,PASS,98,AIO,90,Sem cobertura literal das keywords prioritárias AIO.,1400,1,9,17,31,20,AdministrativeArea | AggregateRating | Answer | BreadcrumbList | City | FAQPage | FoodEvent | GeoCoordinates | ImageObject | ListItem | LocationFeatureSpecification | Neighborhood | OpeningHoursSpecification | Organization | Place | PostalAddress | Question | ReserveAction | Restaurant | Schedule | SpeakableSpecification | TouristAttraction | VideoObject | WebPage | WebSite
en/entardecer.html,PASS,98,SXO,100,,1400,1,9,17,31,20,AdministrativeArea | AggregateRating | Answer | BreadcrumbList | City | FAQPage | FoodEvent | GeoCoordinates | ImageObject | ListItem | LocationFeatureSpecification | Neighborhood | OpeningHoursSpecification | Organization | Place | PostalAddress | Question | ReserveAction | Restaurant | Schedule | SpeakableSpecification | TouristAttraction | VideoObject | WebPage | WebSite
en/entardecer.html,PASS,98,Marketing,100,,1400,1,9,17,31,20,AdministrativeArea | AggregateRating | Answer | BreadcrumbList | City | FAQPage | FoodEvent | GeoCoordinates | ImageObject | ListItem | LocationFeatureSpecification | Neighborhood | OpeningHoursSpecification | Organization | Place | PostalAddress | Question | ReserveAction | Restaurant | Schedule | SpeakableSpecification | TouristAttraction | VideoObject | WebPage | WebSite
en/entardecer.html,PASS,98,R2D2,100,,1400,1,9,17,31,20,AdministrativeArea | AggregateRating | Answer | BreadcrumbList | City | FAQPage | FoodEvent | GeoCoordinates | ImageObject | ListItem | LocationFeatureSpecification | Neighborhood | OpeningHoursSpecification | Organization | Place | PostalAddress | Question | ReserveAction | Restaurant | Schedule | SpeakableSpecification | TouristAttraction | VideoObject | WebPage | WebSite
en/entardecer.html,PASS,98,Schema,100,,1400,1,9,17,31,20,AdministrativeArea | AggregateRating | Answer | BreadcrumbList | City | FAQPage | FoodEvent | GeoCoordinates | ImageObject | ListItem | LocationFeatureSpecification | Neighborhood | OpeningHoursSpecification | Organization | Place | PostalAddress | Question | ReserveAction | Restaurant | Schedule | SpeakableSpecification | TouristAttraction | VideoObject | WebPage | WebSite
en/entardecer.html,PASS,98,Performance,100,,1400,1,9,17,31,20,AdministrativeArea | AggregateRating | Answer | BreadcrumbList | City | FAQPage | FoodEvent | GeoCoordinates | ImageObject | ListItem | LocationFeatureSpecification | Neighborhood | OpeningHoursSpecification | Organization | Place | PostalAddress | Question | ReserveAction | Restaurant | Schedule | SpeakableSpecification | TouristAttraction | VideoObject | WebPage | WebSite
en/eventos.html,FAIL,94,Design,84,Risco de texto creme em fundo claro. | Opacity baixa detectada; validar texto real. | Sem CSS global de estabilização/contraste.,1300,1,8,17,35,17,AggregateRating | Answer | BreadcrumbList | EventVenue | FAQPage | GeoCoordinates | ImageObject | ListItem | LocationFeatureSpecification | OpeningHoursSpecification | Organization | PostalAddress | Question | ReserveAction | Restaurant | Service | SpeakableSpecification | TouristAttraction | VideoObject | WebPage | WebSite
en/eventos.html,FAIL,94,UX,100,,1300,1,8,17,35,17,AggregateRating | Answer | BreadcrumbList | EventVenue | FAQPage | GeoCoordinates | ImageObject | ListItem | LocationFeatureSpecification | OpeningHoursSpecification | Organization | PostalAddress | Question | ReserveAction | Restaurant | Service | SpeakableSpecification | TouristAttraction | VideoObject | WebPage | WebSite
en/eventos.html,FAIL,94,Copydesk,100,,1300,1,8,17,35,17,AggregateRating | Answer | BreadcrumbList | EventVenue | FAQPage | GeoCoordinates | ImageObject | ListItem | LocationFeatureSpecification | OpeningHoursSpecification | Organization | PostalAddress | Question | ReserveAction | Restaurant | Service | SpeakableSpecification | TouristAttraction | VideoObject | WebPage | WebSite
en/eventos.html,FAIL,94,SEO,54,Sem title. | Sem meta description. | Sem canonical.,1300,1,8,17,35,17,AggregateRating | Answer | BreadcrumbList | EventVenue | FAQPage | GeoCoordinates | ImageObject | ListItem | LocationFeatureSpecification | OpeningHoursSpecification | Organization | PostalAddress | Question | ReserveAction | Restaurant | Service | SpeakableSpecification | TouristAttraction | VideoObject | WebPage | WebSite
en/eventos.html,FAIL,94,GEO,100,,1300,1,8,17,35,17,AggregateRating | Answer | BreadcrumbList | EventVenue | FAQPage | GeoCoordinates | ImageObject | ListItem | LocationFeatureSpecification | OpeningHoursSpecification | Organization | PostalAddress | Question | ReserveAction | Restaurant | Service | SpeakableSpecification | TouristAttraction | VideoObject | WebPage | WebSite
en/eventos.html,FAIL,94,AEO,100,,1300,1,8,17,35,17,AggregateRating | Answer | BreadcrumbList | EventVenue | FAQPage | GeoCoordinates | ImageObject | ListItem | LocationFeatureSpecification | OpeningHoursSpecification | Organization | PostalAddress | Question | ReserveAction | Restaurant | Service | SpeakableSpecification | TouristAttraction | VideoObject | WebPage | WebSite
en/eventos.html,FAIL,94,AIO,90,Sem cobertura literal das keywords prioritárias AIO.,1300,1,8,17,35,17,AggregateRating | Answer | BreadcrumbList | EventVenue | FAQPage | GeoCoordinates | ImageObject | ListItem | LocationFeatureSpecification | OpeningHoursSpecification | Organization | PostalAddress | Question | ReserveAction | Restaurant | Service | SpeakableSpecification | TouristAttraction | VideoObject | WebPage | WebSite
en/eventos.html,FAIL,94,SXO,100,,1300,1,8,17,35,17,AggregateRating | Answer | BreadcrumbList | EventVenue | FAQPage | GeoCoordinates | ImageObject | ListItem | LocationFeatureSpecification | OpeningHoursSpecification | Organization | PostalAddress | Question | ReserveAction | Restaurant | Service | SpeakableSpecification | TouristAttraction | VideoObject | WebPage | WebSite
en/eventos.html,FAIL,94,Marketing,100,,1300,1,8,17,35,17,AggregateRating | Answer | BreadcrumbList | EventVenue | FAQPage | GeoCoordinates | ImageObject | ListItem | LocationFeatureSpecification | OpeningHoursSpecification | Organization | PostalAddress | Question | ReserveAction | Restaurant | Service | SpeakableSpecification | TouristAttraction | VideoObject | WebPage | WebSite
en/eventos.html,FAIL,94,R2D2,100,,1300,1,8,17,35,17,AggregateRating | Answer | BreadcrumbList | EventVenue | FAQPage | GeoCoordinates | ImageObject | ListItem | LocationFeatureSpecification | OpeningHoursSpecification | Organization | PostalAddress | Question | ReserveAction | Restaurant | Service | SpeakableSpecification | TouristAttraction | VideoObject | WebPage | WebSite
en/eventos.html,FAIL,94,Schema,100,,1300,1,8,17,35,17,AggregateRating | Answer | BreadcrumbList | EventVenue | FAQPage | GeoCoordinates | ImageObject | ListItem | LocationFeatureSpecification | OpeningHoursSpecification | Organization | PostalAddress | Question | ReserveAction | Restaurant | Service | SpeakableSpecification | TouristAttraction | VideoObject | WebPage | WebSite
en/eventos.html,FAIL,94,Performance,100,,1300,1,8,17,35,17,AggregateRating | Answer | BreadcrumbList | EventVenue | FAQPage | GeoCoordinates | ImageObject | ListItem | LocationFeatureSpecification | OpeningHoursSpecification | Organization | PostalAddress | Question | ReserveAction | Restaurant | Service | SpeakableSpecification | TouristAttraction | VideoObject | WebPage | WebSite
en/feijoada-com-vista-rio-de-janeiro.html,FAIL,94,Design,84,Risco de texto creme em fundo claro. | Opacity baixa detectada; validar texto real. | Sem CSS global de estabilização/contraste.,731,1,7,14,13,7,AdministrativeArea | AggregateRating | Answer | BreadcrumbList | City | FAQPage | GeoCoordinates | ListItem | LocationFeatureSpecification | Neighborhood | OpeningHoursSpecification | PostalAddress | Question | ReserveAction | Restaurant | TouristAttraction | WebPage | WebSite
en/feijoada-com-vista-rio-de-janeiro.html,FAIL,94,UX,100,,731,1,7,14,13,7,AdministrativeArea | AggregateRating | Answer | BreadcrumbList | City | FAQPage | GeoCoordinates | ListItem | LocationFeatureSpecification | Neighborhood | OpeningHoursSpecification | PostalAddress | Question | ReserveAction | Restaurant | TouristAttraction | WebPage | WebSite
en/feijoada-com-vista-rio-de-janeiro.html,FAIL,94,Copydesk,100,,731,1,7,14,13,7,AdministrativeArea | AggregateRating | Answer | BreadcrumbList | City | FAQPage | GeoCoordinates | ListItem | LocationFeatureSpecification | Neighborhood | OpeningHoursSpecification | PostalAddress | Question | ReserveAction | Restaurant | TouristAttraction | WebPage | WebSite
en/feijoada-com-vista-rio-de-janeiro.html,FAIL,94,SEO,72,Sem meta description. | Sem canonical.,731,1,7,14,13,7,AdministrativeArea | AggregateRating | Answer | BreadcrumbList | City | FAQPage | GeoCoordinates | ListItem | LocationFeatureSpecification | Neighborhood | OpeningHoursSpecification | PostalAddress | Question | ReserveAction | Restaurant | TouristAttraction | WebPage | WebSite
en/feijoada-com-vista-rio-de-janeiro.html,FAIL,94,GEO,100,,731,1,7,14,13,7,AdministrativeArea | AggregateRating | Answer | BreadcrumbList | City | FAQPage | GeoCoordinates | ListItem | LocationFeatureSpecification | Neighborhood | OpeningHoursSpecification | PostalAddress | Question | ReserveAction | Restaurant | TouristAttraction | WebPage | WebSite
en/feijoada-com-vista-rio-de-janeiro.html,FAIL,94,AEO,100,,731,1,7,14,13,7,AdministrativeArea | AggregateRating | Answer | BreadcrumbList | City | FAQPage | GeoCoordinates | ListItem | LocationFeatureSpecification | Neighborhood | OpeningHoursSpecification | PostalAddress | Question | ReserveAction | Restaurant | TouristAttraction | WebPage | WebSite
en/feijoada-com-vista-rio-de-janeiro.html,FAIL,94,AIO,85,Sem cobertura literal das keywords prioritárias AIO. | Sem VideoObject em página de experiência/produto.,731,1,7,14,13,7,AdministrativeArea | AggregateRating | Answer | BreadcrumbList | City | FAQPage | GeoCoordinates | ListItem | LocationFeatureSpecification | Neighborhood | OpeningHoursSpecification | PostalAddress | Question | ReserveAction | Restaurant | TouristAttraction | WebPage | WebSite
en/feijoada-com-vista-rio-de-janeiro.html,FAIL,94,SXO,100,,731,1,7,14,13,7,AdministrativeArea | AggregateRating | Answer | BreadcrumbList | City | FAQPage | GeoCoordinates | ListItem | LocationFeatureSpecification | Neighborhood | OpeningHoursSpecification | PostalAddress | Question | ReserveAction | Restaurant | TouristAttraction | WebPage | WebSite
en/feijoada-com-vista-rio-de-janeiro.html,FAIL,94,Marketing,100,,731,1,7,14,13,7,AdministrativeArea | AggregateRating | Answer | BreadcrumbList | City | FAQPage | GeoCoordinates | ListItem | LocationFeatureSpecification | Neighborhood | OpeningHoursSpecification | PostalAddress | Question | ReserveAction | Restaurant | TouristAttraction | WebPage | WebSite
en/feijoada-com-vista-rio-de-janeiro.html,FAIL,94,R2D2,93,R2D2 fraco em Decisão.,731,1,7,14,13,7,AdministrativeArea | AggregateRating | Answer | BreadcrumbList | City | FAQPage | GeoCoordinates | ListItem | LocationFeatureSpecification | Neighborhood | OpeningHoursSpecification | PostalAddress | Question | ReserveAction | Restaurant | TouristAttraction | WebPage | WebSite
en/feijoada-com-vista-rio-de-janeiro.html,FAIL,94,Schema,100,,731,1,7,14,13,7,AdministrativeArea | AggregateRating | Answer | BreadcrumbList | City | FAQPage | GeoCoordinates | ListItem | LocationFeatureSpecification | Neighborhood | OpeningHoursSpecification | PostalAddress | Question | ReserveAction | Restaurant | TouristAttraction | WebPage | WebSite
en/feijoada-com-vista-rio-de-janeiro.html,FAIL,94,Performance,100,,731,1,7,14,13,7,AdministrativeArea | AggregateRating | Answer | BreadcrumbList | City | FAQPage | GeoCoordinates | ListItem | LocationFeatureSpecification | Neighborhood | OpeningHoursSpecification | PostalAddress | Question | ReserveAction | Restaurant | TouristAttraction | WebPage | WebSite
en/feijoada.html,PASS,96,Design,84,Risco de texto creme em fundo claro. | Opacity baixa detectada; validar texto real. | Sem CSS global de estabilização/contraste.,1631,1,12,35,27,21,AdministrativeArea | AggregateRating | Answer | BreadcrumbList | City | FAQPage | GeoCoordinates | ListItem | LocationFeatureSpecification | Neighborhood | OpeningHoursSpecification | PostalAddress | Question | ReserveAction | Restaurant | SpeakableSpecification | TouristAttraction | WebPage | WebSite
en/feijoada.html,PASS,96,UX,100,,1631,1,12,35,27,21,AdministrativeArea | AggregateRating | Answer | BreadcrumbList | City | FAQPage | GeoCoordinates | ListItem | LocationFeatureSpecification | Neighborhood | OpeningHoursSpecification | PostalAddress | Question | ReserveAction | Restaurant | SpeakableSpecification | TouristAttraction | WebPage | WebSite
en/feijoada.html,PASS,96,Copydesk,100,,1631,1,12,35,27,21,AdministrativeArea | AggregateRating | Answer | BreadcrumbList | City | FAQPage | GeoCoordinates | ListItem | LocationFeatureSpecification | Neighborhood | OpeningHoursSpecification | PostalAddress | Question | ReserveAction | Restaurant | SpeakableSpecification | TouristAttraction | WebPage | WebSite
en/feijoada.html,PASS,96,SEO,84,Sem meta description.,1631,1,12,35,27,21,AdministrativeArea | AggregateRating | Answer | BreadcrumbList | City | FAQPage | GeoCoordinates | ListItem | LocationFeatureSpecification | Neighborhood | OpeningHoursSpecification | PostalAddress | Question | ReserveAction | Restaurant | SpeakableSpecification | TouristAttraction | WebPage | WebSite
en/feijoada.html,PASS,96,GEO,100,,1631,1,12,35,27,21,AdministrativeArea | AggregateRating | Answer | BreadcrumbList | City | FAQPage | GeoCoordinates | ListItem | LocationFeatureSpecification | Neighborhood | OpeningHoursSpecification | PostalAddress | Question | ReserveAction | Restaurant | SpeakableSpecification | TouristAttraction | WebPage | WebSite
en/feijoada.html,PASS,96,AEO,100,,1631,1,12,35,27,21,AdministrativeArea | AggregateRating | Answer | BreadcrumbList | City | FAQPage | GeoCoordinates | ListItem | LocationFeatureSpecification | Neighborhood | OpeningHoursSpecification | PostalAddress | Question | ReserveAction | Restaurant | SpeakableSpecification | TouristAttraction | WebPage | WebSite
en/feijoada.html,PASS,96,AIO,85,Sem cobertura literal das keywords prioritárias AIO. | Sem VideoObject em página de experiência/produto.,1631,1,12,35,27,21,AdministrativeArea | AggregateRating | Answer | BreadcrumbList | City | FAQPage | GeoCoordinates | ListItem | LocationFeatureSpecification | Neighborhood | OpeningHoursSpecification | PostalAddress | Question | ReserveAction | Restaurant | SpeakableSpecification | TouristAttraction | WebPage | WebSite
en/feijoada.html,PASS,96,SXO,100,,1631,1,12,35,27,21,AdministrativeArea | AggregateRating | Answer | BreadcrumbList | City | FAQPage | GeoCoordinates | ListItem | LocationFeatureSpecification | Neighborhood | OpeningHoursSpecification | PostalAddress | Question | ReserveAction | Restaurant | SpeakableSpecification | TouristAttraction | WebPage | WebSite
en/feijoada.html,PASS,96,Marketing,100,,1631,1,12,35,27,21,AdministrativeArea | AggregateRating | Answer | BreadcrumbList | City | FAQPage | GeoCoordinates | ListItem | LocationFeatureSpecification | Neighborhood | OpeningHoursSpecification | PostalAddress | Question | ReserveAction | Restaurant | SpeakableSpecification | TouristAttraction | WebPage | WebSite
en/feijoada.html,PASS,96,R2D2,93,R2D2 fraco em Decisão.,1631,1,12,35,27,21,AdministrativeArea | AggregateRating | Answer | BreadcrumbList | City | FAQPage | GeoCoordinates | ListItem | LocationFeatureSpecification | Neighborhood | OpeningHoursSpecification | PostalAddress | Question | ReserveAction | Restaurant | SpeakableSpecification | TouristAttraction | WebPage | WebSite
en/feijoada.html,PASS,96,Schema,100,,1631,1,12,35,27,21,AdministrativeArea | AggregateRating | Answer | BreadcrumbList | City | FAQPage | GeoCoordinates | ListItem | LocationFeatureSpecification | Neighborhood | OpeningHoursSpecification | PostalAddress | Question | ReserveAction | Restaurant | SpeakableSpecification | TouristAttraction | WebPage | WebSite
en/feijoada.html,PASS,96,Performance,100,,1631,1,12,35,27,21,AdministrativeArea | AggregateRating | Answer | BreadcrumbList | City | FAQPage | GeoCoordinates | ListItem | LocationFeatureSpecification | Neighborhood | OpeningHoursSpecification | PostalAddress | Question | ReserveAction | Restaurant | SpeakableSpecification | TouristAttraction | WebPage | WebSite
en/gastronomia-carioca.html,FAIL,94,Design,84,Risco de texto creme em fundo claro. | Opacity baixa detectada; validar texto real. | Sem CSS global de estabilização/contraste.,996,1,5,17,25,17,AdministrativeArea | AggregateRating | Answer | Article | BreadcrumbList | City | FAQPage | FoodEstablishment | GeoCoordinates | ListItem | LocationFeatureSpecification | Neighborhood | OpeningHoursSpecification | Organization | PostalAddress | Question | ReserveAction | Restaurant | SpeakableSpecification | TouristAttraction | WebPage | WebSite
en/gastronomia-carioca.html,FAIL,94,UX,100,,996,1,5,17,25,17,AdministrativeArea | AggregateRating | Answer | Article | BreadcrumbList | City | FAQPage | FoodEstablishment | GeoCoordinates | ListItem | LocationFeatureSpecification | Neighborhood | OpeningHoursSpecification | Organization | PostalAddress | Question | ReserveAction | Restaurant | SpeakableSpecification | TouristAttraction | WebPage | WebSite
en/gastronomia-carioca.html,FAIL,94,Copydesk,100,,996,1,5,17,25,17,AdministrativeArea | AggregateRating | Answer | Article | BreadcrumbList | City | FAQPage | FoodEstablishment | GeoCoordinates | ListItem | LocationFeatureSpecification | Neighborhood | OpeningHoursSpecification | Organization | PostalAddress | Question | ReserveAction | Restaurant | SpeakableSpecification | TouristAttraction | WebPage | WebSite
en/gastronomia-carioca.html,FAIL,94,SEO,72,Sem meta description. | Sem canonical.,996,1,5,17,25,17,AdministrativeArea | AggregateRating | Answer | Article | BreadcrumbList | City | FAQPage | FoodEstablishment | GeoCoordinates | ListItem | LocationFeatureSpecification | Neighborhood | OpeningHoursSpecification | Organization | PostalAddress | Question | ReserveAction | Restaurant | SpeakableSpecification | TouristAttraction | WebPage | WebSite
en/gastronomia-carioca.html,FAIL,94,GEO,100,,996,1,5,17,25,17,AdministrativeArea | AggregateRating | Answer | Article | BreadcrumbList | City | FAQPage | FoodEstablishment | GeoCoordinates | ListItem | LocationFeatureSpecification | Neighborhood | OpeningHoursSpecification | Organization | PostalAddress | Question | ReserveAction | Restaurant | SpeakableSpecification | TouristAttraction | WebPage | WebSite
en/gastronomia-carioca.html,FAIL,94,AEO,100,,996,1,5,17,25,17,AdministrativeArea | AggregateRating | Answer | Article | BreadcrumbList | City | FAQPage | FoodEstablishment | GeoCoordinates | ListItem | LocationFeatureSpecification | Neighborhood | OpeningHoursSpecification | Organization | PostalAddress | Question | ReserveAction | Restaurant | SpeakableSpecification | TouristAttraction | WebPage | WebSite
en/gastronomia-carioca.html,FAIL,94,AIO,85,Sem cobertura literal das keywords prioritárias AIO. | Sem VideoObject em página de experiência/produto.,996,1,5,17,25,17,AdministrativeArea | AggregateRating | Answer | Article | BreadcrumbList | City | FAQPage | FoodEstablishment | GeoCoordinates | ListItem | LocationFeatureSpecification | Neighborhood | OpeningHoursSpecification | Organization | PostalAddress | Question | ReserveAction | Restaurant | SpeakableSpecification | TouristAttraction | WebPage | WebSite
en/gastronomia-carioca.html,FAIL,94,SXO,100,,996,1,5,17,25,17,AdministrativeArea | AggregateRating | Answer | Article | BreadcrumbList | City | FAQPage | FoodEstablishment | GeoCoordinates | ListItem | LocationFeatureSpecification | Neighborhood | OpeningHoursSpecification | Organization | PostalAddress | Question | ReserveAction | Restaurant | SpeakableSpecification | TouristAttraction | WebPage | WebSite
en/gastronomia-carioca.html,FAIL,94,Marketing,100,,996,1,5,17,25,17,AdministrativeArea | AggregateRating | Answer | Article | BreadcrumbList | City | FAQPage | FoodEstablishment | GeoCoordinates | ListItem | LocationFeatureSpecification | Neighborhood | OpeningHoursSpecification | Organization | PostalAddress | Question | ReserveAction | Restaurant | SpeakableSpecification | TouristAttraction | WebPage | WebSite
en/gastronomia-carioca.html,FAIL,94,R2D2,93,R2D2 fraco em Decisão.,996,1,5,17,25,17,AdministrativeArea | AggregateRating | Answer | Article | BreadcrumbList | City | FAQPage | FoodEstablishment | GeoCoordinates | ListItem | LocationFeatureSpecification | Neighborhood | OpeningHoursSpecification | Organization | PostalAddress | Question | ReserveAction | Restaurant | SpeakableSpecification | TouristAttraction | WebPage | WebSite
en/gastronomia-carioca.html,FAIL,94,Schema,100,,996,1,5,17,25,17,AdministrativeArea | AggregateRating | Answer | Article | BreadcrumbList | City | FAQPage | FoodEstablishment | GeoCoordinates | ListItem | LocationFeatureSpecification | Neighborhood | OpeningHoursSpecification | Organization | PostalAddress | Question | ReserveAction | Restaurant | SpeakableSpecification | TouristAttraction | WebPage | WebSite
en/gastronomia-carioca.html,FAIL,94,Performance,100,,996,1,5,17,25,17,AdministrativeArea | AggregateRating | Answer | Article | BreadcrumbList | City | FAQPage | FoodEstablishment | GeoCoordinates | ListItem | LocationFeatureSpecification | Neighborhood | OpeningHoursSpecification | Organization | PostalAddress | Question | ReserveAction | Restaurant | SpeakableSpecification | TouristAttraction | WebPage | WebSite
en/guia-do-rio.html,FAIL,95,Design,84,Risco de texto creme em fundo claro. | Opacity baixa detectada; validar texto real. | Sem CSS global de estabilização/contraste.,3069,1,13,17,37,24,AdministrativeArea | AggregateRating | Answer | Article | BreadcrumbList | City | FAQPage | GeoCoordinates | HowTo | HowToStep | ListItem | LocationFeatureSpecification | MonetaryAmount | Neighborhood | OpeningHoursSpecification | Organization | PostalAddress | Question | ReserveAction | Restaurant | SpeakableSpecification | TouristAttraction | WebPage | WebSite
en/guia-do-rio.html,FAIL,95,UX,100,,3069,1,13,17,37,24,AdministrativeArea | AggregateRating | Answer | Article | BreadcrumbList | City | FAQPage | GeoCoordinates | HowTo | HowToStep | ListItem | LocationFeatureSpecification | MonetaryAmount | Neighborhood | OpeningHoursSpecification | Organization | PostalAddress | Question | ReserveAction | Restaurant | SpeakableSpecification | TouristAttraction | WebPage | WebSite
en/guia-do-rio.html,FAIL,95,Copydesk,100,,3069,1,13,17,37,24,AdministrativeArea | AggregateRating | Answer | Article | BreadcrumbList | City | FAQPage | GeoCoordinates | HowTo | HowToStep | ListItem | LocationFeatureSpecification | MonetaryAmount | Neighborhood | OpeningHoursSpecification | Organization | PostalAddress | Question | ReserveAction | Restaurant | SpeakableSpecification | TouristAttraction | WebPage | WebSite
en/guia-do-rio.html,FAIL,95,SEO,72,Sem meta description. | Sem canonical.,3069,1,13,17,37,24,AdministrativeArea | AggregateRating | Answer | Article | BreadcrumbList | City | FAQPage | GeoCoordinates | HowTo | HowToStep | ListItem | LocationFeatureSpecification | MonetaryAmount | Neighborhood | OpeningHoursSpecification | Organization | PostalAddress | Question | ReserveAction | Restaurant | SpeakableSpecification | TouristAttraction | WebPage | WebSite
en/guia-do-rio.html,FAIL,95,GEO,100,,3069,1,13,17,37,24,AdministrativeArea | AggregateRating | Answer | Article | BreadcrumbList | City | FAQPage | GeoCoordinates | HowTo | HowToStep | ListItem | LocationFeatureSpecification | MonetaryAmount | Neighborhood | OpeningHoursSpecification | Organization | PostalAddress | Question | ReserveAction | Restaurant | SpeakableSpecification | TouristAttraction | WebPage | WebSite
en/guia-do-rio.html,FAIL,95,AEO,100,,3069,1,13,17,37,24,AdministrativeArea | AggregateRating | Answer | Article | BreadcrumbList | City | FAQPage | GeoCoordinates | HowTo | HowToStep | ListItem | LocationFeatureSpecification | MonetaryAmount | Neighborhood | OpeningHoursSpecification | Organization | PostalAddress | Question | ReserveAction | Restaurant | SpeakableSpecification | TouristAttraction | WebPage | WebSite
en/guia-do-rio.html,FAIL,95,AIO,85,Sem cobertura literal das keywords prioritárias AIO. | Sem VideoObject em página de experiência/produto.,3069,1,13,17,37,24,AdministrativeArea | AggregateRating | Answer | Article | BreadcrumbList | City | FAQPage | GeoCoordinates | HowTo | HowToStep | ListItem | LocationFeatureSpecification | MonetaryAmount | Neighborhood | OpeningHoursSpecification | Organization | PostalAddress | Question | ReserveAction | Restaurant | SpeakableSpecification | TouristAttraction | WebPage | WebSite
en/guia-do-rio.html,FAIL,95,SXO,100,,3069,1,13,17,37,24,AdministrativeArea | AggregateRating | Answer | Article | BreadcrumbList | City | FAQPage | GeoCoordinates | HowTo | HowToStep | ListItem | LocationFeatureSpecification | MonetaryAmount | Neighborhood | OpeningHoursSpecification | Organization | PostalAddress | Question | ReserveAction | Restaurant | SpeakableSpecification | TouristAttraction | WebPage | WebSite
en/guia-do-rio.html,FAIL,95,Marketing,100,,3069,1,13,17,37,24,AdministrativeArea | AggregateRating | Answer | Article | BreadcrumbList | City | FAQPage | GeoCoordinates | HowTo | HowToStep | ListItem | LocationFeatureSpecification | MonetaryAmount | Neighborhood | OpeningHoursSpecification | Organization | PostalAddress | Question | ReserveAction | Restaurant | SpeakableSpecification | TouristAttraction | WebPage | WebSite
en/guia-do-rio.html,FAIL,95,R2D2,100,,3069,1,13,17,37,24,AdministrativeArea | AggregateRating | Answer | Article | BreadcrumbList | City | FAQPage | GeoCoordinates | HowTo | HowToStep | ListItem | LocationFeatureSpecification | MonetaryAmount | Neighborhood | OpeningHoursSpecification | Organization | PostalAddress | Question | ReserveAction | Restaurant | SpeakableSpecification | TouristAttraction | WebPage | WebSite
en/guia-do-rio.html,FAIL,95,Schema,100,,3069,1,13,17,37,24,AdministrativeArea | AggregateRating | Answer | Article | BreadcrumbList | City | FAQPage | GeoCoordinates | HowTo | HowToStep | ListItem | LocationFeatureSpecification | MonetaryAmount | Neighborhood | OpeningHoursSpecification | Organization | PostalAddress | Question | ReserveAction | Restaurant | SpeakableSpecification | TouristAttraction | WebPage | WebSite
en/guia-do-rio.html,FAIL,95,Performance,100,,3069,1,13,17,37,24,AdministrativeArea | AggregateRating | Answer | Article | BreadcrumbList | City | FAQPage | GeoCoordinates | HowTo | HowToStep | ListItem | LocationFeatureSpecification | MonetaryAmount | Neighborhood | OpeningHoursSpecification | Organization | PostalAddress | Question | ReserveAction | Restaurant | SpeakableSpecification | TouristAttraction | WebPage | WebSite
en/how-to-get-there.html,PASS,97,Design,84,Risco de texto creme em fundo claro. | Opacity baixa detectada; validar texto real. | Sem CSS global de estabilização/contraste.,1045,1,7,14,11,5,AdministrativeArea | Answer | City | FAQPage | GeoCoordinates | Neighborhood | OpeningHoursSpecification | PostalAddress | Question | Restaurant | TouristAttraction | WebPage
en/how-to-get-there.html,PASS,97,UX,100,,1045,1,7,14,11,5,AdministrativeArea | Answer | City | FAQPage | GeoCoordinates | Neighborhood | OpeningHoursSpecification | PostalAddress | Question | Restaurant | TouristAttraction | WebPage
en/how-to-get-there.html,PASS,97,Copydesk,100,,1045,1,7,14,11,5,AdministrativeArea | Answer | City | FAQPage | GeoCoordinates | Neighborhood | OpeningHoursSpecification | PostalAddress | Question | Restaurant | TouristAttraction | WebPage
en/how-to-get-there.html,PASS,97,SEO,100,,1045,1,7,14,11,5,AdministrativeArea | Answer | City | FAQPage | GeoCoordinates | Neighborhood | OpeningHoursSpecification | PostalAddress | Question | Restaurant | TouristAttraction | WebPage
en/how-to-get-there.html,PASS,97,GEO,100,,1045,1,7,14,11,5,AdministrativeArea | Answer | City | FAQPage | GeoCoordinates | Neighborhood | OpeningHoursSpecification | PostalAddress | Question | Restaurant | TouristAttraction | WebPage
en/how-to-get-there.html,PASS,97,AEO,100,,1045,1,7,14,11,5,AdministrativeArea | Answer | City | FAQPage | GeoCoordinates | Neighborhood | OpeningHoursSpecification | PostalAddress | Question | Restaurant | TouristAttraction | WebPage
en/how-to-get-there.html,PASS,97,AIO,85,Sem cobertura literal das keywords prioritárias AIO. | Sem VideoObject em página de experiência/produto.,1045,1,7,14,11,5,AdministrativeArea | Answer | City | FAQPage | GeoCoordinates | Neighborhood | OpeningHoursSpecification | PostalAddress | Question | Restaurant | TouristAttraction | WebPage
en/how-to-get-there.html,PASS,97,SXO,100,,1045,1,7,14,11,5,AdministrativeArea | Answer | City | FAQPage | GeoCoordinates | Neighborhood | OpeningHoursSpecification | PostalAddress | Question | Restaurant | TouristAttraction | WebPage
en/how-to-get-there.html,PASS,97,Marketing,100,,1045,1,7,14,11,5,AdministrativeArea | Answer | City | FAQPage | GeoCoordinates | Neighborhood | OpeningHoursSpecification | PostalAddress | Question | Restaurant | TouristAttraction | WebPage
en/how-to-get-there.html,PASS,97,R2D2,93,R2D2 fraco em Decisão.,1045,1,7,14,11,5,AdministrativeArea | Answer | City | FAQPage | GeoCoordinates | Neighborhood | OpeningHoursSpecification | PostalAddress | Question | Restaurant | TouristAttraction | WebPage
en/how-to-get-there.html,PASS,97,Schema,100,,1045,1,7,14,11,5,AdministrativeArea | Answer | City | FAQPage | GeoCoordinates | Neighborhood | OpeningHoursSpecification | PostalAddress | Question | Restaurant | TouristAttraction | WebPage
en/how-to-get-there.html,PASS,97,Performance,100,,1045,1,7,14,11,5,AdministrativeArea | Answer | City | FAQPage | GeoCoordinates | Neighborhood | OpeningHoursSpecification | PostalAddress | Question | Restaurant | TouristAttraction | WebPage
en/index.html,FAIL,94,Design,76,Risco de texto creme em fundo claro. | Risco de texto azul em fundo azul. | Opacity baixa detectada; validar texto real. | Sem CSS global de estabilização/contraste.,5735,1,23,54,46,49,AdministrativeArea | AggregateRating | Answer | BreadcrumbList | City | ContactPoint | FAQPage | FoodEstablishment | GeoCoordinates | ListItem | LocalBusiness | LocationFeatureSpecification | Menu | MenuItem | MenuSection | Neighborhood | Offer | OpeningHoursSpecification | Organization | PostalAddress | Question | ReserveAction | Restaurant | SpeakableSpecification | TouristAttraction | WebPage | WebSite
en/index.html,FAIL,94,UX,100,,5735,1,23,54,46,49,AdministrativeArea | AggregateRating | Answer | BreadcrumbList | City | ContactPoint | FAQPage | FoodEstablishment | GeoCoordinates | ListItem | LocalBusiness | LocationFeatureSpecification | Menu | MenuItem | MenuSection | Neighborhood | Offer | OpeningHoursSpecification | Organization | PostalAddress | Question | ReserveAction | Restaurant | SpeakableSpecification | TouristAttraction | WebPage | WebSite
en/index.html,FAIL,94,Copydesk,100,,5735,1,23,54,46,49,AdministrativeArea | AggregateRating | Answer | BreadcrumbList | City | ContactPoint | FAQPage | FoodEstablishment | GeoCoordinates | ListItem | LocalBusiness | LocationFeatureSpecification | Menu | MenuItem | MenuSection | Neighborhood | Offer | OpeningHoursSpecification | Organization | PostalAddress | Question | ReserveAction | Restaurant | SpeakableSpecification | TouristAttraction | WebPage | WebSite
en/index.html,FAIL,94,SEO,72,Sem meta description. | Sem canonical.,5735,1,23,54,46,49,AdministrativeArea | AggregateRating | Answer | BreadcrumbList | City | ContactPoint | FAQPage | FoodEstablishment | GeoCoordinates | ListItem | LocalBusiness | LocationFeatureSpecification | Menu | MenuItem | MenuSection | Neighborhood | Offer | OpeningHoursSpecification | Organization | PostalAddress | Question | ReserveAction | Restaurant | SpeakableSpecification | TouristAttraction | WebPage | WebSite
en/index.html,FAIL,94,GEO,100,,5735,1,23,54,46,49,AdministrativeArea | AggregateRating | Answer | BreadcrumbList | City | ContactPoint | FAQPage | FoodEstablishment | GeoCoordinates | ListItem | LocalBusiness | LocationFeatureSpecification | Menu | MenuItem | MenuSection | Neighborhood | Offer | OpeningHoursSpecification | Organization | PostalAddress | Question | ReserveAction | Restaurant | SpeakableSpecification | TouristAttraction | WebPage | WebSite
en/index.html,FAIL,94,AEO,100,,5735,1,23,54,46,49,AdministrativeArea | AggregateRating | Answer | BreadcrumbList | City | ContactPoint | FAQPage | FoodEstablishment | GeoCoordinates | ListItem | LocalBusiness | LocationFeatureSpecification | Menu | MenuItem | MenuSection | Neighborhood | Offer | OpeningHoursSpecification | Organization | PostalAddress | Question | ReserveAction | Restaurant | SpeakableSpecification | TouristAttraction | WebPage | WebSite
en/index.html,FAIL,94,AIO,85,Sem cobertura literal das keywords prioritárias AIO. | Sem VideoObject em página de experiência/produto.,5735,1,23,54,46,49,AdministrativeArea | AggregateRating | Answer | BreadcrumbList | City | ContactPoint | FAQPage | FoodEstablishment | GeoCoordinates | ListItem | LocalBusiness | LocationFeatureSpecification | Menu | MenuItem | MenuSection | Neighborhood | Offer | OpeningHoursSpecification | Organization | PostalAddress | Question | ReserveAction | Restaurant | SpeakableSpecification | TouristAttraction | WebPage | WebSite
en/index.html,FAIL,94,SXO,100,,5735,1,23,54,46,49,AdministrativeArea | AggregateRating | Answer | BreadcrumbList | City | ContactPoint | FAQPage | FoodEstablishment | GeoCoordinates | ListItem | LocalBusiness | LocationFeatureSpecification | Menu | MenuItem | MenuSection | Neighborhood | Offer | OpeningHoursSpecification | Organization | PostalAddress | Question | ReserveAction | Restaurant | SpeakableSpecification | TouristAttraction | WebPage | WebSite
en/index.html,FAIL,94,Marketing,100,,5735,1,23,54,46,49,AdministrativeArea | AggregateRating | Answer | BreadcrumbList | City | ContactPoint | FAQPage | FoodEstablishment | GeoCoordinates | ListItem | LocalBusiness | LocationFeatureSpecification | Menu | MenuItem | MenuSection | Neighborhood | Offer | OpeningHoursSpecification | Organization | PostalAddress | Question | ReserveAction | Restaurant | SpeakableSpecification | TouristAttraction | WebPage | WebSite
en/index.html,FAIL,94,R2D2,93,R2D2 fraco em Decisão.,5735,1,23,54,46,49,AdministrativeArea | AggregateRating | Answer | BreadcrumbList | City | ContactPoint | FAQPage | FoodEstablishment | GeoCoordinates | ListItem | LocalBusiness | LocationFeatureSpecification | Menu | MenuItem | MenuSection | Neighborhood | Offer | OpeningHoursSpecification | Organization | PostalAddress | Question | ReserveAction | Restaurant | SpeakableSpecification | TouristAttraction | WebPage | WebSite
en/index.html,FAIL,94,Schema,100,,5735,1,23,54,46,49,AdministrativeArea | AggregateRating | Answer | BreadcrumbList | City | ContactPoint | FAQPage | FoodEstablishment | GeoCoordinates | ListItem | LocalBusiness | LocationFeatureSpecification | Menu | MenuItem | MenuSection | Neighborhood | Offer | OpeningHoursSpecification | Organization | PostalAddress | Question | ReserveAction | Restaurant | SpeakableSpecification | TouristAttraction | WebPage | WebSite
en/index.html,FAIL,94,Performance,100,,5735,1,23,54,46,49,AdministrativeArea | AggregateRating | Answer | BreadcrumbList | City | ContactPoint | FAQPage | FoodEstablishment | GeoCoordinates | ListItem | LocalBusiness | LocationFeatureSpecification | Menu | MenuItem | MenuSection | Neighborhood | Offer | OpeningHoursSpecification | Organization | PostalAddress | Question | ReserveAction | Restaurant | SpeakableSpecification | TouristAttraction | WebPage | WebSite
en/morro-da-urca.html,FAIL,95,Design,84,Risco de texto creme em fundo claro. | Opacity baixa detectada; validar texto real. | Sem CSS global de estabilização/contraste.,1612,1,9,17,28,17,AdministrativeArea | AggregateRating | Answer | Article | BreadcrumbList | City | FAQPage | GeoCoordinates | ImageObject | Landform | ListItem | LocalBusiness | LocationFeatureSpecification | Neighborhood | OpeningHoursSpecification | Organization | PostalAddress | Question | ReserveAction | Restaurant | SpeakableSpecification | TouristAttraction | WebPage | WebSite
en/morro-da-urca.html,FAIL,95,UX,100,,1612,1,9,17,28,17,AdministrativeArea | AggregateRating | Answer | Article | BreadcrumbList | City | FAQPage | GeoCoordinates | ImageObject | Landform | ListItem | LocalBusiness | LocationFeatureSpecification | Neighborhood | OpeningHoursSpecification | Organization | PostalAddress | Question | ReserveAction | Restaurant | SpeakableSpecification | TouristAttraction | WebPage | WebSite
en/morro-da-urca.html,FAIL,95,Copydesk,100,,1612,1,9,17,28,17,AdministrativeArea | AggregateRating | Answer | Article | BreadcrumbList | City | FAQPage | GeoCoordinates | ImageObject | Landform | ListItem | LocalBusiness | LocationFeatureSpecification | Neighborhood | OpeningHoursSpecification | Organization | PostalAddress | Question | ReserveAction | Restaurant | SpeakableSpecification | TouristAttraction | WebPage | WebSite
en/morro-da-urca.html,FAIL,95,SEO,72,Sem meta description. | Sem canonical.,1612,1,9,17,28,17,AdministrativeArea | AggregateRating | Answer | Article | BreadcrumbList | City | FAQPage | GeoCoordinates | ImageObject | Landform | ListItem | LocalBusiness | LocationFeatureSpecification | Neighborhood | OpeningHoursSpecification | Organization | PostalAddress | Question | ReserveAction | Restaurant | SpeakableSpecification | TouristAttraction | WebPage | WebSite
en/morro-da-urca.html,FAIL,95,GEO,100,,1612,1,9,17,28,17,AdministrativeArea | AggregateRating | Answer | Article | BreadcrumbList | City | FAQPage | GeoCoordinates | ImageObject | Landform | ListItem | LocalBusiness | LocationFeatureSpecification | Neighborhood | OpeningHoursSpecification | Organization | PostalAddress | Question | ReserveAction | Restaurant | SpeakableSpecification | TouristAttraction | WebPage | WebSite
en/morro-da-urca.html,FAIL,95,AEO,100,,1612,1,9,17,28,17,AdministrativeArea | AggregateRating | Answer | Article | BreadcrumbList | City | FAQPage | GeoCoordinates | ImageObject | Landform | ListItem | LocalBusiness | LocationFeatureSpecification | Neighborhood | OpeningHoursSpecification | Organization | PostalAddress | Question | ReserveAction | Restaurant | SpeakableSpecification | TouristAttraction | WebPage | WebSite
en/morro-da-urca.html,FAIL,95,AIO,85,Sem cobertura literal das keywords prioritárias AIO. | Sem VideoObject em página de experiência/produto.,1612,1,9,17,28,17,AdministrativeArea | AggregateRating | Answer | Article | BreadcrumbList | City | FAQPage | GeoCoordinates | ImageObject | Landform | ListItem | LocalBusiness | LocationFeatureSpecification | Neighborhood | OpeningHoursSpecification | Organization | PostalAddress | Question | ReserveAction | Restaurant | SpeakableSpecification | TouristAttraction | WebPage | WebSite
en/morro-da-urca.html,FAIL,95,SXO,100,,1612,1,9,17,28,17,AdministrativeArea | AggregateRating | Answer | Article | BreadcrumbList | City | FAQPage | GeoCoordinates | ImageObject | Landform | ListItem | LocalBusiness | LocationFeatureSpecification | Neighborhood | OpeningHoursSpecification | Organization | PostalAddress | Question | ReserveAction | Restaurant | SpeakableSpecification | TouristAttraction | WebPage | WebSite
en/morro-da-urca.html,FAIL,95,Marketing,100,,1612,1,9,17,28,17,AdministrativeArea | AggregateRating | Answer | Article | BreadcrumbList | City | FAQPage | GeoCoordinates | ImageObject | Landform | ListItem | LocalBusiness | LocationFeatureSpecification | Neighborhood | OpeningHoursSpecification | Organization | PostalAddress | Question | ReserveAction | Restaurant | SpeakableSpecification | TouristAttraction | WebPage | WebSite
en/morro-da-urca.html,FAIL,95,R2D2,100,,1612,1,9,17,28,17,AdministrativeArea | AggregateRating | Answer | Article | BreadcrumbList | City | FAQPage | GeoCoordinates | ImageObject | Landform | ListItem | LocalBusiness | LocationFeatureSpecification | Neighborhood | OpeningHoursSpecification | Organization | PostalAddress | Question | ReserveAction | Restaurant | SpeakableSpecification | TouristAttraction | WebPage | WebSite
en/morro-da-urca.html,FAIL,95,Schema,100,,1612,1,9,17,28,17,AdministrativeArea | AggregateRating | Answer | Article | BreadcrumbList | City | FAQPage | GeoCoordinates | ImageObject | Landform | ListItem | LocalBusiness | LocationFeatureSpecification | Neighborhood | OpeningHoursSpecification | Organization | PostalAddress | Question | ReserveAction | Restaurant | SpeakableSpecification | TouristAttraction | WebPage | WebSite
en/morro-da-urca.html,FAIL,95,Performance,100,,1612,1,9,17,28,17,AdministrativeArea | AggregateRating | Answer | Article | BreadcrumbList | City | FAQPage | GeoCoordinates | ImageObject | Landform | ListItem | LocalBusiness | LocationFeatureSpecification | Neighborhood | OpeningHoursSpecification | Organization | PostalAddress | Question | ReserveAction | Restaurant | SpeakableSpecification | TouristAttraction | WebPage | WebSite
en/nossa-visao.html,FAIL,94,Design,84,Risco de texto creme em fundo claro. | Opacity baixa detectada; validar texto real. | Sem CSS global de estabilização/contraste.,620,1,3,14,12,4,AdministrativeArea | AggregateRating | Answer | BreadcrumbList | City | FAQPage | GeoCoordinates | ListItem | LocalBusiness | LocationFeatureSpecification | Neighborhood | OpeningHoursSpecification | PostalAddress | Question | ReserveAction | Restaurant | TouristAttraction | WebPage | WebSite
en/nossa-visao.html,FAIL,94,UX,100,,620,1,3,14,12,4,AdministrativeArea | AggregateRating | Answer | BreadcrumbList | City | FAQPage | GeoCoordinates | ListItem | LocalBusiness | LocationFeatureSpecification | Neighborhood | OpeningHoursSpecification | PostalAddress | Question | ReserveAction | Restaurant | TouristAttraction | WebPage | WebSite
en/nossa-visao.html,FAIL,94,Copydesk,100,,620,1,3,14,12,4,AdministrativeArea | AggregateRating | Answer | BreadcrumbList | City | FAQPage | GeoCoordinates | ListItem | LocalBusiness | LocationFeatureSpecification | Neighborhood | OpeningHoursSpecification | PostalAddress | Question | ReserveAction | Restaurant | TouristAttraction | WebPage | WebSite
en/nossa-visao.html,FAIL,94,SEO,72,Sem meta description. | Sem canonical.,620,1,3,14,12,4,AdministrativeArea | AggregateRating | Answer | BreadcrumbList | City | FAQPage | GeoCoordinates | ListItem | LocalBusiness | LocationFeatureSpecification | Neighborhood | OpeningHoursSpecification | PostalAddress | Question | ReserveAction | Restaurant | TouristAttraction | WebPage | WebSite
en/nossa-visao.html,FAIL,94,GEO,100,,620,1,3,14,12,4,AdministrativeArea | AggregateRating | Answer | BreadcrumbList | City | FAQPage | GeoCoordinates | ListItem | LocalBusiness | LocationFeatureSpecification | Neighborhood | OpeningHoursSpecification | PostalAddress | Question | ReserveAction | Restaurant | TouristAttraction | WebPage | WebSite
en/nossa-visao.html,FAIL,94,AEO,100,,620,1,3,14,12,4,AdministrativeArea | AggregateRating | Answer | BreadcrumbList | City | FAQPage | GeoCoordinates | ListItem | LocalBusiness | LocationFeatureSpecification | Neighborhood | OpeningHoursSpecification | PostalAddress | Question | ReserveAction | Restaurant | TouristAttraction | WebPage | WebSite
en/nossa-visao.html,FAIL,94,AIO,85,Sem cobertura literal das keywords prioritárias AIO. | Sem VideoObject em página de experiência/produto.,620,1,3,14,12,4,AdministrativeArea | AggregateRating | Answer | BreadcrumbList | City | FAQPage | GeoCoordinates | ListItem | LocalBusiness | LocationFeatureSpecification | Neighborhood | OpeningHoursSpecification | PostalAddress | Question | ReserveAction | Restaurant | TouristAttraction | WebPage | WebSite
en/nossa-visao.html,FAIL,94,SXO,100,,620,1,3,14,12,4,AdministrativeArea | AggregateRating | Answer | BreadcrumbList | City | FAQPage | GeoCoordinates | ListItem | LocalBusiness | LocationFeatureSpecification | Neighborhood | OpeningHoursSpecification | PostalAddress | Question | ReserveAction | Restaurant | TouristAttraction | WebPage | WebSite
en/nossa-visao.html,FAIL,94,Marketing,100,,620,1,3,14,12,4,AdministrativeArea | AggregateRating | Answer | BreadcrumbList | City | FAQPage | GeoCoordinates | ListItem | LocalBusiness | LocationFeatureSpecification | Neighborhood | OpeningHoursSpecification | PostalAddress | Question | ReserveAction | Restaurant | TouristAttraction | WebPage | WebSite
en/nossa-visao.html,FAIL,94,R2D2,93,R2D2 fraco em Decisão.,620,1,3,14,12,4,AdministrativeArea | AggregateRating | Answer | BreadcrumbList | City | FAQPage | GeoCoordinates | ListItem | LocalBusiness | LocationFeatureSpecification | Neighborhood | OpeningHoursSpecification | PostalAddress | Question | ReserveAction | Restaurant | TouristAttraction | WebPage | WebSite
en/nossa-visao.html,FAIL,94,Schema,100,,620,1,3,14,12,4,AdministrativeArea | AggregateRating | Answer | BreadcrumbList | City | FAQPage | GeoCoordinates | ListItem | LocalBusiness | LocationFeatureSpecification | Neighborhood | OpeningHoursSpecification | PostalAddress | Question | ReserveAction | Restaurant | TouristAttraction | WebPage | WebSite
en/nossa-visao.html,FAIL,94,Performance,100,,620,1,3,14,12,4,AdministrativeArea | AggregateRating | Answer | BreadcrumbList | City | FAQPage | GeoCoordinates | ListItem | LocalBusiness | LocationFeatureSpecification | Neighborhood | OpeningHoursSpecification | PostalAddress | Question | ReserveAction | Restaurant | TouristAttraction | WebPage | WebSite
en/o-que-fazer-depois-do-bondinho-pao-de-acucar.html,FAIL,94,Design,84,Risco de texto creme em fundo claro. | Opacity baixa detectada; validar texto real. | Sem CSS global de estabilização/contraste.,970,1,6,17,19,11,AdministrativeArea | AggregateRating | Answer | Article | BreadcrumbList | City | FAQPage | GeoCoordinates | HowTo | HowToStep | ListItem | LocationFeatureSpecification | MonetaryAmount | Neighborhood | OpeningHoursSpecification | Organization | PostalAddress | Question | ReserveAction | Restaurant | SpeakableSpecification | TouristAttraction | WebPage | WebSite
en/o-que-fazer-depois-do-bondinho-pao-de-acucar.html,FAIL,94,UX,100,,970,1,6,17,19,11,AdministrativeArea | AggregateRating | Answer | Article | BreadcrumbList | City | FAQPage | GeoCoordinates | HowTo | HowToStep | ListItem | LocationFeatureSpecification | MonetaryAmount | Neighborhood | OpeningHoursSpecification | Organization | PostalAddress | Question | ReserveAction | Restaurant | SpeakableSpecification | TouristAttraction | WebPage | WebSite
en/o-que-fazer-depois-do-bondinho-pao-de-acucar.html,FAIL,94,Copydesk,100,,970,1,6,17,19,11,AdministrativeArea | AggregateRating | Answer | Article | BreadcrumbList | City | FAQPage | GeoCoordinates | HowTo | HowToStep | ListItem | LocationFeatureSpecification | MonetaryAmount | Neighborhood | OpeningHoursSpecification | Organization | PostalAddress | Question | ReserveAction | Restaurant | SpeakableSpecification | TouristAttraction | WebPage | WebSite
en/o-que-fazer-depois-do-bondinho-pao-de-acucar.html,FAIL,94,SEO,72,Sem meta description. | Sem canonical.,970,1,6,17,19,11,AdministrativeArea | AggregateRating | Answer | Article | BreadcrumbList | City | FAQPage | GeoCoordinates | HowTo | HowToStep | ListItem | LocationFeatureSpecification | MonetaryAmount | Neighborhood | OpeningHoursSpecification | Organization | PostalAddress | Question | ReserveAction | Restaurant | SpeakableSpecification | TouristAttraction | WebPage | WebSite
en/o-que-fazer-depois-do-bondinho-pao-de-acucar.html,FAIL,94,GEO,100,,970,1,6,17,19,11,AdministrativeArea | AggregateRating | Answer | Article | BreadcrumbList | City | FAQPage | GeoCoordinates | HowTo | HowToStep | ListItem | LocationFeatureSpecification | MonetaryAmount | Neighborhood | OpeningHoursSpecification | Organization | PostalAddress | Question | ReserveAction | Restaurant | SpeakableSpecification | TouristAttraction | WebPage | WebSite
en/o-que-fazer-depois-do-bondinho-pao-de-acucar.html,FAIL,94,AEO,100,,970,1,6,17,19,11,AdministrativeArea | AggregateRating | Answer | Article | BreadcrumbList | City | FAQPage | GeoCoordinates | HowTo | HowToStep | ListItem | LocationFeatureSpecification | MonetaryAmount | Neighborhood | OpeningHoursSpecification | Organization | PostalAddress | Question | ReserveAction | Restaurant | SpeakableSpecification | TouristAttraction | WebPage | WebSite
en/o-que-fazer-depois-do-bondinho-pao-de-acucar.html,FAIL,94,AIO,85,Sem cobertura literal das keywords prioritárias AIO. | Sem VideoObject em página de experiência/produto.,970,1,6,17,19,11,AdministrativeArea | AggregateRating | Answer | Article | BreadcrumbList | City | FAQPage | GeoCoordinates | HowTo | HowToStep | ListItem | LocationFeatureSpecification | MonetaryAmount | Neighborhood | OpeningHoursSpecification | Organization | PostalAddress | Question | ReserveAction | Restaurant | SpeakableSpecification | TouristAttraction | WebPage | WebSite
en/o-que-fazer-depois-do-bondinho-pao-de-acucar.html,FAIL,94,SXO,100,,970,1,6,17,19,11,AdministrativeArea | AggregateRating | Answer | Article | BreadcrumbList | City | FAQPage | GeoCoordinates | HowTo | HowToStep | ListItem | LocationFeatureSpecification | MonetaryAmount | Neighborhood | OpeningHoursSpecification | Organization | PostalAddress | Question | ReserveAction | Restaurant | SpeakableSpecification | TouristAttraction | WebPage | WebSite
en/o-que-fazer-depois-do-bondinho-pao-de-acucar.html,FAIL,94,Marketing,100,,970,1,6,17,19,11,AdministrativeArea | AggregateRating | Answer | Article | BreadcrumbList | City | FAQPage | GeoCoordinates | HowTo | HowToStep | ListItem | LocationFeatureSpecification | MonetaryAmount | Neighborhood | OpeningHoursSpecification | Organization | PostalAddress | Question | ReserveAction | Restaurant | SpeakableSpecification | TouristAttraction | WebPage | WebSite
en/o-que-fazer-depois-do-bondinho-pao-de-acucar.html,FAIL,94,R2D2,93,R2D2 fraco em Decisão.,970,1,6,17,19,11,AdministrativeArea | AggregateRating | Answer | Article | BreadcrumbList | City | FAQPage | GeoCoordinates | HowTo | HowToStep | ListItem | LocationFeatureSpecification | MonetaryAmount | Neighborhood | OpeningHoursSpecification | Organization | PostalAddress | Question | ReserveAction | Restaurant | SpeakableSpecification | TouristAttraction | WebPage | WebSite
en/o-que-fazer-depois-do-bondinho-pao-de-acucar.html,FAIL,94,Schema,100,,970,1,6,17,19,11,AdministrativeArea | AggregateRating | Answer | Article | BreadcrumbList | City | FAQPage | GeoCoordinates | HowTo | HowToStep | ListItem | LocationFeatureSpecification | MonetaryAmount | Neighborhood | OpeningHoursSpecification | Organization | PostalAddress | Question | ReserveAction | Restaurant | SpeakableSpecification | TouristAttraction | WebPage | WebSite
en/o-que-fazer-depois-do-bondinho-pao-de-acucar.html,FAIL,94,Performance,100,,970,1,6,17,19,11,AdministrativeArea | AggregateRating | Answer | Article | BreadcrumbList | City | FAQPage | GeoCoordinates | HowTo | HowToStep | ListItem | LocationFeatureSpecification | MonetaryAmount | Neighborhood | OpeningHoursSpecification | Organization | PostalAddress | Question | ReserveAction | Restaurant | SpeakableSpecification | TouristAttraction | WebPage | WebSite
en/parque-bondinho.html,FAIL,95,Design,84,Risco de texto creme em fundo claro. | Opacity baixa detectada; validar texto real. | Sem CSS global de estabilização/contraste.,1373,1,7,17,26,19,AdministrativeArea | AggregateRating | Answer | Article | BreadcrumbList | City | FAQPage | GeoCoordinates | ListItem | LocalBusiness | LocationFeatureSpecification | Neighborhood | OpeningHoursSpecification | Organization | PostalAddress | Question | ReserveAction | Restaurant | SpeakableSpecification | TouristAttraction | TouristDestination | WebPage | WebSite
en/parque-bondinho.html,FAIL,95,UX,100,,1373,1,7,17,26,19,AdministrativeArea | AggregateRating | Answer | Article | BreadcrumbList | City | FAQPage | GeoCoordinates | ListItem | LocalBusiness | LocationFeatureSpecification | Neighborhood | OpeningHoursSpecification | Organization | PostalAddress | Question | ReserveAction | Restaurant | SpeakableSpecification | TouristAttraction | TouristDestination | WebPage | WebSite
en/parque-bondinho.html,FAIL,95,Copydesk,100,,1373,1,7,17,26,19,AdministrativeArea | AggregateRating | Answer | Article | BreadcrumbList | City | FAQPage | GeoCoordinates | ListItem | LocalBusiness | LocationFeatureSpecification | Neighborhood | OpeningHoursSpecification | Organization | PostalAddress | Question | ReserveAction | Restaurant | SpeakableSpecification | TouristAttraction | TouristDestination | WebPage | WebSite
en/parque-bondinho.html,FAIL,95,SEO,72,Sem meta description. | Sem canonical.,1373,1,7,17,26,19,AdministrativeArea | AggregateRating | Answer | Article | BreadcrumbList | City | FAQPage | GeoCoordinates | ListItem | LocalBusiness | LocationFeatureSpecification | Neighborhood | OpeningHoursSpecification | Organization | PostalAddress | Question | ReserveAction | Restaurant | SpeakableSpecification | TouristAttraction | TouristDestination | WebPage | WebSite
en/parque-bondinho.html,FAIL,95,GEO,100,,1373,1,7,17,26,19,AdministrativeArea | AggregateRating | Answer | Article | BreadcrumbList | City | FAQPage | GeoCoordinates | ListItem | LocalBusiness | LocationFeatureSpecification | Neighborhood | OpeningHoursSpecification | Organization | PostalAddress | Question | ReserveAction | Restaurant | SpeakableSpecification | TouristAttraction | TouristDestination | WebPage | WebSite
en/parque-bondinho.html,FAIL,95,AEO,100,,1373,1,7,17,26,19,AdministrativeArea | AggregateRating | Answer | Article | BreadcrumbList | City | FAQPage | GeoCoordinates | ListItem | LocalBusiness | LocationFeatureSpecification | Neighborhood | OpeningHoursSpecification | Organization | PostalAddress | Question | ReserveAction | Restaurant | SpeakableSpecification | TouristAttraction | TouristDestination | WebPage | WebSite
en/parque-bondinho.html,FAIL,95,AIO,85,Sem cobertura literal das keywords prioritárias AIO. | Sem VideoObject em página de experiência/produto.,1373,1,7,17,26,19,AdministrativeArea | AggregateRating | Answer | Article | BreadcrumbList | City | FAQPage | GeoCoordinates | ListItem | LocalBusiness | LocationFeatureSpecification | Neighborhood | OpeningHoursSpecification | Organization | PostalAddress | Question | ReserveAction | Restaurant | SpeakableSpecification | TouristAttraction | TouristDestination | WebPage | WebSite
en/parque-bondinho.html,FAIL,95,SXO,100,,1373,1,7,17,26,19,AdministrativeArea | AggregateRating | Answer | Article | BreadcrumbList | City | FAQPage | GeoCoordinates | ListItem | LocalBusiness | LocationFeatureSpecification | Neighborhood | OpeningHoursSpecification | Organization | PostalAddress | Question | ReserveAction | Restaurant | SpeakableSpecification | TouristAttraction | TouristDestination | WebPage | WebSite
en/parque-bondinho.html,FAIL,95,Marketing,100,,1373,1,7,17,26,19,AdministrativeArea | AggregateRating | Answer | Article | BreadcrumbList | City | FAQPage | GeoCoordinates | ListItem | LocalBusiness | LocationFeatureSpecification | Neighborhood | OpeningHoursSpecification | Organization | PostalAddress | Question | ReserveAction | Restaurant | SpeakableSpecification | TouristAttraction | TouristDestination | WebPage | WebSite
en/parque-bondinho.html,FAIL,95,R2D2,100,,1373,1,7,17,26,19,AdministrativeArea | AggregateRating | Answer | Article | BreadcrumbList | City | FAQPage | GeoCoordinates | ListItem | LocalBusiness | LocationFeatureSpecification | Neighborhood | OpeningHoursSpecification | Organization | PostalAddress | Question | ReserveAction | Restaurant | SpeakableSpecification | TouristAttraction | TouristDestination | WebPage | WebSite
en/parque-bondinho.html,FAIL,95,Schema,100,,1373,1,7,17,26,19,AdministrativeArea | AggregateRating | Answer | Article | BreadcrumbList | City | FAQPage | GeoCoordinates | ListItem | LocalBusiness | LocationFeatureSpecification | Neighborhood | OpeningHoursSpecification | Organization | PostalAddress | Question | ReserveAction | Restaurant | SpeakableSpecification | TouristAttraction | TouristDestination | WebPage | WebSite
en/parque-bondinho.html,FAIL,95,Performance,100,,1373,1,7,17,26,19,AdministrativeArea | AggregateRating | Answer | Article | BreadcrumbList | City | FAQPage | GeoCoordinates | ListItem | LocalBusiness | LocationFeatureSpecification | Neighborhood | OpeningHoursSpecification | Organization | PostalAddress | Question | ReserveAction | Restaurant | SpeakableSpecification | TouristAttraction | TouristDestination | WebPage | WebSite
en/por-do-sol-morro-da-urca.html,FAIL,94,Design,84,Risco de texto creme em fundo claro. | Opacity baixa detectada; validar texto real. | Sem CSS global de estabilização/contraste.,710,1,7,14,13,7,AdministrativeArea | AggregateRating | Answer | BreadcrumbList | City | FAQPage | GeoCoordinates | ListItem | LocationFeatureSpecification | MusicEvent | Neighborhood | Offer | OpeningHoursSpecification | Organization | Place | PostalAddress | Question | ReserveAction | Restaurant | Schedule | TouristAttraction | WebPage | WebSite
en/por-do-sol-morro-da-urca.html,FAIL,94,UX,100,,710,1,7,14,13,7,AdministrativeArea | AggregateRating | Answer | BreadcrumbList | City | FAQPage | GeoCoordinates | ListItem | LocationFeatureSpecification | MusicEvent | Neighborhood | Offer | OpeningHoursSpecification | Organization | Place | PostalAddress | Question | ReserveAction | Restaurant | Schedule | TouristAttraction | WebPage | WebSite
en/por-do-sol-morro-da-urca.html,FAIL,94,Copydesk,100,,710,1,7,14,13,7,AdministrativeArea | AggregateRating | Answer | BreadcrumbList | City | FAQPage | GeoCoordinates | ListItem | LocationFeatureSpecification | MusicEvent | Neighborhood | Offer | OpeningHoursSpecification | Organization | Place | PostalAddress | Question | ReserveAction | Restaurant | Schedule | TouristAttraction | WebPage | WebSite
en/por-do-sol-morro-da-urca.html,FAIL,94,SEO,72,Sem meta description. | Sem canonical.,710,1,7,14,13,7,AdministrativeArea | AggregateRating | Answer | BreadcrumbList | City | FAQPage | GeoCoordinates | ListItem | LocationFeatureSpecification | MusicEvent | Neighborhood | Offer | OpeningHoursSpecification | Organization | Place | PostalAddress | Question | ReserveAction | Restaurant | Schedule | TouristAttraction | WebPage | WebSite
en/por-do-sol-morro-da-urca.html,FAIL,94,GEO,100,,710,1,7,14,13,7,AdministrativeArea | AggregateRating | Answer | BreadcrumbList | City | FAQPage | GeoCoordinates | ListItem | LocationFeatureSpecification | MusicEvent | Neighborhood | Offer | OpeningHoursSpecification | Organization | Place | PostalAddress | Question | ReserveAction | Restaurant | Schedule | TouristAttraction | WebPage | WebSite
en/por-do-sol-morro-da-urca.html,FAIL,94,AEO,100,,710,1,7,14,13,7,AdministrativeArea | AggregateRating | Answer | BreadcrumbList | City | FAQPage | GeoCoordinates | ListItem | LocationFeatureSpecification | MusicEvent | Neighborhood | Offer | OpeningHoursSpecification | Organization | Place | PostalAddress | Question | ReserveAction | Restaurant | Schedule | TouristAttraction | WebPage | WebSite
en/por-do-sol-morro-da-urca.html,FAIL,94,AIO,85,Sem cobertura literal das keywords prioritárias AIO. | Sem VideoObject em página de experiência/produto.,710,1,7,14,13,7,AdministrativeArea | AggregateRating | Answer | BreadcrumbList | City | FAQPage | GeoCoordinates | ListItem | LocationFeatureSpecification | MusicEvent | Neighborhood | Offer | OpeningHoursSpecification | Organization | Place | PostalAddress | Question | ReserveAction | Restaurant | Schedule | TouristAttraction | WebPage | WebSite
en/por-do-sol-morro-da-urca.html,FAIL,94,SXO,100,,710,1,7,14,13,7,AdministrativeArea | AggregateRating | Answer | BreadcrumbList | City | FAQPage | GeoCoordinates | ListItem | LocationFeatureSpecification | MusicEvent | Neighborhood | Offer | OpeningHoursSpecification | Organization | Place | PostalAddress | Question | ReserveAction | Restaurant | Schedule | TouristAttraction | WebPage | WebSite
en/por-do-sol-morro-da-urca.html,FAIL,94,Marketing,100,,710,1,7,14,13,7,AdministrativeArea | AggregateRating | Answer | BreadcrumbList | City | FAQPage | GeoCoordinates | ListItem | LocationFeatureSpecification | MusicEvent | Neighborhood | Offer | OpeningHoursSpecification | Organization | Place | PostalAddress | Question | ReserveAction | Restaurant | Schedule | TouristAttraction | WebPage | WebSite
en/por-do-sol-morro-da-urca.html,FAIL,94,R2D2,93,R2D2 fraco em Decisão.,710,1,7,14,13,7,AdministrativeArea | AggregateRating | Answer | BreadcrumbList | City | FAQPage | GeoCoordinates | ListItem | LocationFeatureSpecification | MusicEvent | Neighborhood | Offer | OpeningHoursSpecification | Organization | Place | PostalAddress | Question | ReserveAction | Restaurant | Schedule | TouristAttraction | WebPage | WebSite
en/por-do-sol-morro-da-urca.html,FAIL,94,Schema,100,,710,1,7,14,13,7,AdministrativeArea | AggregateRating | Answer | BreadcrumbList | City | FAQPage | GeoCoordinates | ListItem | LocationFeatureSpecification | MusicEvent | Neighborhood | Offer | OpeningHoursSpecification | Organization | Place | PostalAddress | Question | ReserveAction | Restaurant | Schedule | TouristAttraction | WebPage | WebSite
en/por-do-sol-morro-da-urca.html,FAIL,94,Performance,100,,710,1,7,14,13,7,AdministrativeArea | AggregateRating | Answer | BreadcrumbList | City | FAQPage | GeoCoordinates | ListItem | LocationFeatureSpecification | MusicEvent | Neighborhood | Offer | OpeningHoursSpecification | Organization | Place | PostalAddress | Question | ReserveAction | Restaurant | Schedule | TouristAttraction | WebPage | WebSite
en/restaurant-at-urca-hill.html,FAIL,94,Design,84,Risco de texto creme em fundo claro. | Opacity baixa detectada; validar texto real. | Sem CSS global de estabilização/contraste.,1060,1,7,14,17,7,AdministrativeArea | AggregateRating | Answer | BreadcrumbList | City | FAQPage | GeoCoordinates | ItemList | ListItem | LocationFeatureSpecification | Neighborhood | OpeningHoursSpecification | PostalAddress | Question | ReserveAction | Restaurant | SpeakableSpecification | TouristAttraction | WebPage | WebSite
en/restaurant-at-urca-hill.html,FAIL,94,UX,100,,1060,1,7,14,17,7,AdministrativeArea | AggregateRating | Answer | BreadcrumbList | City | FAQPage | GeoCoordinates | ItemList | ListItem | LocationFeatureSpecification | Neighborhood | OpeningHoursSpecification | PostalAddress | Question | ReserveAction | Restaurant | SpeakableSpecification | TouristAttraction | WebPage | WebSite
en/restaurant-at-urca-hill.html,FAIL,94,Copydesk,100,,1060,1,7,14,17,7,AdministrativeArea | AggregateRating | Answer | BreadcrumbList | City | FAQPage | GeoCoordinates | ItemList | ListItem | LocationFeatureSpecification | Neighborhood | OpeningHoursSpecification | PostalAddress | Question | ReserveAction | Restaurant | SpeakableSpecification | TouristAttraction | WebPage | WebSite
en/restaurant-at-urca-hill.html,FAIL,94,SEO,72,Sem meta description. | Sem canonical.,1060,1,7,14,17,7,AdministrativeArea | AggregateRating | Answer | BreadcrumbList | City | FAQPage | GeoCoordinates | ItemList | ListItem | LocationFeatureSpecification | Neighborhood | OpeningHoursSpecification | PostalAddress | Question | ReserveAction | Restaurant | SpeakableSpecification | TouristAttraction | WebPage | WebSite
en/restaurant-at-urca-hill.html,FAIL,94,GEO,100,,1060,1,7,14,17,7,AdministrativeArea | AggregateRating | Answer | BreadcrumbList | City | FAQPage | GeoCoordinates | ItemList | ListItem | LocationFeatureSpecification | Neighborhood | OpeningHoursSpecification | PostalAddress | Question | ReserveAction | Restaurant | SpeakableSpecification | TouristAttraction | WebPage | WebSite
en/restaurant-at-urca-hill.html,FAIL,94,AEO,100,,1060,1,7,14,17,7,AdministrativeArea | AggregateRating | Answer | BreadcrumbList | City | FAQPage | GeoCoordinates | ItemList | ListItem | LocationFeatureSpecification | Neighborhood | OpeningHoursSpecification | PostalAddress | Question | ReserveAction | Restaurant | SpeakableSpecification | TouristAttraction | WebPage | WebSite
en/restaurant-at-urca-hill.html,FAIL,94,AIO,85,Sem cobertura literal das keywords prioritárias AIO. | Sem VideoObject em página de experiência/produto.,1060,1,7,14,17,7,AdministrativeArea | AggregateRating | Answer | BreadcrumbList | City | FAQPage | GeoCoordinates | ItemList | ListItem | LocationFeatureSpecification | Neighborhood | OpeningHoursSpecification | PostalAddress | Question | ReserveAction | Restaurant | SpeakableSpecification | TouristAttraction | WebPage | WebSite
en/restaurant-at-urca-hill.html,FAIL,94,SXO,100,,1060,1,7,14,17,7,AdministrativeArea | AggregateRating | Answer | BreadcrumbList | City | FAQPage | GeoCoordinates | ItemList | ListItem | LocationFeatureSpecification | Neighborhood | OpeningHoursSpecification | PostalAddress | Question | ReserveAction | Restaurant | SpeakableSpecification | TouristAttraction | WebPage | WebSite
en/restaurant-at-urca-hill.html,FAIL,94,Marketing,100,,1060,1,7,14,17,7,AdministrativeArea | AggregateRating | Answer | BreadcrumbList | City | FAQPage | GeoCoordinates | ItemList | ListItem | LocationFeatureSpecification | Neighborhood | OpeningHoursSpecification | PostalAddress | Question | ReserveAction | Restaurant | SpeakableSpecification | TouristAttraction | WebPage | WebSite
en/restaurant-at-urca-hill.html,FAIL,94,R2D2,93,R2D2 fraco em Decisão.,1060,1,7,14,17,7,AdministrativeArea | AggregateRating | Answer | BreadcrumbList | City | FAQPage | GeoCoordinates | ItemList | ListItem | LocationFeatureSpecification | Neighborhood | OpeningHoursSpecification | PostalAddress | Question | ReserveAction | Restaurant | SpeakableSpecification | TouristAttraction | WebPage | WebSite
en/restaurant-at-urca-hill.html,FAIL,94,Schema,100,,1060,1,7,14,17,7,AdministrativeArea | AggregateRating | Answer | BreadcrumbList | City | FAQPage | GeoCoordinates | ItemList | ListItem | LocationFeatureSpecification | Neighborhood | OpeningHoursSpecification | PostalAddress | Question | ReserveAction | Restaurant | SpeakableSpecification | TouristAttraction | WebPage | WebSite
en/restaurant-at-urca-hill.html,FAIL,94,Performance,100,,1060,1,7,14,17,7,AdministrativeArea | AggregateRating | Answer | BreadcrumbList | City | FAQPage | GeoCoordinates | ItemList | ListItem | LocationFeatureSpecification | Neighborhood | OpeningHoursSpecification | PostalAddress | Question | ReserveAction | Restaurant | SpeakableSpecification | TouristAttraction | WebPage | WebSite
en/restaurants-near-sugarloaf-mountain.html,FAIL,94,Design,84,Risco de texto creme em fundo claro. | Opacity baixa detectada; validar texto real. | Sem CSS global de estabilização/contraste.,1073,1,7,14,16,7,AdministrativeArea | AggregateRating | Answer | BreadcrumbList | City | FAQPage | GeoCoordinates | ItemList | ListItem | LocationFeatureSpecification | Neighborhood | OpeningHoursSpecification | PostalAddress | Question | ReserveAction | Restaurant | SpeakableSpecification | TouristAttraction | WebPage | WebSite
en/restaurants-near-sugarloaf-mountain.html,FAIL,94,UX,100,,1073,1,7,14,16,7,AdministrativeArea | AggregateRating | Answer | BreadcrumbList | City | FAQPage | GeoCoordinates | ItemList | ListItem | LocationFeatureSpecification | Neighborhood | OpeningHoursSpecification | PostalAddress | Question | ReserveAction | Restaurant | SpeakableSpecification | TouristAttraction | WebPage | WebSite
en/restaurants-near-sugarloaf-mountain.html,FAIL,94,Copydesk,100,,1073,1,7,14,16,7,AdministrativeArea | AggregateRating | Answer | BreadcrumbList | City | FAQPage | GeoCoordinates | ItemList | ListItem | LocationFeatureSpecification | Neighborhood | OpeningHoursSpecification | PostalAddress | Question | ReserveAction | Restaurant | SpeakableSpecification | TouristAttraction | WebPage | WebSite
en/restaurants-near-sugarloaf-mountain.html,FAIL,94,SEO,72,Sem meta description. | Sem canonical.,1073,1,7,14,16,7,AdministrativeArea | AggregateRating | Answer | BreadcrumbList | City | FAQPage | GeoCoordinates | ItemList | ListItem | LocationFeatureSpecification | Neighborhood | OpeningHoursSpecification | PostalAddress | Question | ReserveAction | Restaurant | SpeakableSpecification | TouristAttraction | WebPage | WebSite
en/restaurants-near-sugarloaf-mountain.html,FAIL,94,GEO,100,,1073,1,7,14,16,7,AdministrativeArea | AggregateRating | Answer | BreadcrumbList | City | FAQPage | GeoCoordinates | ItemList | ListItem | LocationFeatureSpecification | Neighborhood | OpeningHoursSpecification | PostalAddress | Question | ReserveAction | Restaurant | SpeakableSpecification | TouristAttraction | WebPage | WebSite
en/restaurants-near-sugarloaf-mountain.html,FAIL,94,AEO,100,,1073,1,7,14,16,7,AdministrativeArea | AggregateRating | Answer | BreadcrumbList | City | FAQPage | GeoCoordinates | ItemList | ListItem | LocationFeatureSpecification | Neighborhood | OpeningHoursSpecification | PostalAddress | Question | ReserveAction | Restaurant | SpeakableSpecification | TouristAttraction | WebPage | WebSite
en/restaurants-near-sugarloaf-mountain.html,FAIL,94,AIO,85,Sem cobertura literal das keywords prioritárias AIO. | Sem VideoObject em página de experiência/produto.,1073,1,7,14,16,7,AdministrativeArea | AggregateRating | Answer | BreadcrumbList | City | FAQPage | GeoCoordinates | ItemList | ListItem | LocationFeatureSpecification | Neighborhood | OpeningHoursSpecification | PostalAddress | Question | ReserveAction | Restaurant | SpeakableSpecification | TouristAttraction | WebPage | WebSite
en/restaurants-near-sugarloaf-mountain.html,FAIL,94,SXO,100,,1073,1,7,14,16,7,AdministrativeArea | AggregateRating | Answer | BreadcrumbList | City | FAQPage | GeoCoordinates | ItemList | ListItem | LocationFeatureSpecification | Neighborhood | OpeningHoursSpecification | PostalAddress | Question | ReserveAction | Restaurant | SpeakableSpecification | TouristAttraction | WebPage | WebSite
en/restaurants-near-sugarloaf-mountain.html,FAIL,94,Marketing,100,,1073,1,7,14,16,7,AdministrativeArea | AggregateRating | Answer | BreadcrumbList | City | FAQPage | GeoCoordinates | ItemList | ListItem | LocationFeatureSpecification | Neighborhood | OpeningHoursSpecification | PostalAddress | Question | ReserveAction | Restaurant | SpeakableSpecification | TouristAttraction | WebPage | WebSite
en/restaurants-near-sugarloaf-mountain.html,FAIL,94,R2D2,93,R2D2 fraco em Decisão.,1073,1,7,14,16,7,AdministrativeArea | AggregateRating | Answer | BreadcrumbList | City | FAQPage | GeoCoordinates | ItemList | ListItem | LocationFeatureSpecification | Neighborhood | OpeningHoursSpecification | PostalAddress | Question | ReserveAction | Restaurant | SpeakableSpecification | TouristAttraction | WebPage | WebSite
en/restaurants-near-sugarloaf-mountain.html,FAIL,94,Schema,100,,1073,1,7,14,16,7,AdministrativeArea | AggregateRating | Answer | BreadcrumbList | City | FAQPage | GeoCoordinates | ItemList | ListItem | LocationFeatureSpecification | Neighborhood | OpeningHoursSpecification | PostalAddress | Question | ReserveAction | Restaurant | SpeakableSpecification | TouristAttraction | WebPage | WebSite
en/restaurants-near-sugarloaf-mountain.html,FAIL,94,Performance,100,,1073,1,7,14,16,7,AdministrativeArea | AggregateRating | Answer | BreadcrumbList | City | FAQPage | GeoCoordinates | ItemList | ListItem | LocationFeatureSpecification | Neighborhood | OpeningHoursSpecification | PostalAddress | Question | ReserveAction | Restaurant | SpeakableSpecification | TouristAttraction | WebPage | WebSite
en/roteiro-meio-dia-urca-pao-de-acucar.html,FAIL,94,Design,84,Risco de texto creme em fundo claro. | Opacity baixa detectada; validar texto real. | Sem CSS global de estabilização/contraste.,817,1,8,17,19,11,AdministrativeArea | AggregateRating | Answer | Article | BreadcrumbList | City | FAQPage | GeoCoordinates | HowTo | HowToStep | ListItem | LocationFeatureSpecification | MonetaryAmount | Neighborhood | OpeningHoursSpecification | Organization | PostalAddress | Question | ReserveAction | Restaurant | SpeakableSpecification | TouristAttraction | WebPage | WebSite
en/roteiro-meio-dia-urca-pao-de-acucar.html,FAIL,94,UX,100,,817,1,8,17,19,11,AdministrativeArea | AggregateRating | Answer | Article | BreadcrumbList | City | FAQPage | GeoCoordinates | HowTo | HowToStep | ListItem | LocationFeatureSpecification | MonetaryAmount | Neighborhood | OpeningHoursSpecification | Organization | PostalAddress | Question | ReserveAction | Restaurant | SpeakableSpecification | TouristAttraction | WebPage | WebSite
en/roteiro-meio-dia-urca-pao-de-acucar.html,FAIL,94,Copydesk,100,,817,1,8,17,19,11,AdministrativeArea | AggregateRating | Answer | Article | BreadcrumbList | City | FAQPage | GeoCoordinates | HowTo | HowToStep | ListItem | LocationFeatureSpecification | MonetaryAmount | Neighborhood | OpeningHoursSpecification | Organization | PostalAddress | Question | ReserveAction | Restaurant | SpeakableSpecification | TouristAttraction | WebPage | WebSite
en/roteiro-meio-dia-urca-pao-de-acucar.html,FAIL,94,SEO,72,Sem meta description. | Sem canonical.,817,1,8,17,19,11,AdministrativeArea | AggregateRating | Answer | Article | BreadcrumbList | City | FAQPage | GeoCoordinates | HowTo | HowToStep | ListItem | LocationFeatureSpecification | MonetaryAmount | Neighborhood | OpeningHoursSpecification | Organization | PostalAddress | Question | ReserveAction | Restaurant | SpeakableSpecification | TouristAttraction | WebPage | WebSite
en/roteiro-meio-dia-urca-pao-de-acucar.html,FAIL,94,GEO,100,,817,1,8,17,19,11,AdministrativeArea | AggregateRating | Answer | Article | BreadcrumbList | City | FAQPage | GeoCoordinates | HowTo | HowToStep | ListItem | LocationFeatureSpecification | MonetaryAmount | Neighborhood | OpeningHoursSpecification | Organization | PostalAddress | Question | ReserveAction | Restaurant | SpeakableSpecification | TouristAttraction | WebPage | WebSite
en/roteiro-meio-dia-urca-pao-de-acucar.html,FAIL,94,AEO,100,,817,1,8,17,19,11,AdministrativeArea | AggregateRating | Answer | Article | BreadcrumbList | City | FAQPage | GeoCoordinates | HowTo | HowToStep | ListItem | LocationFeatureSpecification | MonetaryAmount | Neighborhood | OpeningHoursSpecification | Organization | PostalAddress | Question | ReserveAction | Restaurant | SpeakableSpecification | TouristAttraction | WebPage | WebSite
en/roteiro-meio-dia-urca-pao-de-acucar.html,FAIL,94,AIO,85,Sem cobertura literal das keywords prioritárias AIO. | Sem VideoObject em página de experiência/produto.,817,1,8,17,19,11,AdministrativeArea | AggregateRating | Answer | Article | BreadcrumbList | City | FAQPage | GeoCoordinates | HowTo | HowToStep | ListItem | LocationFeatureSpecification | MonetaryAmount | Neighborhood | OpeningHoursSpecification | Organization | PostalAddress | Question | ReserveAction | Restaurant | SpeakableSpecification | TouristAttraction | WebPage | WebSite
en/roteiro-meio-dia-urca-pao-de-acucar.html,FAIL,94,SXO,100,,817,1,8,17,19,11,AdministrativeArea | AggregateRating | Answer | Article | BreadcrumbList | City | FAQPage | GeoCoordinates | HowTo | HowToStep | ListItem | LocationFeatureSpecification | MonetaryAmount | Neighborhood | OpeningHoursSpecification | Organization | PostalAddress | Question | ReserveAction | Restaurant | SpeakableSpecification | TouristAttraction | WebPage | WebSite
en/roteiro-meio-dia-urca-pao-de-acucar.html,FAIL,94,Marketing,100,,817,1,8,17,19,11,AdministrativeArea | AggregateRating | Answer | Article | BreadcrumbList | City | FAQPage | GeoCoordinates | HowTo | HowToStep | ListItem | LocationFeatureSpecification | MonetaryAmount | Neighborhood | OpeningHoursSpecification | Organization | PostalAddress | Question | ReserveAction | Restaurant | SpeakableSpecification | TouristAttraction | WebPage | WebSite
en/roteiro-meio-dia-urca-pao-de-acucar.html,FAIL,94,R2D2,93,R2D2 fraco em Decisão.,817,1,8,17,19,11,AdministrativeArea | AggregateRating | Answer | Article | BreadcrumbList | City | FAQPage | GeoCoordinates | HowTo | HowToStep | ListItem | LocationFeatureSpecification | MonetaryAmount | Neighborhood | OpeningHoursSpecification | Organization | PostalAddress | Question | ReserveAction | Restaurant | SpeakableSpecification | TouristAttraction | WebPage | WebSite
en/roteiro-meio-dia-urca-pao-de-acucar.html,FAIL,94,Schema,100,,817,1,8,17,19,11,AdministrativeArea | AggregateRating | Answer | Article | BreadcrumbList | City | FAQPage | GeoCoordinates | HowTo | HowToStep | ListItem | LocationFeatureSpecification | MonetaryAmount | Neighborhood | OpeningHoursSpecification | Organization | PostalAddress | Question | ReserveAction | Restaurant | SpeakableSpecification | TouristAttraction | WebPage | WebSite
en/roteiro-meio-dia-urca-pao-de-acucar.html,FAIL,94,Performance,100,,817,1,8,17,19,11,AdministrativeArea | AggregateRating | Answer | Article | BreadcrumbList | City | FAQPage | GeoCoordinates | HowTo | HowToStep | ListItem | LocationFeatureSpecification | MonetaryAmount | Neighborhood | OpeningHoursSpecification | Organization | PostalAddress | Question | ReserveAction | Restaurant | SpeakableSpecification | TouristAttraction | WebPage | WebSite
en/sugarloaf-cable-car-park.html,FAIL,94,Design,84,Risco de texto creme em fundo claro. | Opacity baixa detectada; validar texto real. | Sem CSS global de estabilização/contraste.,671,1,6,14,16,7,AdministrativeArea | AggregateRating | Answer | BreadcrumbList | City | FAQPage | GeoCoordinates | ItemList | ListItem | LocationFeatureSpecification | Neighborhood | OpeningHoursSpecification | PostalAddress | Question | ReserveAction | Restaurant | SpeakableSpecification | TouristAttraction | WebPage | WebSite
en/sugarloaf-cable-car-park.html,FAIL,94,UX,100,,671,1,6,14,16,7,AdministrativeArea | AggregateRating | Answer | BreadcrumbList | City | FAQPage | GeoCoordinates | ItemList | ListItem | LocationFeatureSpecification | Neighborhood | OpeningHoursSpecification | PostalAddress | Question | ReserveAction | Restaurant | SpeakableSpecification | TouristAttraction | WebPage | WebSite
en/sugarloaf-cable-car-park.html,FAIL,94,Copydesk,100,,671,1,6,14,16,7,AdministrativeArea | AggregateRating | Answer | BreadcrumbList | City | FAQPage | GeoCoordinates | ItemList | ListItem | LocationFeatureSpecification | Neighborhood | OpeningHoursSpecification | PostalAddress | Question | ReserveAction | Restaurant | SpeakableSpecification | TouristAttraction | WebPage | WebSite
en/sugarloaf-cable-car-park.html,FAIL,94,SEO,72,Sem meta description. | Sem canonical.,671,1,6,14,16,7,AdministrativeArea | AggregateRating | Answer | BreadcrumbList | City | FAQPage | GeoCoordinates | ItemList | ListItem | LocationFeatureSpecification | Neighborhood | OpeningHoursSpecification | PostalAddress | Question | ReserveAction | Restaurant | SpeakableSpecification | TouristAttraction | WebPage | WebSite
en/sugarloaf-cable-car-park.html,FAIL,94,GEO,100,,671,1,6,14,16,7,AdministrativeArea | AggregateRating | Answer | BreadcrumbList | City | FAQPage | GeoCoordinates | ItemList | ListItem | LocationFeatureSpecification | Neighborhood | OpeningHoursSpecification | PostalAddress | Question | ReserveAction | Restaurant | SpeakableSpecification | TouristAttraction | WebPage | WebSite
en/sugarloaf-cable-car-park.html,FAIL,94,AEO,100,,671,1,6,14,16,7,AdministrativeArea | AggregateRating | Answer | BreadcrumbList | City | FAQPage | GeoCoordinates | ItemList | ListItem | LocationFeatureSpecification | Neighborhood | OpeningHoursSpecification | PostalAddress | Question | ReserveAction | Restaurant | SpeakableSpecification | TouristAttraction | WebPage | WebSite
en/sugarloaf-cable-car-park.html,FAIL,94,AIO,85,Sem cobertura literal das keywords prioritárias AIO. | Sem VideoObject em página de experiência/produto.,671,1,6,14,16,7,AdministrativeArea | AggregateRating | Answer | BreadcrumbList | City | FAQPage | GeoCoordinates | ItemList | ListItem | LocationFeatureSpecification | Neighborhood | OpeningHoursSpecification | PostalAddress | Question | ReserveAction | Restaurant | SpeakableSpecification | TouristAttraction | WebPage | WebSite
en/sugarloaf-cable-car-park.html,FAIL,94,SXO,100,,671,1,6,14,16,7,AdministrativeArea | AggregateRating | Answer | BreadcrumbList | City | FAQPage | GeoCoordinates | ItemList | ListItem | LocationFeatureSpecification | Neighborhood | OpeningHoursSpecification | PostalAddress | Question | ReserveAction | Restaurant | SpeakableSpecification | TouristAttraction | WebPage | WebSite
en/sugarloaf-cable-car-park.html,FAIL,94,Marketing,100,,671,1,6,14,16,7,AdministrativeArea | AggregateRating | Answer | BreadcrumbList | City | FAQPage | GeoCoordinates | ItemList | ListItem | LocationFeatureSpecification | Neighborhood | OpeningHoursSpecification | PostalAddress | Question | ReserveAction | Restaurant | SpeakableSpecification | TouristAttraction | WebPage | WebSite
en/sugarloaf-cable-car-park.html,FAIL,94,R2D2,93,R2D2 fraco em Decisão.,671,1,6,14,16,7,AdministrativeArea | AggregateRating | Answer | BreadcrumbList | City | FAQPage | GeoCoordinates | ItemList | ListItem | LocationFeatureSpecification | Neighborhood | OpeningHoursSpecification | PostalAddress | Question | ReserveAction | Restaurant | SpeakableSpecification | TouristAttraction | WebPage | WebSite
en/sugarloaf-cable-car-park.html,FAIL,94,Schema,100,,671,1,6,14,16,7,AdministrativeArea | AggregateRating | Answer | BreadcrumbList | City | FAQPage | GeoCoordinates | ItemList | ListItem | LocationFeatureSpecification | Neighborhood | OpeningHoursSpecification | PostalAddress | Question | ReserveAction | Restaurant | SpeakableSpecification | TouristAttraction | WebPage | WebSite
en/sugarloaf-cable-car-park.html,FAIL,94,Performance,100,,671,1,6,14,16,7,AdministrativeArea | AggregateRating | Answer | BreadcrumbList | City | FAQPage | GeoCoordinates | ItemList | ListItem | LocationFeatureSpecification | Neighborhood | OpeningHoursSpecification | PostalAddress | Question | ReserveAction | Restaurant | SpeakableSpecification | TouristAttraction | WebPage | WebSite
en/sugarloaf-cable-car-restaurant.html,FAIL,94,Design,84,Risco de texto creme em fundo claro. | Opacity baixa detectada; validar texto real. | Sem CSS global de estabilização/contraste.,1067,1,7,14,17,7,AdministrativeArea | AggregateRating | Answer | BreadcrumbList | City | FAQPage | GeoCoordinates | ItemList | ListItem | LocationFeatureSpecification | Neighborhood | OpeningHoursSpecification | PostalAddress | Question | ReserveAction | Restaurant | SpeakableSpecification | TouristAttraction | WebPage | WebSite
en/sugarloaf-cable-car-restaurant.html,FAIL,94,UX,100,,1067,1,7,14,17,7,AdministrativeArea | AggregateRating | Answer | BreadcrumbList | City | FAQPage | GeoCoordinates | ItemList | ListItem | LocationFeatureSpecification | Neighborhood | OpeningHoursSpecification | PostalAddress | Question | ReserveAction | Restaurant | SpeakableSpecification | TouristAttraction | WebPage | WebSite
en/sugarloaf-cable-car-restaurant.html,FAIL,94,Copydesk,100,,1067,1,7,14,17,7,AdministrativeArea | AggregateRating | Answer | BreadcrumbList | City | FAQPage | GeoCoordinates | ItemList | ListItem | LocationFeatureSpecification | Neighborhood | OpeningHoursSpecification | PostalAddress | Question | ReserveAction | Restaurant | SpeakableSpecification | TouristAttraction | WebPage | WebSite
en/sugarloaf-cable-car-restaurant.html,FAIL,94,SEO,72,Sem meta description. | Sem canonical.,1067,1,7,14,17,7,AdministrativeArea | AggregateRating | Answer | BreadcrumbList | City | FAQPage | GeoCoordinates | ItemList | ListItem | LocationFeatureSpecification | Neighborhood | OpeningHoursSpecification | PostalAddress | Question | ReserveAction | Restaurant | SpeakableSpecification | TouristAttraction | WebPage | WebSite
en/sugarloaf-cable-car-restaurant.html,FAIL,94,GEO,100,,1067,1,7,14,17,7,AdministrativeArea | AggregateRating | Answer | BreadcrumbList | City | FAQPage | GeoCoordinates | ItemList | ListItem | LocationFeatureSpecification | Neighborhood | OpeningHoursSpecification | PostalAddress | Question | ReserveAction | Restaurant | SpeakableSpecification | TouristAttraction | WebPage | WebSite
en/sugarloaf-cable-car-restaurant.html,FAIL,94,AEO,100,,1067,1,7,14,17,7,AdministrativeArea | AggregateRating | Answer | BreadcrumbList | City | FAQPage | GeoCoordinates | ItemList | ListItem | LocationFeatureSpecification | Neighborhood | OpeningHoursSpecification | PostalAddress | Question | ReserveAction | Restaurant | SpeakableSpecification | TouristAttraction | WebPage | WebSite
en/sugarloaf-cable-car-restaurant.html,FAIL,94,AIO,85,Sem cobertura literal das keywords prioritárias AIO. | Sem VideoObject em página de experiência/produto.,1067,1,7,14,17,7,AdministrativeArea | AggregateRating | Answer | BreadcrumbList | City | FAQPage | GeoCoordinates | ItemList | ListItem | LocationFeatureSpecification | Neighborhood | OpeningHoursSpecification | PostalAddress | Question | ReserveAction | Restaurant | SpeakableSpecification | TouristAttraction | WebPage | WebSite
en/sugarloaf-cable-car-restaurant.html,FAIL,94,SXO,100,,1067,1,7,14,17,7,AdministrativeArea | AggregateRating | Answer | BreadcrumbList | City | FAQPage | GeoCoordinates | ItemList | ListItem | LocationFeatureSpecification | Neighborhood | OpeningHoursSpecification | PostalAddress | Question | ReserveAction | Restaurant | SpeakableSpecification | TouristAttraction | WebPage | WebSite
en/sugarloaf-cable-car-restaurant.html,FAIL,94,Marketing,100,,1067,1,7,14,17,7,AdministrativeArea | AggregateRating | Answer | BreadcrumbList | City | FAQPage | GeoCoordinates | ItemList | ListItem | LocationFeatureSpecification | Neighborhood | OpeningHoursSpecification | PostalAddress | Question | ReserveAction | Restaurant | SpeakableSpecification | TouristAttraction | WebPage | WebSite
en/sugarloaf-cable-car-restaurant.html,FAIL,94,R2D2,93,R2D2 fraco em Decisão.,1067,1,7,14,17,7,AdministrativeArea | AggregateRating | Answer | BreadcrumbList | City | FAQPage | GeoCoordinates | ItemList | ListItem | LocationFeatureSpecification | Neighborhood | OpeningHoursSpecification | PostalAddress | Question | ReserveAction | Restaurant | SpeakableSpecification | TouristAttraction | WebPage | WebSite
en/sugarloaf-cable-car-restaurant.html,FAIL,94,Schema,100,,1067,1,7,14,17,7,AdministrativeArea | AggregateRating | Answer | BreadcrumbList | City | FAQPage | GeoCoordinates | ItemList | ListItem | LocationFeatureSpecification | Neighborhood | OpeningHoursSpecification | PostalAddress | Question | ReserveAction | Restaurant | SpeakableSpecification | TouristAttraction | WebPage | WebSite
en/sugarloaf-cable-car-restaurant.html,FAIL,94,Performance,100,,1067,1,7,14,17,7,AdministrativeArea | AggregateRating | Answer | BreadcrumbList | City | FAQPage | GeoCoordinates | ItemList | ListItem | LocationFeatureSpecification | Neighborhood | OpeningHoursSpecification | PostalAddress | Question | ReserveAction | Restaurant | SpeakableSpecification | TouristAttraction | WebPage | WebSite
en/sunset.html,PASS,98,Design,84,Risco de texto creme em fundo claro. | Opacity baixa detectada; validar texto real. | Sem CSS global de estabilização/contraste.,1440,1,10,17,31,20,AdministrativeArea | AggregateRating | Answer | BreadcrumbList | City | FAQPage | FoodEvent | GeoCoordinates | ImageObject | ListItem | LocationFeatureSpecification | MusicEvent | Neighborhood | Offer | OpeningHoursSpecification | Organization | Place | PostalAddress | Question | ReserveAction | Restaurant | Schedule | SpeakableSpecification | TouristAttraction | VideoObject | WebPage | WebSite
en/sunset.html,PASS,98,UX,100,,1440,1,10,17,31,20,AdministrativeArea | AggregateRating | Answer | BreadcrumbList | City | FAQPage | FoodEvent | GeoCoordinates | ImageObject | ListItem | LocationFeatureSpecification | MusicEvent | Neighborhood | Offer | OpeningHoursSpecification | Organization | Place | PostalAddress | Question | ReserveAction | Restaurant | Schedule | SpeakableSpecification | TouristAttraction | VideoObject | WebPage | WebSite
en/sunset.html,PASS,98,Copydesk,100,,1440,1,10,17,31,20,AdministrativeArea | AggregateRating | Answer | BreadcrumbList | City | FAQPage | FoodEvent | GeoCoordinates | ImageObject | ListItem | LocationFeatureSpecification | MusicEvent | Neighborhood | Offer | OpeningHoursSpecification | Organization | Place | PostalAddress | Question | ReserveAction | Restaurant | Schedule | SpeakableSpecification | TouristAttraction | VideoObject | WebPage | WebSite
en/sunset.html,PASS,98,SEO,100,,1440,1,10,17,31,20,AdministrativeArea | AggregateRating | Answer | BreadcrumbList | City | FAQPage | FoodEvent | GeoCoordinates | ImageObject | ListItem | LocationFeatureSpecification | MusicEvent | Neighborhood | Offer | OpeningHoursSpecification | Organization | Place | PostalAddress | Question | ReserveAction | Restaurant | Schedule | SpeakableSpecification | TouristAttraction | VideoObject | WebPage | WebSite
en/sunset.html,PASS,98,GEO,100,,1440,1,10,17,31,20,AdministrativeArea | AggregateRating | Answer | BreadcrumbList | City | FAQPage | FoodEvent | GeoCoordinates | ImageObject | ListItem | LocationFeatureSpecification | MusicEvent | Neighborhood | Offer | OpeningHoursSpecification | Organization | Place | PostalAddress | Question | ReserveAction | Restaurant | Schedule | SpeakableSpecification | TouristAttraction | VideoObject | WebPage | WebSite
en/sunset.html,PASS,98,AEO,100,,1440,1,10,17,31,20,AdministrativeArea | AggregateRating | Answer | BreadcrumbList | City | FAQPage | FoodEvent | GeoCoordinates | ImageObject | ListItem | LocationFeatureSpecification | MusicEvent | Neighborhood | Offer | OpeningHoursSpecification | Organization | Place | PostalAddress | Question | ReserveAction | Restaurant | Schedule | SpeakableSpecification | TouristAttraction | VideoObject | WebPage | WebSite
en/sunset.html,PASS,98,AIO,90,Sem cobertura literal das keywords prioritárias AIO.,1440,1,10,17,31,20,AdministrativeArea | AggregateRating | Answer | BreadcrumbList | City | FAQPage | FoodEvent | GeoCoordinates | ImageObject | ListItem | LocationFeatureSpecification | MusicEvent | Neighborhood | Offer | OpeningHoursSpecification | Organization | Place | PostalAddress | Question | ReserveAction | Restaurant | Schedule | SpeakableSpecification | TouristAttraction | VideoObject | WebPage | WebSite
en/sunset.html,PASS,98,SXO,100,,1440,1,10,17,31,20,AdministrativeArea | AggregateRating | Answer | BreadcrumbList | City | FAQPage | FoodEvent | GeoCoordinates | ImageObject | ListItem | LocationFeatureSpecification | MusicEvent | Neighborhood | Offer | OpeningHoursSpecification | Organization | Place | PostalAddress | Question | ReserveAction | Restaurant | Schedule | SpeakableSpecification | TouristAttraction | VideoObject | WebPage | WebSite
en/sunset.html,PASS,98,Marketing,100,,1440,1,10,17,31,20,AdministrativeArea | AggregateRating | Answer | BreadcrumbList | City | FAQPage | FoodEvent | GeoCoordinates | ImageObject | ListItem | LocationFeatureSpecification | MusicEvent | Neighborhood | Offer | OpeningHoursSpecification | Organization | Place | PostalAddress | Question | ReserveAction | Restaurant | Schedule | SpeakableSpecification | TouristAttraction | VideoObject | WebPage | WebSite
en/sunset.html,PASS,98,R2D2,100,,1440,1,10,17,31,20,AdministrativeArea | AggregateRating | Answer | BreadcrumbList | City | FAQPage | FoodEvent | GeoCoordinates | ImageObject | ListItem | LocationFeatureSpecification | MusicEvent | Neighborhood | Offer | OpeningHoursSpecification | Organization | Place | PostalAddress | Question | ReserveAction | Restaurant | Schedule | SpeakableSpecification | TouristAttraction | VideoObject | WebPage | WebSite
en/sunset.html,PASS,98,Schema,100,,1440,1,10,17,31,20,AdministrativeArea | AggregateRating | Answer | BreadcrumbList | City | FAQPage | FoodEvent | GeoCoordinates | ImageObject | ListItem | LocationFeatureSpecification | MusicEvent | Neighborhood | Offer | OpeningHoursSpecification | Organization | Place | PostalAddress | Question | ReserveAction | Restaurant | Schedule | SpeakableSpecification | TouristAttraction | VideoObject | WebPage | WebSite
en/sunset.html,PASS,98,Performance,100,,1440,1,10,17,31,20,AdministrativeArea | AggregateRating | Answer | BreadcrumbList | City | FAQPage | FoodEvent | GeoCoordinates | ImageObject | ListItem | LocationFeatureSpecification | MusicEvent | Neighborhood | Offer | OpeningHoursSpecification | Organization | Place | PostalAddress | Question | ReserveAction | Restaurant | Schedule | SpeakableSpecification | TouristAttraction | VideoObject | WebPage | WebSite
en/where-to-eat-near-sugarloaf.html,FAIL,94,Design,84,Risco de texto creme em fundo claro. | Opacity baixa detectada; validar texto real. | Sem CSS global de estabilização/contraste.,1054,1,7,14,17,7,AdministrativeArea | AggregateRating | Answer | BreadcrumbList | City | FAQPage | GeoCoordinates | ItemList | ListItem | LocationFeatureSpecification | Neighborhood | OpeningHoursSpecification | PostalAddress | Question | ReserveAction | Restaurant | SpeakableSpecification | TouristAttraction | WebPage | WebSite
en/where-to-eat-near-sugarloaf.html,FAIL,94,UX,100,,1054,1,7,14,17,7,AdministrativeArea | AggregateRating | Answer | BreadcrumbList | City | FAQPage | GeoCoordinates | ItemList | ListItem | LocationFeatureSpecification | Neighborhood | OpeningHoursSpecification | PostalAddress | Question | ReserveAction | Restaurant | SpeakableSpecification | TouristAttraction | WebPage | WebSite
en/where-to-eat-near-sugarloaf.html,FAIL,94,Copydesk,100,,1054,1,7,14,17,7,AdministrativeArea | AggregateRating | Answer | BreadcrumbList | City | FAQPage | GeoCoordinates | ItemList | ListItem | LocationFeatureSpecification | Neighborhood | OpeningHoursSpecification | PostalAddress | Question | ReserveAction | Restaurant | SpeakableSpecification | TouristAttraction | WebPage | WebSite
en/where-to-eat-near-sugarloaf.html,FAIL,94,SEO,72,Sem meta description. | Sem canonical.,1054,1,7,14,17,7,AdministrativeArea | AggregateRating | Answer | BreadcrumbList | City | FAQPage | GeoCoordinates | ItemList | ListItem | LocationFeatureSpecification | Neighborhood | OpeningHoursSpecification | PostalAddress | Question | ReserveAction | Restaurant | SpeakableSpecification | TouristAttraction | WebPage | WebSite
en/where-to-eat-near-sugarloaf.html,FAIL,94,GEO,100,,1054,1,7,14,17,7,AdministrativeArea | AggregateRating | Answer | BreadcrumbList | City | FAQPage | GeoCoordinates | ItemList | ListItem | LocationFeatureSpecification | Neighborhood | OpeningHoursSpecification | PostalAddress | Question | ReserveAction | Restaurant | SpeakableSpecification | TouristAttraction | WebPage | WebSite
en/where-to-eat-near-sugarloaf.html,FAIL,94,AEO,100,,1054,1,7,14,17,7,AdministrativeArea | AggregateRating | Answer | BreadcrumbList | City | FAQPage | GeoCoordinates | ItemList | ListItem | LocationFeatureSpecification | Neighborhood | OpeningHoursSpecification | PostalAddress | Question | ReserveAction | Restaurant | SpeakableSpecification | TouristAttraction | WebPage | WebSite
en/where-to-eat-near-sugarloaf.html,FAIL,94,AIO,85,Sem cobertura literal das keywords prioritárias AIO. | Sem VideoObject em página de experiência/produto.,1054,1,7,14,17,7,AdministrativeArea | AggregateRating | Answer | BreadcrumbList | City | FAQPage | GeoCoordinates | ItemList | ListItem | LocationFeatureSpecification | Neighborhood | OpeningHoursSpecification | PostalAddress | Question | ReserveAction | Restaurant | SpeakableSpecification | TouristAttraction | WebPage | WebSite
en/where-to-eat-near-sugarloaf.html,FAIL,94,SXO,100,,1054,1,7,14,17,7,AdministrativeArea | AggregateRating | Answer | BreadcrumbList | City | FAQPage | GeoCoordinates | ItemList | ListItem | LocationFeatureSpecification | Neighborhood | OpeningHoursSpecification | PostalAddress | Question | ReserveAction | Restaurant | SpeakableSpecification | TouristAttraction | WebPage | WebSite
en/where-to-eat-near-sugarloaf.html,FAIL,94,Marketing,100,,1054,1,7,14,17,7,AdministrativeArea | AggregateRating | Answer | BreadcrumbList | City | FAQPage | GeoCoordinates | ItemList | ListItem | LocationFeatureSpecification | Neighborhood | OpeningHoursSpecification | PostalAddress | Question | ReserveAction | Restaurant | SpeakableSpecification | TouristAttraction | WebPage | WebSite
en/where-to-eat-near-sugarloaf.html,FAIL,94,R2D2,93,R2D2 fraco em Decisão.,1054,1,7,14,17,7,AdministrativeArea | AggregateRating | Answer | BreadcrumbList | City | FAQPage | GeoCoordinates | ItemList | ListItem | LocationFeatureSpecification | Neighborhood | OpeningHoursSpecification | PostalAddress | Question | ReserveAction | Restaurant | SpeakableSpecification | TouristAttraction | WebPage | WebSite
en/where-to-eat-near-sugarloaf.html,FAIL,94,Schema,100,,1054,1,7,14,17,7,AdministrativeArea | AggregateRating | Answer | BreadcrumbList | City | FAQPage | GeoCoordinates | ItemList | ListItem | LocationFeatureSpecification | Neighborhood | OpeningHoursSpecification | PostalAddress | Question | ReserveAction | Restaurant | SpeakableSpecification | TouristAttraction | WebPage | WebSite
en/where-to-eat-near-sugarloaf.html,FAIL,94,Performance,100,,1054,1,7,14,17,7,AdministrativeArea | AggregateRating | Answer | BreadcrumbList | City | FAQPage | GeoCoordinates | ItemList | ListItem | LocationFeatureSpecification | Neighborhood | OpeningHoursSpecification | PostalAddress | Question | ReserveAction | Restaurant | SpeakableSpecification | TouristAttraction | WebPage | WebSite
entardecer.html,PASS,98,Design,84,Risco de texto creme em fundo claro. | Opacity baixa detectada; validar texto real. | Sem CSS global de estabilização/contraste.,1279,1,11,17,41,26,AdministrativeArea | AggregateRating | Answer | BreadcrumbList | City | FAQPage | FoodEvent | GeoCoordinates | ImageObject | ListItem | LocationFeatureSpecification | MusicEvent | MusicGroup | Neighborhood | Offer | OpeningHoursSpecification | Organization | Place | PostalAddress | Question | ReserveAction | Restaurant | Schedule | SpeakableSpecification | TouristAttraction | VideoObject | WebPage | WebSite
entardecer.html,PASS,98,UX,100,,1279,1,11,17,41,26,AdministrativeArea | AggregateRating | Answer | BreadcrumbList | City | FAQPage | FoodEvent | GeoCoordinates | ImageObject | ListItem | LocationFeatureSpecification | MusicEvent | MusicGroup | Neighborhood | Offer | OpeningHoursSpecification | Organization | Place | PostalAddress | Question | ReserveAction | Restaurant | Schedule | SpeakableSpecification | TouristAttraction | VideoObject | WebPage | WebSite
entardecer.html,PASS,98,Copydesk,100,,1279,1,11,17,41,26,AdministrativeArea | AggregateRating | Answer | BreadcrumbList | City | FAQPage | FoodEvent | GeoCoordinates | ImageObject | ListItem | LocationFeatureSpecification | MusicEvent | MusicGroup | Neighborhood | Offer | OpeningHoursSpecification | Organization | Place | PostalAddress | Question | ReserveAction | Restaurant | Schedule | SpeakableSpecification | TouristAttraction | VideoObject | WebPage | WebSite
entardecer.html,PASS,98,SEO,100,,1279,1,11,17,41,26,AdministrativeArea | AggregateRating | Answer | BreadcrumbList | City | FAQPage | FoodEvent | GeoCoordinates | ImageObject | ListItem | LocationFeatureSpecification | MusicEvent | MusicGroup | Neighborhood | Offer | OpeningHoursSpecification | Organization | Place | PostalAddress | Question | ReserveAction | Restaurant | Schedule | SpeakableSpecification | TouristAttraction | VideoObject | WebPage | WebSite
entardecer.html,PASS,98,GEO,100,,1279,1,11,17,41,26,AdministrativeArea | AggregateRating | Answer | BreadcrumbList | City | FAQPage | FoodEvent | GeoCoordinates | ImageObject | ListItem | LocationFeatureSpecification | MusicEvent | MusicGroup | Neighborhood | Offer | OpeningHoursSpecification | Organization | Place | PostalAddress | Question | ReserveAction | Restaurant | Schedule | SpeakableSpecification | TouristAttraction | VideoObject | WebPage | WebSite
entardecer.html,PASS,98,AEO,100,,1279,1,11,17,41,26,AdministrativeArea | AggregateRating | Answer | BreadcrumbList | City | FAQPage | FoodEvent | GeoCoordinates | ImageObject | ListItem | LocationFeatureSpecification | MusicEvent | MusicGroup | Neighborhood | Offer | OpeningHoursSpecification | Organization | Place | PostalAddress | Question | ReserveAction | Restaurant | Schedule | SpeakableSpecification | TouristAttraction | VideoObject | WebPage | WebSite
entardecer.html,PASS,98,AIO,90,Sem cobertura literal das keywords prioritárias AIO.,1279,1,11,17,41,26,AdministrativeArea | AggregateRating | Answer | BreadcrumbList | City | FAQPage | FoodEvent | GeoCoordinates | ImageObject | ListItem | LocationFeatureSpecification | MusicEvent | MusicGroup | Neighborhood | Offer | OpeningHoursSpecification | Organization | Place | PostalAddress | Question | ReserveAction | Restaurant | Schedule | SpeakableSpecification | TouristAttraction | VideoObject | WebPage | WebSite
entardecer.html,PASS,98,SXO,100,,1279,1,11,17,41,26,AdministrativeArea | AggregateRating | Answer | BreadcrumbList | City | FAQPage | FoodEvent | GeoCoordinates | ImageObject | ListItem | LocationFeatureSpecification | MusicEvent | MusicGroup | Neighborhood | Offer | OpeningHoursSpecification | Organization | Place | PostalAddress | Question | ReserveAction | Restaurant | Schedule | SpeakableSpecification | TouristAttraction | VideoObject | WebPage | WebSite
entardecer.html,PASS,98,Marketing,100,,1279,1,11,17,41,26,AdministrativeArea | AggregateRating | Answer | BreadcrumbList | City | FAQPage | FoodEvent | GeoCoordinates | ImageObject | ListItem | LocationFeatureSpecification | MusicEvent | MusicGroup | Neighborhood | Offer | OpeningHoursSpecification | Organization | Place | PostalAddress | Question | ReserveAction | Restaurant | Schedule | SpeakableSpecification | TouristAttraction | VideoObject | WebPage | WebSite
entardecer.html,PASS,98,R2D2,100,,1279,1,11,17,41,26,AdministrativeArea | AggregateRating | Answer | BreadcrumbList | City | FAQPage | FoodEvent | GeoCoordinates | ImageObject | ListItem | LocationFeatureSpecification | MusicEvent | MusicGroup | Neighborhood | Offer | OpeningHoursSpecification | Organization | Place | PostalAddress | Question | ReserveAction | Restaurant | Schedule | SpeakableSpecification | TouristAttraction | VideoObject | WebPage | WebSite
entardecer.html,PASS,98,Schema,100,,1279,1,11,17,41,26,AdministrativeArea | AggregateRating | Answer | BreadcrumbList | City | FAQPage | FoodEvent | GeoCoordinates | ImageObject | ListItem | LocationFeatureSpecification | MusicEvent | MusicGroup | Neighborhood | Offer | OpeningHoursSpecification | Organization | Place | PostalAddress | Question | ReserveAction | Restaurant | Schedule | SpeakableSpecification | TouristAttraction | VideoObject | WebPage | WebSite
entardecer.html,PASS,98,Performance,100,,1279,1,11,17,41,26,AdministrativeArea | AggregateRating | Answer | BreadcrumbList | City | FAQPage | FoodEvent | GeoCoordinates | ImageObject | ListItem | LocationFeatureSpecification | MusicEvent | MusicGroup | Neighborhood | Offer | OpeningHoursSpecification | Organization | Place | PostalAddress | Question | ReserveAction | Restaurant | Schedule | SpeakableSpecification | TouristAttraction | VideoObject | WebPage | WebSite
es/almoco-morro-da-urca.html,FAIL,96,Design,84,Risco de texto creme em fundo claro. | Opacity baixa detectada; validar texto real. | Sem CSS global de estabilização/contraste.,715,1,7,14,16,7,AdministrativeArea | AggregateRating | Answer | BreadcrumbList | City | FAQPage | GeoCoordinates | ListItem | LocationFeatureSpecification | Neighborhood | OpeningHoursSpecification | PostalAddress | Question | ReserveAction | Restaurant | TouristAttraction | WebPage | WebSite
es/almoco-morro-da-urca.html,FAIL,96,UX,100,,715,1,7,14,16,7,AdministrativeArea | AggregateRating | Answer | BreadcrumbList | City | FAQPage | GeoCoordinates | ListItem | LocationFeatureSpecification | Neighborhood | OpeningHoursSpecification | PostalAddress | Question | ReserveAction | Restaurant | TouristAttraction | WebPage | WebSite
es/almoco-morro-da-urca.html,FAIL,96,Copydesk,100,,715,1,7,14,16,7,AdministrativeArea | AggregateRating | Answer | BreadcrumbList | City | FAQPage | GeoCoordinates | ListItem | LocationFeatureSpecification | Neighborhood | OpeningHoursSpecification | PostalAddress | Question | ReserveAction | Restaurant | TouristAttraction | WebPage | WebSite
es/almoco-morro-da-urca.html,FAIL,96,SEO,72,Sem meta description. | Sem canonical.,715,1,7,14,16,7,AdministrativeArea | AggregateRating | Answer | BreadcrumbList | City | FAQPage | GeoCoordinates | ListItem | LocationFeatureSpecification | Neighborhood | OpeningHoursSpecification | PostalAddress | Question | ReserveAction | Restaurant | TouristAttraction | WebPage | WebSite
es/almoco-morro-da-urca.html,FAIL,96,GEO,100,,715,1,7,14,16,7,AdministrativeArea | AggregateRating | Answer | BreadcrumbList | City | FAQPage | GeoCoordinates | ListItem | LocationFeatureSpecification | Neighborhood | OpeningHoursSpecification | PostalAddress | Question | ReserveAction | Restaurant | TouristAttraction | WebPage | WebSite
es/almoco-morro-da-urca.html,FAIL,96,AEO,100,,715,1,7,14,16,7,AdministrativeArea | AggregateRating | Answer | BreadcrumbList | City | FAQPage | GeoCoordinates | ListItem | LocationFeatureSpecification | Neighborhood | OpeningHoursSpecification | PostalAddress | Question | ReserveAction | Restaurant | TouristAttraction | WebPage | WebSite
es/almoco-morro-da-urca.html,FAIL,96,AIO,95,Sem VideoObject em página de experiência/produto.,715,1,7,14,16,7,AdministrativeArea | AggregateRating | Answer | BreadcrumbList | City | FAQPage | GeoCoordinates | ListItem | LocationFeatureSpecification | Neighborhood | OpeningHoursSpecification | PostalAddress | Question | ReserveAction | Restaurant | TouristAttraction | WebPage | WebSite
es/almoco-morro-da-urca.html,FAIL,96,SXO,100,,715,1,7,14,16,7,AdministrativeArea | AggregateRating | Answer | BreadcrumbList | City | FAQPage | GeoCoordinates | ListItem | LocationFeatureSpecification | Neighborhood | OpeningHoursSpecification | PostalAddress | Question | ReserveAction | Restaurant | TouristAttraction | WebPage | WebSite
es/almoco-morro-da-urca.html,FAIL,96,Marketing,100,,715,1,7,14,16,7,AdministrativeArea | AggregateRating | Answer | BreadcrumbList | City | FAQPage | GeoCoordinates | ListItem | LocationFeatureSpecification | Neighborhood | OpeningHoursSpecification | PostalAddress | Question | ReserveAction | Restaurant | TouristAttraction | WebPage | WebSite
es/almoco-morro-da-urca.html,FAIL,96,R2D2,100,,715,1,7,14,16,7,AdministrativeArea | AggregateRating | Answer | BreadcrumbList | City | FAQPage | GeoCoordinates | ListItem | LocationFeatureSpecification | Neighborhood | OpeningHoursSpecification | PostalAddress | Question | ReserveAction | Restaurant | TouristAttraction | WebPage | WebSite
es/almoco-morro-da-urca.html,FAIL,96,Schema,100,,715,1,7,14,16,7,AdministrativeArea | AggregateRating | Answer | BreadcrumbList | City | FAQPage | GeoCoordinates | ListItem | LocationFeatureSpecification | Neighborhood | OpeningHoursSpecification | PostalAddress | Question | ReserveAction | Restaurant | TouristAttraction | WebPage | WebSite
es/almoco-morro-da-urca.html,FAIL,96,Performance,100,,715,1,7,14,16,7,AdministrativeArea | AggregateRating | Answer | BreadcrumbList | City | FAQPage | GeoCoordinates | ListItem | LocationFeatureSpecification | Neighborhood | OpeningHoursSpecification | PostalAddress | Question | ReserveAction | Restaurant | TouristAttraction | WebPage | WebSite
es/almoco.html,PASS,98,Design,84,Risco de texto creme em fundo claro. | Opacity baixa detectada; validar texto real. | Sem CSS global de estabilização/contraste.,1389,1,10,17,31,20,AdministrativeArea | AggregateRating | Answer | BreadcrumbList | City | FAQPage | GeoCoordinates | ListItem | LocationFeatureSpecification | MenuItem | MenuSection | Menú | Neighborhood | Offer | OpeningHoursSpecification | PostalAddress | Question | ReserveAction | Restaurant | SpeakableSpecification | TouristAttraction | WebPage | WebSite
es/almoco.html,PASS,98,UX,100,,1389,1,10,17,31,20,AdministrativeArea | AggregateRating | Answer | BreadcrumbList | City | FAQPage | GeoCoordinates | ListItem | LocationFeatureSpecification | MenuItem | MenuSection | Menú | Neighborhood | Offer | OpeningHoursSpecification | PostalAddress | Question | ReserveAction | Restaurant | SpeakableSpecification | TouristAttraction | WebPage | WebSite
es/almoco.html,PASS,98,Copydesk,100,,1389,1,10,17,31,20,AdministrativeArea | AggregateRating | Answer | BreadcrumbList | City | FAQPage | GeoCoordinates | ListItem | LocationFeatureSpecification | MenuItem | MenuSection | Menú | Neighborhood | Offer | OpeningHoursSpecification | PostalAddress | Question | ReserveAction | Restaurant | SpeakableSpecification | TouristAttraction | WebPage | WebSite
es/almoco.html,PASS,98,SEO,100,,1389,1,10,17,31,20,AdministrativeArea | AggregateRating | Answer | BreadcrumbList | City | FAQPage | GeoCoordinates | ListItem | LocationFeatureSpecification | MenuItem | MenuSection | Menú | Neighborhood | Offer | OpeningHoursSpecification | PostalAddress | Question | ReserveAction | Restaurant | SpeakableSpecification | TouristAttraction | WebPage | WebSite
es/almoco.html,PASS,98,GEO,100,,1389,1,10,17,31,20,AdministrativeArea | AggregateRating | Answer | BreadcrumbList | City | FAQPage | GeoCoordinates | ListItem | LocationFeatureSpecification | MenuItem | MenuSection | Menú | Neighborhood | Offer | OpeningHoursSpecification | PostalAddress | Question | ReserveAction | Restaurant | SpeakableSpecification | TouristAttraction | WebPage | WebSite
es/almoco.html,PASS,98,AEO,100,,1389,1,10,17,31,20,AdministrativeArea | AggregateRating | Answer | BreadcrumbList | City | FAQPage | GeoCoordinates | ListItem | LocationFeatureSpecification | MenuItem | MenuSection | Menú | Neighborhood | Offer | OpeningHoursSpecification | PostalAddress | Question | ReserveAction | Restaurant | SpeakableSpecification | TouristAttraction | WebPage | WebSite
es/almoco.html,PASS,98,AIO,95,Sem VideoObject em página de experiência/produto.,1389,1,10,17,31,20,AdministrativeArea | AggregateRating | Answer | BreadcrumbList | City | FAQPage | GeoCoordinates | ListItem | LocationFeatureSpecification | MenuItem | MenuSection | Menú | Neighborhood | Offer | OpeningHoursSpecification | PostalAddress | Question | ReserveAction | Restaurant | SpeakableSpecification | TouristAttraction | WebPage | WebSite
es/almoco.html,PASS,98,SXO,100,,1389,1,10,17,31,20,AdministrativeArea | AggregateRating | Answer | BreadcrumbList | City | FAQPage | GeoCoordinates | ListItem | LocationFeatureSpecification | MenuItem | MenuSection | Menú | Neighborhood | Offer | OpeningHoursSpecification | PostalAddress | Question | ReserveAction | Restaurant | SpeakableSpecification | TouristAttraction | WebPage | WebSite
es/almoco.html,PASS,98,Marketing,100,,1389,1,10,17,31,20,AdministrativeArea | AggregateRating | Answer | BreadcrumbList | City | FAQPage | GeoCoordinates | ListItem | LocationFeatureSpecification | MenuItem | MenuSection | Menú | Neighborhood | Offer | OpeningHoursSpecification | PostalAddress | Question | ReserveAction | Restaurant | SpeakableSpecification | TouristAttraction | WebPage | WebSite
es/almoco.html,PASS,98,R2D2,100,,1389,1,10,17,31,20,AdministrativeArea | AggregateRating | Answer | BreadcrumbList | City | FAQPage | GeoCoordinates | ListItem | LocationFeatureSpecification | MenuItem | MenuSection | Menú | Neighborhood | Offer | OpeningHoursSpecification | PostalAddress | Question | ReserveAction | Restaurant | SpeakableSpecification | TouristAttraction | WebPage | WebSite
es/almoco.html,PASS,98,Schema,100,,1389,1,10,17,31,20,AdministrativeArea | AggregateRating | Answer | BreadcrumbList | City | FAQPage | GeoCoordinates | ListItem | LocationFeatureSpecification | MenuItem | MenuSection | Menú | Neighborhood | Offer | OpeningHoursSpecification | PostalAddress | Question | ReserveAction | Restaurant | SpeakableSpecification | TouristAttraction | WebPage | WebSite
es/almoco.html,PASS,98,Performance,100,,1389,1,10,17,31,20,AdministrativeArea | AggregateRating | Answer | BreadcrumbList | City | FAQPage | GeoCoordinates | ListItem | LocationFeatureSpecification | MenuItem | MenuSection | Menú | Neighborhood | Offer | OpeningHoursSpecification | PostalAddress | Question | ReserveAction | Restaurant | SpeakableSpecification | TouristAttraction | WebPage | WebSite
es/atardecer.html,PASS,98,Design,84,Risco de texto creme em fundo claro. | Opacity baixa detectada; validar texto real. | Sem CSS global de estabilização/contraste.,1429,1,10,17,31,20,AdministrativeArea | AggregateRating | Answer | BreadcrumbList | City | FAQPage | FoodEvent | GeoCoordinates | ImageObject | ListItem | LocationFeatureSpecification | MusicEvent | Neighborhood | Offer | OpeningHoursSpecification | Organization | Place | PostalAddress | Question | ReserveAction | Restaurant | Schedule | SpeakableSpecification | TouristAttraction | VideoObject | WebPage | WebSite
es/atardecer.html,PASS,98,UX,100,,1429,1,10,17,31,20,AdministrativeArea | AggregateRating | Answer | BreadcrumbList | City | FAQPage | FoodEvent | GeoCoordinates | ImageObject | ListItem | LocationFeatureSpecification | MusicEvent | Neighborhood | Offer | OpeningHoursSpecification | Organization | Place | PostalAddress | Question | ReserveAction | Restaurant | Schedule | SpeakableSpecification | TouristAttraction | VideoObject | WebPage | WebSite
es/atardecer.html,PASS,98,Copydesk,100,,1429,1,10,17,31,20,AdministrativeArea | AggregateRating | Answer | BreadcrumbList | City | FAQPage | FoodEvent | GeoCoordinates | ImageObject | ListItem | LocationFeatureSpecification | MusicEvent | Neighborhood | Offer | OpeningHoursSpecification | Organization | Place | PostalAddress | Question | ReserveAction | Restaurant | Schedule | SpeakableSpecification | TouristAttraction | VideoObject | WebPage | WebSite
es/atardecer.html,PASS,98,SEO,100,,1429,1,10,17,31,20,AdministrativeArea | AggregateRating | Answer | BreadcrumbList | City | FAQPage | FoodEvent | GeoCoordinates | ImageObject | ListItem | LocationFeatureSpecification | MusicEvent | Neighborhood | Offer | OpeningHoursSpecification | Organization | Place | PostalAddress | Question | ReserveAction | Restaurant | Schedule | SpeakableSpecification | TouristAttraction | VideoObject | WebPage | WebSite
es/atardecer.html,PASS,98,GEO,100,,1429,1,10,17,31,20,AdministrativeArea | AggregateRating | Answer | BreadcrumbList | City | FAQPage | FoodEvent | GeoCoordinates | ImageObject | ListItem | LocationFeatureSpecification | MusicEvent | Neighborhood | Offer | OpeningHoursSpecification | Organization | Place | PostalAddress | Question | ReserveAction | Restaurant | Schedule | SpeakableSpecification | TouristAttraction | VideoObject | WebPage | WebSite
es/atardecer.html,PASS,98,AEO,100,,1429,1,10,17,31,20,AdministrativeArea | AggregateRating | Answer | BreadcrumbList | City | FAQPage | FoodEvent | GeoCoordinates | ImageObject | ListItem | LocationFeatureSpecification | MusicEvent | Neighborhood | Offer | OpeningHoursSpecification | Organization | Place | PostalAddress | Question | ReserveAction | Restaurant | Schedule | SpeakableSpecification | TouristAttraction | VideoObject | WebPage | WebSite
es/atardecer.html,PASS,98,AIO,90,Sem cobertura literal das keywords prioritárias AIO.,1429,1,10,17,31,20,AdministrativeArea | AggregateRating | Answer | BreadcrumbList | City | FAQPage | FoodEvent | GeoCoordinates | ImageObject | ListItem | LocationFeatureSpecification | MusicEvent | Neighborhood | Offer | OpeningHoursSpecification | Organization | Place | PostalAddress | Question | ReserveAction | Restaurant | Schedule | SpeakableSpecification | TouristAttraction | VideoObject | WebPage | WebSite
es/atardecer.html,PASS,98,SXO,100,,1429,1,10,17,31,20,AdministrativeArea | AggregateRating | Answer | BreadcrumbList | City | FAQPage | FoodEvent | GeoCoordinates | ImageObject | ListItem | LocationFeatureSpecification | MusicEvent | Neighborhood | Offer | OpeningHoursSpecification | Organization | Place | PostalAddress | Question | ReserveAction | Restaurant | Schedule | SpeakableSpecification | TouristAttraction | VideoObject | WebPage | WebSite
es/atardecer.html,PASS,98,Marketing,100,,1429,1,10,17,31,20,AdministrativeArea | AggregateRating | Answer | BreadcrumbList | City | FAQPage | FoodEvent | GeoCoordinates | ImageObject | ListItem | LocationFeatureSpecification | MusicEvent | Neighborhood | Offer | OpeningHoursSpecification | Organization | Place | PostalAddress | Question | ReserveAction | Restaurant | Schedule | SpeakableSpecification | TouristAttraction | VideoObject | WebPage | WebSite
es/atardecer.html,PASS,98,R2D2,100,,1429,1,10,17,31,20,AdministrativeArea | AggregateRating | Answer | BreadcrumbList | City | FAQPage | FoodEvent | GeoCoordinates | ImageObject | ListItem | LocationFeatureSpecification | MusicEvent | Neighborhood | Offer | OpeningHoursSpecification | Organization | Place | PostalAddress | Question | ReserveAction | Restaurant | Schedule | SpeakableSpecification | TouristAttraction | VideoObject | WebPage | WebSite
es/atardecer.html,PASS,98,Schema,100,,1429,1,10,17,31,20,AdministrativeArea | AggregateRating | Answer | BreadcrumbList | City | FAQPage | FoodEvent | GeoCoordinates | ImageObject | ListItem | LocationFeatureSpecification | MusicEvent | Neighborhood | Offer | OpeningHoursSpecification | Organization | Place | PostalAddress | Question | ReserveAction | Restaurant | Schedule | SpeakableSpecification | TouristAttraction | VideoObject | WebPage | WebSite
es/atardecer.html,PASS,98,Performance,100,,1429,1,10,17,31,20,AdministrativeArea | AggregateRating | Answer | BreadcrumbList | City | FAQPage | FoodEvent | GeoCoordinates | ImageObject | ListItem | LocationFeatureSpecification | MusicEvent | Neighborhood | Offer | OpeningHoursSpecification | Organization | Place | PostalAddress | Question | ReserveAction | Restaurant | Schedule | SpeakableSpecification | TouristAttraction | VideoObject | WebPage | WebSite
es/cafe-da-manha-pao-de-acucar.html,FAIL,95,Design,84,Risco de texto creme em fundo claro. | Opacity baixa detectada; validar texto real. | Sem CSS global de estabilização/contraste.,715,1,7,14,13,7,AdministrativeArea | AggregateRating | Answer | BreadcrumbList | City | FAQPage | GeoCoordinates | ListItem | LocationFeatureSpecification | Neighborhood | OpeningHoursSpecification | PostalAddress | Question | ReserveAction | Restaurant | TouristAttraction | WebPage | WebSite
es/cafe-da-manha-pao-de-acucar.html,FAIL,95,UX,100,,715,1,7,14,13,7,AdministrativeArea | AggregateRating | Answer | BreadcrumbList | City | FAQPage | GeoCoordinates | ListItem | LocationFeatureSpecification | Neighborhood | OpeningHoursSpecification | PostalAddress | Question | ReserveAction | Restaurant | TouristAttraction | WebPage | WebSite
es/cafe-da-manha-pao-de-acucar.html,FAIL,95,Copydesk,100,,715,1,7,14,13,7,AdministrativeArea | AggregateRating | Answer | BreadcrumbList | City | FAQPage | GeoCoordinates | ListItem | LocationFeatureSpecification | Neighborhood | OpeningHoursSpecification | PostalAddress | Question | ReserveAction | Restaurant | TouristAttraction | WebPage | WebSite
es/cafe-da-manha-pao-de-acucar.html,FAIL,95,SEO,72,Sem meta description. | Sem canonical.,715,1,7,14,13,7,AdministrativeArea | AggregateRating | Answer | BreadcrumbList | City | FAQPage | GeoCoordinates | ListItem | LocationFeatureSpecification | Neighborhood | OpeningHoursSpecification | PostalAddress | Question | ReserveAction | Restaurant | TouristAttraction | WebPage | WebSite
es/cafe-da-manha-pao-de-acucar.html,FAIL,95,GEO,100,,715,1,7,14,13,7,AdministrativeArea | AggregateRating | Answer | BreadcrumbList | City | FAQPage | GeoCoordinates | ListItem | LocationFeatureSpecification | Neighborhood | OpeningHoursSpecification | PostalAddress | Question | ReserveAction | Restaurant | TouristAttraction | WebPage | WebSite
es/cafe-da-manha-pao-de-acucar.html,FAIL,95,AEO,100,,715,1,7,14,13,7,AdministrativeArea | AggregateRating | Answer | BreadcrumbList | City | FAQPage | GeoCoordinates | ListItem | LocationFeatureSpecification | Neighborhood | OpeningHoursSpecification | PostalAddress | Question | ReserveAction | Restaurant | TouristAttraction | WebPage | WebSite
es/cafe-da-manha-pao-de-acucar.html,FAIL,95,AIO,85,Sem cobertura literal das keywords prioritárias AIO. | Sem VideoObject em página de experiência/produto.,715,1,7,14,13,7,AdministrativeArea | AggregateRating | Answer | BreadcrumbList | City | FAQPage | GeoCoordinates | ListItem | LocationFeatureSpecification | Neighborhood | OpeningHoursSpecification | PostalAddress | Question | ReserveAction | Restaurant | TouristAttraction | WebPage | WebSite
es/cafe-da-manha-pao-de-acucar.html,FAIL,95,SXO,100,,715,1,7,14,13,7,AdministrativeArea | AggregateRating | Answer | BreadcrumbList | City | FAQPage | GeoCoordinates | ListItem | LocationFeatureSpecification | Neighborhood | OpeningHoursSpecification | PostalAddress | Question | ReserveAction | Restaurant | TouristAttraction | WebPage | WebSite
es/cafe-da-manha-pao-de-acucar.html,FAIL,95,Marketing,100,,715,1,7,14,13,7,AdministrativeArea | AggregateRating | Answer | BreadcrumbList | City | FAQPage | GeoCoordinates | ListItem | LocationFeatureSpecification | Neighborhood | OpeningHoursSpecification | PostalAddress | Question | ReserveAction | Restaurant | TouristAttraction | WebPage | WebSite
es/cafe-da-manha-pao-de-acucar.html,FAIL,95,R2D2,100,,715,1,7,14,13,7,AdministrativeArea | AggregateRating | Answer | BreadcrumbList | City | FAQPage | GeoCoordinates | ListItem | LocationFeatureSpecification | Neighborhood | OpeningHoursSpecification | PostalAddress | Question | ReserveAction | Restaurant | TouristAttraction | WebPage | WebSite
es/cafe-da-manha-pao-de-acucar.html,FAIL,95,Schema,100,,715,1,7,14,13,7,AdministrativeArea | AggregateRating | Answer | BreadcrumbList | City | FAQPage | GeoCoordinates | ListItem | LocationFeatureSpecification | Neighborhood | OpeningHoursSpecification | PostalAddress | Question | ReserveAction | Restaurant | TouristAttraction | WebPage | WebSite
es/cafe-da-manha-pao-de-acucar.html,FAIL,95,Performance,100,,715,1,7,14,13,7,AdministrativeArea | AggregateRating | Answer | BreadcrumbList | City | FAQPage | GeoCoordinates | ListItem | LocationFeatureSpecification | Neighborhood | OpeningHoursSpecification | PostalAddress | Question | ReserveAction | Restaurant | TouristAttraction | WebPage | WebSite
es/cafe-da-manha.html,PASS,97,Design,84,Risco de texto creme em fundo claro. | Opacity baixa detectada; validar texto real. | Sem CSS global de estabilização/contraste.,1715,1,11,17,33,22,AdministrativeArea | AggregateRating | Answer | BreadcrumbList | City | FAQPage | FoodEvent | GeoCoordinates | ListItem | LocationFeatureSpecification | Neighborhood | OpeningHoursSpecification | Place | PostalAddress | Question | ReserveAction | Restaurant | Schedule | SpeakableSpecification | TouristAttraction | WebPage | WebSite
es/cafe-da-manha.html,PASS,97,UX,100,,1715,1,11,17,33,22,AdministrativeArea | AggregateRating | Answer | BreadcrumbList | City | FAQPage | FoodEvent | GeoCoordinates | ListItem | LocationFeatureSpecification | Neighborhood | OpeningHoursSpecification | Place | PostalAddress | Question | ReserveAction | Restaurant | Schedule | SpeakableSpecification | TouristAttraction | WebPage | WebSite
es/cafe-da-manha.html,PASS,97,Copydesk,100,,1715,1,11,17,33,22,AdministrativeArea | AggregateRating | Answer | BreadcrumbList | City | FAQPage | FoodEvent | GeoCoordinates | ListItem | LocationFeatureSpecification | Neighborhood | OpeningHoursSpecification | Place | PostalAddress | Question | ReserveAction | Restaurant | Schedule | SpeakableSpecification | TouristAttraction | WebPage | WebSite
es/cafe-da-manha.html,PASS,97,SEO,100,,1715,1,11,17,33,22,AdministrativeArea | AggregateRating | Answer | BreadcrumbList | City | FAQPage | FoodEvent | GeoCoordinates | ListItem | LocationFeatureSpecification | Neighborhood | OpeningHoursSpecification | Place | PostalAddress | Question | ReserveAction | Restaurant | Schedule | SpeakableSpecification | TouristAttraction | WebPage | WebSite
es/cafe-da-manha.html,PASS,97,GEO,100,,1715,1,11,17,33,22,AdministrativeArea | AggregateRating | Answer | BreadcrumbList | City | FAQPage | FoodEvent | GeoCoordinates | ListItem | LocationFeatureSpecification | Neighborhood | OpeningHoursSpecification | Place | PostalAddress | Question | ReserveAction | Restaurant | Schedule | SpeakableSpecification | TouristAttraction | WebPage | WebSite
es/cafe-da-manha.html,PASS,97,AEO,100,,1715,1,11,17,33,22,AdministrativeArea | AggregateRating | Answer | BreadcrumbList | City | FAQPage | FoodEvent | GeoCoordinates | ListItem | LocationFeatureSpecification | Neighborhood | OpeningHoursSpecification | Place | PostalAddress | Question | ReserveAction | Restaurant | Schedule | SpeakableSpecification | TouristAttraction | WebPage | WebSite
es/cafe-da-manha.html,PASS,97,AIO,85,Sem cobertura literal das keywords prioritárias AIO. | Sem VideoObject em página de experiência/produto.,1715,1,11,17,33,22,AdministrativeArea | AggregateRating | Answer | BreadcrumbList | City | FAQPage | FoodEvent | GeoCoordinates | ListItem | LocationFeatureSpecification | Neighborhood | OpeningHoursSpecification | Place | PostalAddress | Question | ReserveAction | Restaurant | Schedule | SpeakableSpecification | TouristAttraction | WebPage | WebSite
es/cafe-da-manha.html,PASS,97,SXO,100,,1715,1,11,17,33,22,AdministrativeArea | AggregateRating | Answer | BreadcrumbList | City | FAQPage | FoodEvent | GeoCoordinates | ListItem | LocationFeatureSpecification | Neighborhood | OpeningHoursSpecification | Place | PostalAddress | Question | ReserveAction | Restaurant | Schedule | SpeakableSpecification | TouristAttraction | WebPage | WebSite
es/cafe-da-manha.html,PASS,97,Marketing,100,,1715,1,11,17,33,22,AdministrativeArea | AggregateRating | Answer | BreadcrumbList | City | FAQPage | FoodEvent | GeoCoordinates | ListItem | LocationFeatureSpecification | Neighborhood | OpeningHoursSpecification | Place | PostalAddress | Question | ReserveAction | Restaurant | Schedule | SpeakableSpecification | TouristAttraction | WebPage | WebSite
es/cafe-da-manha.html,PASS,97,R2D2,100,,1715,1,11,17,33,22,AdministrativeArea | AggregateRating | Answer | BreadcrumbList | City | FAQPage | FoodEvent | GeoCoordinates | ListItem | LocationFeatureSpecification | Neighborhood | OpeningHoursSpecification | Place | PostalAddress | Question | ReserveAction | Restaurant | Schedule | SpeakableSpecification | TouristAttraction | WebPage | WebSite
es/cafe-da-manha.html,PASS,97,Schema,100,,1715,1,11,17,33,22,AdministrativeArea | AggregateRating | Answer | BreadcrumbList | City | FAQPage | FoodEvent | GeoCoordinates | ListItem | LocationFeatureSpecification | Neighborhood | OpeningHoursSpecification | Place | PostalAddress | Question | ReserveAction | Restaurant | Schedule | SpeakableSpecification | TouristAttraction | WebPage | WebSite
es/cafe-da-manha.html,PASS,97,Performance,100,,1715,1,11,17,33,22,AdministrativeArea | AggregateRating | Answer | BreadcrumbList | City | FAQPage | FoodEvent | GeoCoordinates | ListItem | LocationFeatureSpecification | Neighborhood | OpeningHoursSpecification | Place | PostalAddress | Question | ReserveAction | Restaurant | Schedule | SpeakableSpecification | TouristAttraction | WebPage | WebSite
es/caipirinha-com-vista-rio.html,FAIL,95,Design,84,Risco de texto creme em fundo claro. | Opacity baixa detectada; validar texto real. | Sem CSS global de estabilização/contraste.,698,1,7,14,13,7,AdministrativeArea | AggregateRating | Answer | BarOrPub | BreadcrumbList | City | FAQPage | GeoCoordinates | ListItem | LocalBusiness | LocationFeatureSpecification | Neighborhood | OpeningHoursSpecification | PostalAddress | Question | ReserveAction | Restaurant | TouristAttraction | WebPage | WebSite
es/caipirinha-com-vista-rio.html,FAIL,95,UX,100,,698,1,7,14,13,7,AdministrativeArea | AggregateRating | Answer | BarOrPub | BreadcrumbList | City | FAQPage | GeoCoordinates | ListItem | LocalBusiness | LocationFeatureSpecification | Neighborhood | OpeningHoursSpecification | PostalAddress | Question | ReserveAction | Restaurant | TouristAttraction | WebPage | WebSite
es/caipirinha-com-vista-rio.html,FAIL,95,Copydesk,100,,698,1,7,14,13,7,AdministrativeArea | AggregateRating | Answer | BarOrPub | BreadcrumbList | City | FAQPage | GeoCoordinates | ListItem | LocalBusiness | LocationFeatureSpecification | Neighborhood | OpeningHoursSpecification | PostalAddress | Question | ReserveAction | Restaurant | TouristAttraction | WebPage | WebSite
es/caipirinha-com-vista-rio.html,FAIL,95,SEO,72,Sem meta description. | Sem canonical.,698,1,7,14,13,7,AdministrativeArea | AggregateRating | Answer | BarOrPub | BreadcrumbList | City | FAQPage | GeoCoordinates | ListItem | LocalBusiness | LocationFeatureSpecification | Neighborhood | OpeningHoursSpecification | PostalAddress | Question | ReserveAction | Restaurant | TouristAttraction | WebPage | WebSite
es/caipirinha-com-vista-rio.html,FAIL,95,GEO,100,,698,1,7,14,13,7,AdministrativeArea | AggregateRating | Answer | BarOrPub | BreadcrumbList | City | FAQPage | GeoCoordinates | ListItem | LocalBusiness | LocationFeatureSpecification | Neighborhood | OpeningHoursSpecification | PostalAddress | Question | ReserveAction | Restaurant | TouristAttraction | WebPage | WebSite
es/caipirinha-com-vista-rio.html,FAIL,95,AEO,100,,698,1,7,14,13,7,AdministrativeArea | AggregateRating | Answer | BarOrPub | BreadcrumbList | City | FAQPage | GeoCoordinates | ListItem | LocalBusiness | LocationFeatureSpecification | Neighborhood | OpeningHoursSpecification | PostalAddress | Question | ReserveAction | Restaurant | TouristAttraction | WebPage | WebSite
es/caipirinha-com-vista-rio.html,FAIL,95,AIO,85,Sem cobertura literal das keywords prioritárias AIO. | Sem VideoObject em página de experiência/produto.,698,1,7,14,13,7,AdministrativeArea | AggregateRating | Answer | BarOrPub | BreadcrumbList | City | FAQPage | GeoCoordinates | ListItem | LocalBusiness | LocationFeatureSpecification | Neighborhood | OpeningHoursSpecification | PostalAddress | Question | ReserveAction | Restaurant | TouristAttraction | WebPage | WebSite
es/caipirinha-com-vista-rio.html,FAIL,95,SXO,100,,698,1,7,14,13,7,AdministrativeArea | AggregateRating | Answer | BarOrPub | BreadcrumbList | City | FAQPage | GeoCoordinates | ListItem | LocalBusiness | LocationFeatureSpecification | Neighborhood | OpeningHoursSpecification | PostalAddress | Question | ReserveAction | Restaurant | TouristAttraction | WebPage | WebSite
es/caipirinha-com-vista-rio.html,FAIL,95,Marketing,100,,698,1,7,14,13,7,AdministrativeArea | AggregateRating | Answer | BarOrPub | BreadcrumbList | City | FAQPage | GeoCoordinates | ListItem | LocalBusiness | LocationFeatureSpecification | Neighborhood | OpeningHoursSpecification | PostalAddress | Question | ReserveAction | Restaurant | TouristAttraction | WebPage | WebSite
es/caipirinha-com-vista-rio.html,FAIL,95,R2D2,100,,698,1,7,14,13,7,AdministrativeArea | AggregateRating | Answer | BarOrPub | BreadcrumbList | City | FAQPage | GeoCoordinates | ListItem | LocalBusiness | LocationFeatureSpecification | Neighborhood | OpeningHoursSpecification | PostalAddress | Question | ReserveAction | Restaurant | TouristAttraction | WebPage | WebSite
es/caipirinha-com-vista-rio.html,FAIL,95,Schema,100,,698,1,7,14,13,7,AdministrativeArea | AggregateRating | Answer | BarOrPub | BreadcrumbList | City | FAQPage | GeoCoordinates | ListItem | LocalBusiness | LocationFeatureSpecification | Neighborhood | OpeningHoursSpecification | PostalAddress | Question | ReserveAction | Restaurant | TouristAttraction | WebPage | WebSite
es/caipirinha-com-vista-rio.html,FAIL,95,Performance,100,,698,1,7,14,13,7,AdministrativeArea | AggregateRating | Answer | BarOrPub | BreadcrumbList | City | FAQPage | GeoCoordinates | ListItem | LocalBusiness | LocationFeatureSpecification | Neighborhood | OpeningHoursSpecification | PostalAddress | Question | ReserveAction | Restaurant | TouristAttraction | WebPage | WebSite
es/cardapio.html,PASS,97,Design,84,Risco de texto creme em fundo claro. | Opacity baixa detectada; validar texto real. | Sem CSS global de estabilização/contraste.,1300,1,10,25,33,21,AdministrativeArea | AggregateRating | Answer | BreadcrumbList | City | FAQPage | GeoCoordinates | ListItem | LocationFeatureSpecification | MenuItem | MenuSection | Menú | Neighborhood | Offer | OpeningHoursSpecification | PostalAddress | Question | ReserveAction | Restaurant | SpeakableSpecification | TouristAttraction | WebPage | WebSite
es/cardapio.html,PASS,97,UX,100,,1300,1,10,25,33,21,AdministrativeArea | AggregateRating | Answer | BreadcrumbList | City | FAQPage | GeoCoordinates | ListItem | LocationFeatureSpecification | MenuItem | MenuSection | Menú | Neighborhood | Offer | OpeningHoursSpecification | PostalAddress | Question | ReserveAction | Restaurant | SpeakableSpecification | TouristAttraction | WebPage | WebSite
es/cardapio.html,PASS,97,Copydesk,100,,1300,1,10,25,33,21,AdministrativeArea | AggregateRating | Answer | BreadcrumbList | City | FAQPage | GeoCoordinates | ListItem | LocationFeatureSpecification | MenuItem | MenuSection | Menú | Neighborhood | Offer | OpeningHoursSpecification | PostalAddress | Question | ReserveAction | Restaurant | SpeakableSpecification | TouristAttraction | WebPage | WebSite
es/cardapio.html,PASS,97,SEO,84,Sem meta description.,1300,1,10,25,33,21,AdministrativeArea | AggregateRating | Answer | BreadcrumbList | City | FAQPage | GeoCoordinates | ListItem | LocationFeatureSpecification | MenuItem | MenuSection | Menú | Neighborhood | Offer | OpeningHoursSpecification | PostalAddress | Question | ReserveAction | Restaurant | SpeakableSpecification | TouristAttraction | WebPage | WebSite
es/cardapio.html,PASS,97,GEO,100,,1300,1,10,25,33,21,AdministrativeArea | AggregateRating | Answer | BreadcrumbList | City | FAQPage | GeoCoordinates | ListItem | LocationFeatureSpecification | MenuItem | MenuSection | Menú | Neighborhood | Offer | OpeningHoursSpecification | PostalAddress | Question | ReserveAction | Restaurant | SpeakableSpecification | TouristAttraction | WebPage | WebSite
es/cardapio.html,PASS,97,AEO,100,,1300,1,10,25,33,21,AdministrativeArea | AggregateRating | Answer | BreadcrumbList | City | FAQPage | GeoCoordinates | ListItem | LocationFeatureSpecification | MenuItem | MenuSection | Menú | Neighborhood | Offer | OpeningHoursSpecification | PostalAddress | Question | ReserveAction | Restaurant | SpeakableSpecification | TouristAttraction | WebPage | WebSite
es/cardapio.html,PASS,97,AIO,95,Sem VideoObject em página de experiência/produto.,1300,1,10,25,33,21,AdministrativeArea | AggregateRating | Answer | BreadcrumbList | City | FAQPage | GeoCoordinates | ListItem | LocationFeatureSpecification | MenuItem | MenuSection | Menú | Neighborhood | Offer | OpeningHoursSpecification | PostalAddress | Question | ReserveAction | Restaurant | SpeakableSpecification | TouristAttraction | WebPage | WebSite
es/cardapio.html,PASS,97,SXO,100,,1300,1,10,25,33,21,AdministrativeArea | AggregateRating | Answer | BreadcrumbList | City | FAQPage | GeoCoordinates | ListItem | LocationFeatureSpecification | MenuItem | MenuSection | Menú | Neighborhood | Offer | OpeningHoursSpecification | PostalAddress | Question | ReserveAction | Restaurant | SpeakableSpecification | TouristAttraction | WebPage | WebSite
es/cardapio.html,PASS,97,Marketing,100,,1300,1,10,25,33,21,AdministrativeArea | AggregateRating | Answer | BreadcrumbList | City | FAQPage | GeoCoordinates | ListItem | LocationFeatureSpecification | MenuItem | MenuSection | Menú | Neighborhood | Offer | OpeningHoursSpecification | PostalAddress | Question | ReserveAction | Restaurant | SpeakableSpecification | TouristAttraction | WebPage | WebSite
es/cardapio.html,PASS,97,R2D2,100,,1300,1,10,25,33,21,AdministrativeArea | AggregateRating | Answer | BreadcrumbList | City | FAQPage | GeoCoordinates | ListItem | LocationFeatureSpecification | MenuItem | MenuSection | Menú | Neighborhood | Offer | OpeningHoursSpecification | PostalAddress | Question | ReserveAction | Restaurant | SpeakableSpecification | TouristAttraction | WebPage | WebSite
es/cardapio.html,PASS,97,Schema,100,,1300,1,10,25,33,21,AdministrativeArea | AggregateRating | Answer | BreadcrumbList | City | FAQPage | GeoCoordinates | ListItem | LocationFeatureSpecification | MenuItem | MenuSection | Menú | Neighborhood | Offer | OpeningHoursSpecification | PostalAddress | Question | ReserveAction | Restaurant | SpeakableSpecification | TouristAttraction | WebPage | WebSite
es/cardapio.html,PASS,97,Performance,100,,1300,1,10,25,33,21,AdministrativeArea | AggregateRating | Answer | BreadcrumbList | City | FAQPage | GeoCoordinates | ListItem | LocationFeatureSpecification | MenuItem | MenuSection | Menú | Neighborhood | Offer | OpeningHoursSpecification | PostalAddress | Question | ReserveAction | Restaurant | SpeakableSpecification | TouristAttraction | WebPage | WebSite
es/como-llegar.html,PASS,97,Design,84,Risco de texto creme em fundo claro. | Opacity baixa detectada; validar texto real. | Sem CSS global de estabilização/contraste.,998,1,7,14,11,5,AdministrativeArea | Answer | City | FAQPage | GeoCoordinates | Neighborhood | OpeningHoursSpecification | PostalAddress | Question | Restaurant | TouristAttraction | WebPage
es/como-llegar.html,PASS,97,UX,100,,998,1,7,14,11,5,AdministrativeArea | Answer | City | FAQPage | GeoCoordinates | Neighborhood | OpeningHoursSpecification | PostalAddress | Question | Restaurant | TouristAttraction | WebPage
es/como-llegar.html,PASS,97,Copydesk,100,,998,1,7,14,11,5,AdministrativeArea | Answer | City | FAQPage | GeoCoordinates | Neighborhood | OpeningHoursSpecification | PostalAddress | Question | Restaurant | TouristAttraction | WebPage
es/como-llegar.html,PASS,97,SEO,100,,998,1,7,14,11,5,AdministrativeArea | Answer | City | FAQPage | GeoCoordinates | Neighborhood | OpeningHoursSpecification | PostalAddress | Question | Restaurant | TouristAttraction | WebPage
es/como-llegar.html,PASS,97,GEO,100,,998,1,7,14,11,5,AdministrativeArea | Answer | City | FAQPage | GeoCoordinates | Neighborhood | OpeningHoursSpecification | PostalAddress | Question | Restaurant | TouristAttraction | WebPage
es/como-llegar.html,PASS,97,AEO,100,,998,1,7,14,11,5,AdministrativeArea | Answer | City | FAQPage | GeoCoordinates | Neighborhood | OpeningHoursSpecification | PostalAddress | Question | Restaurant | TouristAttraction | WebPage
es/como-llegar.html,PASS,97,AIO,85,Sem cobertura literal das keywords prioritárias AIO. | Sem VideoObject em página de experiência/produto.,998,1,7,14,11,5,AdministrativeArea | Answer | City | FAQPage | GeoCoordinates | Neighborhood | OpeningHoursSpecification | PostalAddress | Question | Restaurant | TouristAttraction | WebPage
es/como-llegar.html,PASS,97,SXO,100,,998,1,7,14,11,5,AdministrativeArea | Answer | City | FAQPage | GeoCoordinates | Neighborhood | OpeningHoursSpecification | PostalAddress | Question | Restaurant | TouristAttraction | WebPage
es/como-llegar.html,PASS,97,Marketing,100,,998,1,7,14,11,5,AdministrativeArea | Answer | City | FAQPage | GeoCoordinates | Neighborhood | OpeningHoursSpecification | PostalAddress | Question | Restaurant | TouristAttraction | WebPage
es/como-llegar.html,PASS,97,R2D2,100,,998,1,7,14,11,5,AdministrativeArea | Answer | City | FAQPage | GeoCoordinates | Neighborhood | OpeningHoursSpecification | PostalAddress | Question | Restaurant | TouristAttraction | WebPage
es/como-llegar.html,PASS,97,Schema,100,,998,1,7,14,11,5,AdministrativeArea | Answer | City | FAQPage | GeoCoordinates | Neighborhood | OpeningHoursSpecification | PostalAddress | Question | Restaurant | TouristAttraction | WebPage
es/como-llegar.html,PASS,97,Performance,100,,998,1,7,14,11,5,AdministrativeArea | Answer | City | FAQPage | GeoCoordinates | Neighborhood | OpeningHoursSpecification | PostalAddress | Question | Restaurant | TouristAttraction | WebPage
es/contato.html,FAIL,96,Design,84,Risco de texto creme em fundo claro. | Opacity baixa detectada; validar texto real. | Sem CSS global de estabilização/contraste.,621,1,3,14,12,4,AdministrativeArea | AggregateRating | Answer | BreadcrumbList | City | FAQPage | GeoCoordinates | ListItem | LocalBusiness | LocationFeatureSpecification | Neighborhood | OpeningHoursSpecification | PostalAddress | Question | ReserveAction | Restaurant | TouristAttraction | WebPage | WebSite
es/contato.html,FAIL,96,UX,100,,621,1,3,14,12,4,AdministrativeArea | AggregateRating | Answer | BreadcrumbList | City | FAQPage | GeoCoordinates | ListItem | LocalBusiness | LocationFeatureSpecification | Neighborhood | OpeningHoursSpecification | PostalAddress | Question | ReserveAction | Restaurant | TouristAttraction | WebPage | WebSite
es/contato.html,FAIL,96,Copydesk,100,,621,1,3,14,12,4,AdministrativeArea | AggregateRating | Answer | BreadcrumbList | City | FAQPage | GeoCoordinates | ListItem | LocalBusiness | LocationFeatureSpecification | Neighborhood | OpeningHoursSpecification | PostalAddress | Question | ReserveAction | Restaurant | TouristAttraction | WebPage | WebSite
es/contato.html,FAIL,96,SEO,72,Sem meta description. | Sem canonical.,621,1,3,14,12,4,AdministrativeArea | AggregateRating | Answer | BreadcrumbList | City | FAQPage | GeoCoordinates | ListItem | LocalBusiness | LocationFeatureSpecification | Neighborhood | OpeningHoursSpecification | PostalAddress | Question | ReserveAction | Restaurant | TouristAttraction | WebPage | WebSite
es/contato.html,FAIL,96,GEO,100,,621,1,3,14,12,4,AdministrativeArea | AggregateRating | Answer | BreadcrumbList | City | FAQPage | GeoCoordinates | ListItem | LocalBusiness | LocationFeatureSpecification | Neighborhood | OpeningHoursSpecification | PostalAddress | Question | ReserveAction | Restaurant | TouristAttraction | WebPage | WebSite
es/contato.html,FAIL,96,AEO,100,,621,1,3,14,12,4,AdministrativeArea | AggregateRating | Answer | BreadcrumbList | City | FAQPage | GeoCoordinates | ListItem | LocalBusiness | LocationFeatureSpecification | Neighborhood | OpeningHoursSpecification | PostalAddress | Question | ReserveAction | Restaurant | TouristAttraction | WebPage | WebSite
es/contato.html,FAIL,96,AIO,95,Sem VideoObject em página de experiência/produto.,621,1,3,14,12,4,AdministrativeArea | AggregateRating | Answer | BreadcrumbList | City | FAQPage | GeoCoordinates | ListItem | LocalBusiness | LocationFeatureSpecification | Neighborhood | OpeningHoursSpecification | PostalAddress | Question | ReserveAction | Restaurant | TouristAttraction | WebPage | WebSite
es/contato.html,FAIL,96,SXO,100,,621,1,3,14,12,4,AdministrativeArea | AggregateRating | Answer | BreadcrumbList | City | FAQPage | GeoCoordinates | ListItem | LocalBusiness | LocationFeatureSpecification | Neighborhood | OpeningHoursSpecification | PostalAddress | Question | ReserveAction | Restaurant | TouristAttraction | WebPage | WebSite
es/contato.html,FAIL,96,Marketing,100,,621,1,3,14,12,4,AdministrativeArea | AggregateRating | Answer | BreadcrumbList | City | FAQPage | GeoCoordinates | ListItem | LocalBusiness | LocationFeatureSpecification | Neighborhood | OpeningHoursSpecification | PostalAddress | Question | ReserveAction | Restaurant | TouristAttraction | WebPage | WebSite
es/contato.html,FAIL,96,R2D2,100,,621,1,3,14,12,4,AdministrativeArea | AggregateRating | Answer | BreadcrumbList | City | FAQPage | GeoCoordinates | ListItem | LocalBusiness | LocationFeatureSpecification | Neighborhood | OpeningHoursSpecification | PostalAddress | Question | ReserveAction | Restaurant | TouristAttraction | WebPage | WebSite
es/contato.html,FAIL,96,Schema,100,,621,1,3,14,12,4,AdministrativeArea | AggregateRating | Answer | BreadcrumbList | City | FAQPage | GeoCoordinates | ListItem | LocalBusiness | LocationFeatureSpecification | Neighborhood | OpeningHoursSpecification | PostalAddress | Question | ReserveAction | Restaurant | TouristAttraction | WebPage | WebSite
es/contato.html,FAIL,96,Performance,100,,621,1,3,14,12,4,AdministrativeArea | AggregateRating | Answer | BreadcrumbList | City | FAQPage | GeoCoordinates | ListItem | LocalBusiness | LocationFeatureSpecification | Neighborhood | OpeningHoursSpecification | PostalAddress | Question | ReserveAction | Restaurant | TouristAttraction | WebPage | WebSite
es/desayuno-con-vista-rio-de-janeiro.html,FAIL,95,Design,84,Risco de texto creme em fundo claro. | Opacity baixa detectada; validar texto real. | Sem CSS global de estabilização/contraste.,743,1,5,14,20,6,AdministrativeArea | Answer | City | FAQPage | GeoCoordinates | Neighborhood | OpeningHoursSpecification | PostalAddress | Question | Restaurant | TouristAttraction | WebPage
es/desayuno-con-vista-rio-de-janeiro.html,FAIL,95,UX,100,,743,1,5,14,20,6,AdministrativeArea | Answer | City | FAQPage | GeoCoordinates | Neighborhood | OpeningHoursSpecification | PostalAddress | Question | Restaurant | TouristAttraction | WebPage
es/desayuno-con-vista-rio-de-janeiro.html,FAIL,95,Copydesk,100,,743,1,5,14,20,6,AdministrativeArea | Answer | City | FAQPage | GeoCoordinates | Neighborhood | OpeningHoursSpecification | PostalAddress | Question | Restaurant | TouristAttraction | WebPage
es/desayuno-con-vista-rio-de-janeiro.html,FAIL,95,SEO,72,Sem meta description. | Sem canonical.,743,1,5,14,20,6,AdministrativeArea | Answer | City | FAQPage | GeoCoordinates | Neighborhood | OpeningHoursSpecification | PostalAddress | Question | Restaurant | TouristAttraction | WebPage
es/desayuno-con-vista-rio-de-janeiro.html,FAIL,95,GEO,100,,743,1,5,14,20,6,AdministrativeArea | Answer | City | FAQPage | GeoCoordinates | Neighborhood | OpeningHoursSpecification | PostalAddress | Question | Restaurant | TouristAttraction | WebPage
es/desayuno-con-vista-rio-de-janeiro.html,FAIL,95,AEO,100,,743,1,5,14,20,6,AdministrativeArea | Answer | City | FAQPage | GeoCoordinates | Neighborhood | OpeningHoursSpecification | PostalAddress | Question | Restaurant | TouristAttraction | WebPage
es/desayuno-con-vista-rio-de-janeiro.html,FAIL,95,AIO,85,Sem cobertura literal das keywords prioritárias AIO. | Sem VideoObject em página de experiência/produto.,743,1,5,14,20,6,AdministrativeArea | Answer | City | FAQPage | GeoCoordinates | Neighborhood | OpeningHoursSpecification | PostalAddress | Question | Restaurant | TouristAttraction | WebPage
es/desayuno-con-vista-rio-de-janeiro.html,FAIL,95,SXO,100,,743,1,5,14,20,6,AdministrativeArea | Answer | City | FAQPage | GeoCoordinates | Neighborhood | OpeningHoursSpecification | PostalAddress | Question | Restaurant | TouristAttraction | WebPage
es/desayuno-con-vista-rio-de-janeiro.html,FAIL,95,Marketing,100,,743,1,5,14,20,6,AdministrativeArea | Answer | City | FAQPage | GeoCoordinates | Neighborhood | OpeningHoursSpecification | PostalAddress | Question | Restaurant | TouristAttraction | WebPage
es/desayuno-con-vista-rio-de-janeiro.html,FAIL,95,R2D2,100,,743,1,5,14,20,6,AdministrativeArea | Answer | City | FAQPage | GeoCoordinates | Neighborhood | OpeningHoursSpecification | PostalAddress | Question | Restaurant | TouristAttraction | WebPage
es/desayuno-con-vista-rio-de-janeiro.html,FAIL,95,Schema,100,,743,1,5,14,20,6,AdministrativeArea | Answer | City | FAQPage | GeoCoordinates | Neighborhood | OpeningHoursSpecification | PostalAddress | Question | Restaurant | TouristAttraction | WebPage
es/desayuno-con-vista-rio-de-janeiro.html,FAIL,95,Performance,100,,743,1,5,14,20,6,AdministrativeArea | Answer | City | FAQPage | GeoCoordinates | Neighborhood | OpeningHoursSpecification | PostalAddress | Question | Restaurant | TouristAttraction | WebPage
es/donde-comer-cerca-del-pan-de-azucar.html,FAIL,95,Design,84,Risco de texto creme em fundo claro. | Opacity baixa detectada; validar texto real. | Sem CSS global de estabilização/contraste.,1036,1,7,14,17,7,AdministrativeArea | AggregateRating | Answer | BreadcrumbList | City | FAQPage | GeoCoordinates | ItemList | ListItem | LocationFeatureSpecification | Neighborhood | OpeningHoursSpecification | PostalAddress | Question | ReserveAction | Restaurant | SpeakableSpecification | TouristAttraction | WebPage | WebSite
es/donde-comer-cerca-del-pan-de-azucar.html,FAIL,95,UX,100,,1036,1,7,14,17,7,AdministrativeArea | AggregateRating | Answer | BreadcrumbList | City | FAQPage | GeoCoordinates | ItemList | ListItem | LocationFeatureSpecification | Neighborhood | OpeningHoursSpecification | PostalAddress | Question | ReserveAction | Restaurant | SpeakableSpecification | TouristAttraction | WebPage | WebSite
es/donde-comer-cerca-del-pan-de-azucar.html,FAIL,95,Copydesk,100,,1036,1,7,14,17,7,AdministrativeArea | AggregateRating | Answer | BreadcrumbList | City | FAQPage | GeoCoordinates | ItemList | ListItem | LocationFeatureSpecification | Neighborhood | OpeningHoursSpecification | PostalAddress | Question | ReserveAction | Restaurant | SpeakableSpecification | TouristAttraction | WebPage | WebSite
es/donde-comer-cerca-del-pan-de-azucar.html,FAIL,95,SEO,72,Sem meta description. | Sem canonical.,1036,1,7,14,17,7,AdministrativeArea | AggregateRating | Answer | BreadcrumbList | City | FAQPage | GeoCoordinates | ItemList | ListItem | LocationFeatureSpecification | Neighborhood | OpeningHoursSpecification | PostalAddress | Question | ReserveAction | Restaurant | SpeakableSpecification | TouristAttraction | WebPage | WebSite
es/donde-comer-cerca-del-pan-de-azucar.html,FAIL,95,GEO,100,,1036,1,7,14,17,7,AdministrativeArea | AggregateRating | Answer | BreadcrumbList | City | FAQPage | GeoCoordinates | ItemList | ListItem | LocationFeatureSpecification | Neighborhood | OpeningHoursSpecification | PostalAddress | Question | ReserveAction | Restaurant | SpeakableSpecification | TouristAttraction | WebPage | WebSite
es/donde-comer-cerca-del-pan-de-azucar.html,FAIL,95,AEO,100,,1036,1,7,14,17,7,AdministrativeArea | AggregateRating | Answer | BreadcrumbList | City | FAQPage | GeoCoordinates | ItemList | ListItem | LocationFeatureSpecification | Neighborhood | OpeningHoursSpecification | PostalAddress | Question | ReserveAction | Restaurant | SpeakableSpecification | TouristAttraction | WebPage | WebSite
es/donde-comer-cerca-del-pan-de-azucar.html,FAIL,95,AIO,85,Sem cobertura literal das keywords prioritárias AIO. | Sem VideoObject em página de experiência/produto.,1036,1,7,14,17,7,AdministrativeArea | AggregateRating | Answer | BreadcrumbList | City | FAQPage | GeoCoordinates | ItemList | ListItem | LocationFeatureSpecification | Neighborhood | OpeningHoursSpecification | PostalAddress | Question | ReserveAction | Restaurant | SpeakableSpecification | TouristAttraction | WebPage | WebSite
es/donde-comer-cerca-del-pan-de-azucar.html,FAIL,95,SXO,100,,1036,1,7,14,17,7,AdministrativeArea | AggregateRating | Answer | BreadcrumbList | City | FAQPage | GeoCoordinates | ItemList | ListItem | LocationFeatureSpecification | Neighborhood | OpeningHoursSpecification | PostalAddress | Question | ReserveAction | Restaurant | SpeakableSpecification | TouristAttraction | WebPage | WebSite
es/donde-comer-cerca-del-pan-de-azucar.html,FAIL,95,Marketing,100,,1036,1,7,14,17,7,AdministrativeArea | AggregateRating | Answer | BreadcrumbList | City | FAQPage | GeoCoordinates | ItemList | ListItem | LocationFeatureSpecification | Neighborhood | OpeningHoursSpecification | PostalAddress | Question | ReserveAction | Restaurant | SpeakableSpecification | TouristAttraction | WebPage | WebSite
es/donde-comer-cerca-del-pan-de-azucar.html,FAIL,95,R2D2,100,,1036,1,7,14,17,7,AdministrativeArea | AggregateRating | Answer | BreadcrumbList | City | FAQPage | GeoCoordinates | ItemList | ListItem | LocationFeatureSpecification | Neighborhood | OpeningHoursSpecification | PostalAddress | Question | ReserveAction | Restaurant | SpeakableSpecification | TouristAttraction | WebPage | WebSite
es/donde-comer-cerca-del-pan-de-azucar.html,FAIL,95,Schema,100,,1036,1,7,14,17,7,AdministrativeArea | AggregateRating | Answer | BreadcrumbList | City | FAQPage | GeoCoordinates | ItemList | ListItem | LocationFeatureSpecification | Neighborhood | OpeningHoursSpecification | PostalAddress | Question | ReserveAction | Restaurant | SpeakableSpecification | TouristAttraction | WebPage | WebSite
es/donde-comer-cerca-del-pan-de-azucar.html,FAIL,95,Performance,100,,1036,1,7,14,17,7,AdministrativeArea | AggregateRating | Answer | BreadcrumbList | City | FAQPage | GeoCoordinates | ItemList | ListItem | LocationFeatureSpecification | Neighborhood | OpeningHoursSpecification | PostalAddress | Question | ReserveAction | Restaurant | SpeakableSpecification | TouristAttraction | WebPage | WebSite
es/entardecer.html,PASS,96,Design,84,Risco de texto creme em fundo claro. | Opacity baixa detectada; validar texto real. | Sem CSS global de estabilização/contraste.,1416,1,9,17,31,20,AdministrativeArea | AggregateRating | Answer | BreadcrumbList | City | FAQPage | FoodEvent | GeoCoordinates | ImageObject | ListItem | LocationFeatureSpecification | Neighborhood | OpeningHoursSpecification | Organization | Place | PostalAddress | Question | ReserveAction | Restaurant | Schedule | SpeakableSpecification | TouristAttraction | VideoObject | WebPage | WebSite
es/entardecer.html,PASS,96,UX,100,,1416,1,9,17,31,20,AdministrativeArea | AggregateRating | Answer | BreadcrumbList | City | FAQPage | FoodEvent | GeoCoordinates | ImageObject | ListItem | LocationFeatureSpecification | Neighborhood | OpeningHoursSpecification | Organization | Place | PostalAddress | Question | ReserveAction | Restaurant | Schedule | SpeakableSpecification | TouristAttraction | VideoObject | WebPage | WebSite
es/entardecer.html,PASS,96,Copydesk,100,,1416,1,9,17,31,20,AdministrativeArea | AggregateRating | Answer | BreadcrumbList | City | FAQPage | FoodEvent | GeoCoordinates | ImageObject | ListItem | LocationFeatureSpecification | Neighborhood | OpeningHoursSpecification | Organization | Place | PostalAddress | Question | ReserveAction | Restaurant | Schedule | SpeakableSpecification | TouristAttraction | VideoObject | WebPage | WebSite
es/entardecer.html,PASS,96,SEO,84,Sem meta description.,1416,1,9,17,31,20,AdministrativeArea | AggregateRating | Answer | BreadcrumbList | City | FAQPage | FoodEvent | GeoCoordinates | ImageObject | ListItem | LocationFeatureSpecification | Neighborhood | OpeningHoursSpecification | Organization | Place | PostalAddress | Question | ReserveAction | Restaurant | Schedule | SpeakableSpecification | TouristAttraction | VideoObject | WebPage | WebSite
es/entardecer.html,PASS,96,GEO,100,,1416,1,9,17,31,20,AdministrativeArea | AggregateRating | Answer | BreadcrumbList | City | FAQPage | FoodEvent | GeoCoordinates | ImageObject | ListItem | LocationFeatureSpecification | Neighborhood | OpeningHoursSpecification | Organization | Place | PostalAddress | Question | ReserveAction | Restaurant | Schedule | SpeakableSpecification | TouristAttraction | VideoObject | WebPage | WebSite
es/entardecer.html,PASS,96,AEO,100,,1416,1,9,17,31,20,AdministrativeArea | AggregateRating | Answer | BreadcrumbList | City | FAQPage | FoodEvent | GeoCoordinates | ImageObject | ListItem | LocationFeatureSpecification | Neighborhood | OpeningHoursSpecification | Organization | Place | PostalAddress | Question | ReserveAction | Restaurant | Schedule | SpeakableSpecification | TouristAttraction | VideoObject | WebPage | WebSite
es/entardecer.html,PASS,96,AIO,90,Sem cobertura literal das keywords prioritárias AIO.,1416,1,9,17,31,20,AdministrativeArea | AggregateRating | Answer | BreadcrumbList | City | FAQPage | FoodEvent | GeoCoordinates | ImageObject | ListItem | LocationFeatureSpecification | Neighborhood | OpeningHoursSpecification | Organization | Place | PostalAddress | Question | ReserveAction | Restaurant | Schedule | SpeakableSpecification | TouristAttraction | VideoObject | WebPage | WebSite
es/entardecer.html,PASS,96,SXO,100,,1416,1,9,17,31,20,AdministrativeArea | AggregateRating | Answer | BreadcrumbList | City | FAQPage | FoodEvent | GeoCoordinates | ImageObject | ListItem | LocationFeatureSpecification | Neighborhood | OpeningHoursSpecification | Organization | Place | PostalAddress | Question | ReserveAction | Restaurant | Schedule | SpeakableSpecification | TouristAttraction | VideoObject | WebPage | WebSite
es/entardecer.html,PASS,96,Marketing,100,,1416,1,9,17,31,20,AdministrativeArea | AggregateRating | Answer | BreadcrumbList | City | FAQPage | FoodEvent | GeoCoordinates | ImageObject | ListItem | LocationFeatureSpecification | Neighborhood | OpeningHoursSpecification | Organization | Place | PostalAddress | Question | ReserveAction | Restaurant | Schedule | SpeakableSpecification | TouristAttraction | VideoObject | WebPage | WebSite
es/entardecer.html,PASS,96,R2D2,100,,1416,1,9,17,31,20,AdministrativeArea | AggregateRating | Answer | BreadcrumbList | City | FAQPage | FoodEvent | GeoCoordinates | ImageObject | ListItem | LocationFeatureSpecification | Neighborhood | OpeningHoursSpecification | Organization | Place | PostalAddress | Question | ReserveAction | Restaurant | Schedule | SpeakableSpecification | TouristAttraction | VideoObject | WebPage | WebSite
es/entardecer.html,PASS,96,Schema,100,,1416,1,9,17,31,20,AdministrativeArea | AggregateRating | Answer | BreadcrumbList | City | FAQPage | FoodEvent | GeoCoordinates | ImageObject | ListItem | LocationFeatureSpecification | Neighborhood | OpeningHoursSpecification | Organization | Place | PostalAddress | Question | ReserveAction | Restaurant | Schedule | SpeakableSpecification | TouristAttraction | VideoObject | WebPage | WebSite
es/entardecer.html,PASS,96,Performance,100,,1416,1,9,17,31,20,AdministrativeArea | AggregateRating | Answer | BreadcrumbList | City | FAQPage | FoodEvent | GeoCoordinates | ImageObject | ListItem | LocationFeatureSpecification | Neighborhood | OpeningHoursSpecification | Organization | Place | PostalAddress | Question | ReserveAction | Restaurant | Schedule | SpeakableSpecification | TouristAttraction | VideoObject | WebPage | WebSite
es/eventos.html,FAIL,96,Design,84,Risco de texto creme em fundo claro. | Opacity baixa detectada; validar texto real. | Sem CSS global de estabilização/contraste.,1308,1,8,17,35,17,AggregateRating | Answer | BreadcrumbList | ContactPoint | EventVenue | FAQPage | GeoCoordinates | ImageObject | ListItem | LocationFeatureSpecification | OpeningHoursSpecification | Organization | PostalAddress | Question | ReserveAction | Restaurant | Service | SpeakableSpecification | TouristAttraction | VideoObject | WebPage | WebSite
es/eventos.html,FAIL,96,UX,100,,1308,1,8,17,35,17,AggregateRating | Answer | BreadcrumbList | ContactPoint | EventVenue | FAQPage | GeoCoordinates | ImageObject | ListItem | LocationFeatureSpecification | OpeningHoursSpecification | Organization | PostalAddress | Question | ReserveAction | Restaurant | Service | SpeakableSpecification | TouristAttraction | VideoObject | WebPage | WebSite
es/eventos.html,FAIL,96,Copydesk,100,,1308,1,8,17,35,17,AggregateRating | Answer | BreadcrumbList | ContactPoint | EventVenue | FAQPage | GeoCoordinates | ImageObject | ListItem | LocationFeatureSpecification | OpeningHoursSpecification | Organization | PostalAddress | Question | ReserveAction | Restaurant | Service | SpeakableSpecification | TouristAttraction | VideoObject | WebPage | WebSite
es/eventos.html,FAIL,96,SEO,72,Sem meta description. | Sem canonical.,1308,1,8,17,35,17,AggregateRating | Answer | BreadcrumbList | ContactPoint | EventVenue | FAQPage | GeoCoordinates | ImageObject | ListItem | LocationFeatureSpecification | OpeningHoursSpecification | Organization | PostalAddress | Question | ReserveAction | Restaurant | Service | SpeakableSpecification | TouristAttraction | VideoObject | WebPage | WebSite
es/eventos.html,FAIL,96,GEO,100,,1308,1,8,17,35,17,AggregateRating | Answer | BreadcrumbList | ContactPoint | EventVenue | FAQPage | GeoCoordinates | ImageObject | ListItem | LocationFeatureSpecification | OpeningHoursSpecification | Organization | PostalAddress | Question | ReserveAction | Restaurant | Service | SpeakableSpecification | TouristAttraction | VideoObject | WebPage | WebSite
es/eventos.html,FAIL,96,AEO,100,,1308,1,8,17,35,17,AggregateRating | Answer | BreadcrumbList | ContactPoint | EventVenue | FAQPage | GeoCoordinates | ImageObject | ListItem | LocationFeatureSpecification | OpeningHoursSpecification | Organization | PostalAddress | Question | ReserveAction | Restaurant | Service | SpeakableSpecification | TouristAttraction | VideoObject | WebPage | WebSite
es/eventos.html,FAIL,96,AIO,90,Sem cobertura literal das keywords prioritárias AIO.,1308,1,8,17,35,17,AggregateRating | Answer | BreadcrumbList | ContactPoint | EventVenue | FAQPage | GeoCoordinates | ImageObject | ListItem | LocationFeatureSpecification | OpeningHoursSpecification | Organization | PostalAddress | Question | ReserveAction | Restaurant | Service | SpeakableSpecification | TouristAttraction | VideoObject | WebPage | WebSite
es/eventos.html,FAIL,96,SXO,100,,1308,1,8,17,35,17,AggregateRating | Answer | BreadcrumbList | ContactPoint | EventVenue | FAQPage | GeoCoordinates | ImageObject | ListItem | LocationFeatureSpecification | OpeningHoursSpecification | Organization | PostalAddress | Question | ReserveAction | Restaurant | Service | SpeakableSpecification | TouristAttraction | VideoObject | WebPage | WebSite
es/eventos.html,FAIL,96,Marketing,100,,1308,1,8,17,35,17,AggregateRating | Answer | BreadcrumbList | ContactPoint | EventVenue | FAQPage | GeoCoordinates | ImageObject | ListItem | LocationFeatureSpecification | OpeningHoursSpecification | Organization | PostalAddress | Question | ReserveAction | Restaurant | Service | SpeakableSpecification | TouristAttraction | VideoObject | WebPage | WebSite
es/eventos.html,FAIL,96,R2D2,100,,1308,1,8,17,35,17,AggregateRating | Answer | BreadcrumbList | ContactPoint | EventVenue | FAQPage | GeoCoordinates | ImageObject | ListItem | LocationFeatureSpecification | OpeningHoursSpecification | Organization | PostalAddress | Question | ReserveAction | Restaurant | Service | SpeakableSpecification | TouristAttraction | VideoObject | WebPage | WebSite
es/eventos.html,FAIL,96,Schema,100,,1308,1,8,17,35,17,AggregateRating | Answer | BreadcrumbList | ContactPoint | EventVenue | FAQPage | GeoCoordinates | ImageObject | ListItem | LocationFeatureSpecification | OpeningHoursSpecification | Organization | PostalAddress | Question | ReserveAction | Restaurant | Service | SpeakableSpecification | TouristAttraction | VideoObject | WebPage | WebSite
es/eventos.html,FAIL,96,Performance,100,,1308,1,8,17,35,17,AggregateRating | Answer | BreadcrumbList | ContactPoint | EventVenue | FAQPage | GeoCoordinates | ImageObject | ListItem | LocationFeatureSpecification | OpeningHoursSpecification | Organization | PostalAddress | Question | ReserveAction | Restaurant | Service | SpeakableSpecification | TouristAttraction | VideoObject | WebPage | WebSite
es/feijoada-com-vista-rio-de-janeiro.html,FAIL,95,Design,84,Risco de texto creme em fundo claro. | Opacity baixa detectada; validar texto real. | Sem CSS global de estabilização/contraste.,712,1,7,14,13,7,AdministrativeArea | AggregateRating | Answer | BreadcrumbList | City | FAQPage | GeoCoordinates | ListItem | LocationFeatureSpecification | Neighborhood | OpeningHoursSpecification | PostalAddress | Question | ReserveAction | Restaurant | TouristAttraction | WebPage | WebSite
es/feijoada-com-vista-rio-de-janeiro.html,FAIL,95,UX,100,,712,1,7,14,13,7,AdministrativeArea | AggregateRating | Answer | BreadcrumbList | City | FAQPage | GeoCoordinates | ListItem | LocationFeatureSpecification | Neighborhood | OpeningHoursSpecification | PostalAddress | Question | ReserveAction | Restaurant | TouristAttraction | WebPage | WebSite
es/feijoada-com-vista-rio-de-janeiro.html,FAIL,95,Copydesk,100,,712,1,7,14,13,7,AdministrativeArea | AggregateRating | Answer | BreadcrumbList | City | FAQPage | GeoCoordinates | ListItem | LocationFeatureSpecification | Neighborhood | OpeningHoursSpecification | PostalAddress | Question | ReserveAction | Restaurant | TouristAttraction | WebPage | WebSite
es/feijoada-com-vista-rio-de-janeiro.html,FAIL,95,SEO,72,Sem meta description. | Sem canonical.,712,1,7,14,13,7,AdministrativeArea | AggregateRating | Answer | BreadcrumbList | City | FAQPage | GeoCoordinates | ListItem | LocationFeatureSpecification | Neighborhood | OpeningHoursSpecification | PostalAddress | Question | ReserveAction | Restaurant | TouristAttraction | WebPage | WebSite
es/feijoada-com-vista-rio-de-janeiro.html,FAIL,95,GEO,100,,712,1,7,14,13,7,AdministrativeArea | AggregateRating | Answer | BreadcrumbList | City | FAQPage | GeoCoordinates | ListItem | LocationFeatureSpecification | Neighborhood | OpeningHoursSpecification | PostalAddress | Question | ReserveAction | Restaurant | TouristAttraction | WebPage | WebSite
es/feijoada-com-vista-rio-de-janeiro.html,FAIL,95,AEO,100,,712,1,7,14,13,7,AdministrativeArea | AggregateRating | Answer | BreadcrumbList | City | FAQPage | GeoCoordinates | ListItem | LocationFeatureSpecification | Neighborhood | OpeningHoursSpecification | PostalAddress | Question | ReserveAction | Restaurant | TouristAttraction | WebPage | WebSite
es/feijoada-com-vista-rio-de-janeiro.html,FAIL,95,AIO,85,Sem cobertura literal das keywords prioritárias AIO. | Sem VideoObject em página de experiência/produto.,712,1,7,14,13,7,AdministrativeArea | AggregateRating | Answer | BreadcrumbList | City | FAQPage | GeoCoordinates | ListItem | LocationFeatureSpecification | Neighborhood | OpeningHoursSpecification | PostalAddress | Question | ReserveAction | Restaurant | TouristAttraction | WebPage | WebSite
es/feijoada-com-vista-rio-de-janeiro.html,FAIL,95,SXO,100,,712,1,7,14,13,7,AdministrativeArea | AggregateRating | Answer | BreadcrumbList | City | FAQPage | GeoCoordinates | ListItem | LocationFeatureSpecification | Neighborhood | OpeningHoursSpecification | PostalAddress | Question | ReserveAction | Restaurant | TouristAttraction | WebPage | WebSite
es/feijoada-com-vista-rio-de-janeiro.html,FAIL,95,Marketing,100,,712,1,7,14,13,7,AdministrativeArea | AggregateRating | Answer | BreadcrumbList | City | FAQPage | GeoCoordinates | ListItem | LocationFeatureSpecification | Neighborhood | OpeningHoursSpecification | PostalAddress | Question | ReserveAction | Restaurant | TouristAttraction | WebPage | WebSite
es/feijoada-com-vista-rio-de-janeiro.html,FAIL,95,R2D2,100,,712,1,7,14,13,7,AdministrativeArea | AggregateRating | Answer | BreadcrumbList | City | FAQPage | GeoCoordinates | ListItem | LocationFeatureSpecification | Neighborhood | OpeningHoursSpecification | PostalAddress | Question | ReserveAction | Restaurant | TouristAttraction | WebPage | WebSite
es/feijoada-com-vista-rio-de-janeiro.html,FAIL,95,Schema,100,,712,1,7,14,13,7,AdministrativeArea | AggregateRating | Answer | BreadcrumbList | City | FAQPage | GeoCoordinates | ListItem | LocationFeatureSpecification | Neighborhood | OpeningHoursSpecification | PostalAddress | Question | ReserveAction | Restaurant | TouristAttraction | WebPage | WebSite
es/feijoada-com-vista-rio-de-janeiro.html,FAIL,95,Performance,100,,712,1,7,14,13,7,AdministrativeArea | AggregateRating | Answer | BreadcrumbList | City | FAQPage | GeoCoordinates | ListItem | LocationFeatureSpecification | Neighborhood | OpeningHoursSpecification | PostalAddress | Question | ReserveAction | Restaurant | TouristAttraction | WebPage | WebSite
es/feijoada.html,PASS,96,Design,84,Risco de texto creme em fundo claro. | Opacity baixa detectada; validar texto real. | Sem CSS global de estabilização/contraste.,1722,1,12,35,27,21,AdministrativeArea | AggregateRating | Answer | BreadcrumbList | City | FAQPage | GeoCoordinates | ListItem | LocationFeatureSpecification | Neighborhood | OpeningHoursSpecification | PostalAddress | Question | ReserveAction | Restaurant | SpeakableSpecification | TouristAttraction | WebPage | WebSite
es/feijoada.html,PASS,96,UX,100,,1722,1,12,35,27,21,AdministrativeArea | AggregateRating | Answer | BreadcrumbList | City | FAQPage | GeoCoordinates | ListItem | LocationFeatureSpecification | Neighborhood | OpeningHoursSpecification | PostalAddress | Question | ReserveAction | Restaurant | SpeakableSpecification | TouristAttraction | WebPage | WebSite
es/feijoada.html,PASS,96,Copydesk,100,,1722,1,12,35,27,21,AdministrativeArea | AggregateRating | Answer | BreadcrumbList | City | FAQPage | GeoCoordinates | ListItem | LocationFeatureSpecification | Neighborhood | OpeningHoursSpecification | PostalAddress | Question | ReserveAction | Restaurant | SpeakableSpecification | TouristAttraction | WebPage | WebSite
es/feijoada.html,PASS,96,SEO,84,Sem meta description.,1722,1,12,35,27,21,AdministrativeArea | AggregateRating | Answer | BreadcrumbList | City | FAQPage | GeoCoordinates | ListItem | LocationFeatureSpecification | Neighborhood | OpeningHoursSpecification | PostalAddress | Question | ReserveAction | Restaurant | SpeakableSpecification | TouristAttraction | WebPage | WebSite
es/feijoada.html,PASS,96,GEO,100,,1722,1,12,35,27,21,AdministrativeArea | AggregateRating | Answer | BreadcrumbList | City | FAQPage | GeoCoordinates | ListItem | LocationFeatureSpecification | Neighborhood | OpeningHoursSpecification | PostalAddress | Question | ReserveAction | Restaurant | SpeakableSpecification | TouristAttraction | WebPage | WebSite
es/feijoada.html,PASS,96,AEO,100,,1722,1,12,35,27,21,AdministrativeArea | AggregateRating | Answer | BreadcrumbList | City | FAQPage | GeoCoordinates | ListItem | LocationFeatureSpecification | Neighborhood | OpeningHoursSpecification | PostalAddress | Question | ReserveAction | Restaurant | SpeakableSpecification | TouristAttraction | WebPage | WebSite
es/feijoada.html,PASS,96,AIO,85,Sem cobertura literal das keywords prioritárias AIO. | Sem VideoObject em página de experiência/produto.,1722,1,12,35,27,21,AdministrativeArea | AggregateRating | Answer | BreadcrumbList | City | FAQPage | GeoCoordinates | ListItem | LocationFeatureSpecification | Neighborhood | OpeningHoursSpecification | PostalAddress | Question | ReserveAction | Restaurant | SpeakableSpecification | TouristAttraction | WebPage | WebSite
es/feijoada.html,PASS,96,SXO,100,,1722,1,12,35,27,21,AdministrativeArea | AggregateRating | Answer | BreadcrumbList | City | FAQPage | GeoCoordinates | ListItem | LocationFeatureSpecification | Neighborhood | OpeningHoursSpecification | PostalAddress | Question | ReserveAction | Restaurant | SpeakableSpecification | TouristAttraction | WebPage | WebSite
es/feijoada.html,PASS,96,Marketing,100,,1722,1,12,35,27,21,AdministrativeArea | AggregateRating | Answer | BreadcrumbList | City | FAQPage | GeoCoordinates | ListItem | LocationFeatureSpecification | Neighborhood | OpeningHoursSpecification | PostalAddress | Question | ReserveAction | Restaurant | SpeakableSpecification | TouristAttraction | WebPage | WebSite
es/feijoada.html,PASS,96,R2D2,100,,1722,1,12,35,27,21,AdministrativeArea | AggregateRating | Answer | BreadcrumbList | City | FAQPage | GeoCoordinates | ListItem | LocationFeatureSpecification | Neighborhood | OpeningHoursSpecification | PostalAddress | Question | ReserveAction | Restaurant | SpeakableSpecification | TouristAttraction | WebPage | WebSite
es/feijoada.html,PASS,96,Schema,100,,1722,1,12,35,27,21,AdministrativeArea | AggregateRating | Answer | BreadcrumbList | City | FAQPage | GeoCoordinates | ListItem | LocationFeatureSpecification | Neighborhood | OpeningHoursSpecification | PostalAddress | Question | ReserveAction | Restaurant | SpeakableSpecification | TouristAttraction | WebPage | WebSite
es/feijoada.html,PASS,96,Performance,100,,1722,1,12,35,27,21,AdministrativeArea | AggregateRating | Answer | BreadcrumbList | City | FAQPage | GeoCoordinates | ListItem | LocationFeatureSpecification | Neighborhood | OpeningHoursSpecification | PostalAddress | Question | ReserveAction | Restaurant | SpeakableSpecification | TouristAttraction | WebPage | WebSite
es/gastronomia-carioca.html,FAIL,94,Design,84,Risco de texto creme em fundo claro. | Opacity baixa detectada; validar texto real. | Sem CSS global de estabilização/contraste.,1024,1,5,17,25,17,AdministrativeArea | AggregateRating | Answer | Article | BreadcrumbList | City | FAQPage | FoodEstablishment | GeoCoordinates | ListItem | LocationFeatureSpecification | Neighborhood | OpeningHoursSpecification | Organization | PostalAddress | Question | ReserveAction | Restaurant | SpeakableSpecification | TouristAttraction | WebPage | WebSite
es/gastronomia-carioca.html,FAIL,94,UX,100,,1024,1,5,17,25,17,AdministrativeArea | AggregateRating | Answer | Article | BreadcrumbList | City | FAQPage | FoodEstablishment | GeoCoordinates | ListItem | LocationFeatureSpecification | Neighborhood | OpeningHoursSpecification | Organization | PostalAddress | Question | ReserveAction | Restaurant | SpeakableSpecification | TouristAttraction | WebPage | WebSite
es/gastronomia-carioca.html,FAIL,94,Copydesk,100,,1024,1,5,17,25,17,AdministrativeArea | AggregateRating | Answer | Article | BreadcrumbList | City | FAQPage | FoodEstablishment | GeoCoordinates | ListItem | LocationFeatureSpecification | Neighborhood | OpeningHoursSpecification | Organization | PostalAddress | Question | ReserveAction | Restaurant | SpeakableSpecification | TouristAttraction | WebPage | WebSite
es/gastronomia-carioca.html,FAIL,94,SEO,72,Sem meta description. | Sem canonical.,1024,1,5,17,25,17,AdministrativeArea | AggregateRating | Answer | Article | BreadcrumbList | City | FAQPage | FoodEstablishment | GeoCoordinates | ListItem | LocationFeatureSpecification | Neighborhood | OpeningHoursSpecification | Organization | PostalAddress | Question | ReserveAction | Restaurant | SpeakableSpecification | TouristAttraction | WebPage | WebSite
es/gastronomia-carioca.html,FAIL,94,GEO,100,,1024,1,5,17,25,17,AdministrativeArea | AggregateRating | Answer | Article | BreadcrumbList | City | FAQPage | FoodEstablishment | GeoCoordinates | ListItem | LocationFeatureSpecification | Neighborhood | OpeningHoursSpecification | Organization | PostalAddress | Question | ReserveAction | Restaurant | SpeakableSpecification | TouristAttraction | WebPage | WebSite
es/gastronomia-carioca.html,FAIL,94,AEO,100,,1024,1,5,17,25,17,AdministrativeArea | AggregateRating | Answer | Article | BreadcrumbList | City | FAQPage | FoodEstablishment | GeoCoordinates | ListItem | LocationFeatureSpecification | Neighborhood | OpeningHoursSpecification | Organization | PostalAddress | Question | ReserveAction | Restaurant | SpeakableSpecification | TouristAttraction | WebPage | WebSite
es/gastronomia-carioca.html,FAIL,94,AIO,85,Sem cobertura literal das keywords prioritárias AIO. | Sem VideoObject em página de experiência/produto.,1024,1,5,17,25,17,AdministrativeArea | AggregateRating | Answer | Article | BreadcrumbList | City | FAQPage | FoodEstablishment | GeoCoordinates | ListItem | LocationFeatureSpecification | Neighborhood | OpeningHoursSpecification | Organization | PostalAddress | Question | ReserveAction | Restaurant | SpeakableSpecification | TouristAttraction | WebPage | WebSite
es/gastronomia-carioca.html,FAIL,94,SXO,100,,1024,1,5,17,25,17,AdministrativeArea | AggregateRating | Answer | Article | BreadcrumbList | City | FAQPage | FoodEstablishment | GeoCoordinates | ListItem | LocationFeatureSpecification | Neighborhood | OpeningHoursSpecification | Organization | PostalAddress | Question | ReserveAction | Restaurant | SpeakableSpecification | TouristAttraction | WebPage | WebSite
es/gastronomia-carioca.html,FAIL,94,Marketing,100,,1024,1,5,17,25,17,AdministrativeArea | AggregateRating | Answer | Article | BreadcrumbList | City | FAQPage | FoodEstablishment | GeoCoordinates | ListItem | LocationFeatureSpecification | Neighborhood | OpeningHoursSpecification | Organization | PostalAddress | Question | ReserveAction | Restaurant | SpeakableSpecification | TouristAttraction | WebPage | WebSite
es/gastronomia-carioca.html,FAIL,94,R2D2,93,R2D2 fraco em Decisão.,1024,1,5,17,25,17,AdministrativeArea | AggregateRating | Answer | Article | BreadcrumbList | City | FAQPage | FoodEstablishment | GeoCoordinates | ListItem | LocationFeatureSpecification | Neighborhood | OpeningHoursSpecification | Organization | PostalAddress | Question | ReserveAction | Restaurant | SpeakableSpecification | TouristAttraction | WebPage | WebSite
es/gastronomia-carioca.html,FAIL,94,Schema,100,,1024,1,5,17,25,17,AdministrativeArea | AggregateRating | Answer | Article | BreadcrumbList | City | FAQPage | FoodEstablishment | GeoCoordinates | ListItem | LocationFeatureSpecification | Neighborhood | OpeningHoursSpecification | Organization | PostalAddress | Question | ReserveAction | Restaurant | SpeakableSpecification | TouristAttraction | WebPage | WebSite
es/gastronomia-carioca.html,FAIL,94,Performance,100,,1024,1,5,17,25,17,AdministrativeArea | AggregateRating | Answer | Article | BreadcrumbList | City | FAQPage | FoodEstablishment | GeoCoordinates | ListItem | LocationFeatureSpecification | Neighborhood | OpeningHoursSpecification | Organization | PostalAddress | Question | ReserveAction | Restaurant | SpeakableSpecification | TouristAttraction | WebPage | WebSite
es/guia-do-rio.html,FAIL,96,Design,84,Risco de texto creme em fundo claro. | Opacity baixa detectada; validar texto real. | Sem CSS global de estabilização/contraste.,3091,1,13,17,37,24,AdministrativeArea | AggregateRating | Answer | Article | BreadcrumbList | City | FAQPage | GeoCoordinates | HowTo | HowToStep | ListItem | LocationFeatureSpecification | MonetaryAmount | Neighborhood | OpeningHoursSpecification | Organization | PostalAddress | Question | ReserveAction | Restaurant | SpeakableSpecification | TouristAttraction | WebPage | WebSite
es/guia-do-rio.html,FAIL,96,UX,100,,3091,1,13,17,37,24,AdministrativeArea | AggregateRating | Answer | Article | BreadcrumbList | City | FAQPage | GeoCoordinates | HowTo | HowToStep | ListItem | LocationFeatureSpecification | MonetaryAmount | Neighborhood | OpeningHoursSpecification | Organization | PostalAddress | Question | ReserveAction | Restaurant | SpeakableSpecification | TouristAttraction | WebPage | WebSite
es/guia-do-rio.html,FAIL,96,Copydesk,100,,3091,1,13,17,37,24,AdministrativeArea | AggregateRating | Answer | Article | BreadcrumbList | City | FAQPage | GeoCoordinates | HowTo | HowToStep | ListItem | LocationFeatureSpecification | MonetaryAmount | Neighborhood | OpeningHoursSpecification | Organization | PostalAddress | Question | ReserveAction | Restaurant | SpeakableSpecification | TouristAttraction | WebPage | WebSite
es/guia-do-rio.html,FAIL,96,SEO,72,Sem meta description. | Sem canonical.,3091,1,13,17,37,24,AdministrativeArea | AggregateRating | Answer | Article | BreadcrumbList | City | FAQPage | GeoCoordinates | HowTo | HowToStep | ListItem | LocationFeatureSpecification | MonetaryAmount | Neighborhood | OpeningHoursSpecification | Organization | PostalAddress | Question | ReserveAction | Restaurant | SpeakableSpecification | TouristAttraction | WebPage | WebSite
es/guia-do-rio.html,FAIL,96,GEO,100,,3091,1,13,17,37,24,AdministrativeArea | AggregateRating | Answer | Article | BreadcrumbList | City | FAQPage | GeoCoordinates | HowTo | HowToStep | ListItem | LocationFeatureSpecification | MonetaryAmount | Neighborhood | OpeningHoursSpecification | Organization | PostalAddress | Question | ReserveAction | Restaurant | SpeakableSpecification | TouristAttraction | WebPage | WebSite
es/guia-do-rio.html,FAIL,96,AEO,100,,3091,1,13,17,37,24,AdministrativeArea | AggregateRating | Answer | Article | BreadcrumbList | City | FAQPage | GeoCoordinates | HowTo | HowToStep | ListItem | LocationFeatureSpecification | MonetaryAmount | Neighborhood | OpeningHoursSpecification | Organization | PostalAddress | Question | ReserveAction | Restaurant | SpeakableSpecification | TouristAttraction | WebPage | WebSite
es/guia-do-rio.html,FAIL,96,AIO,95,Sem VideoObject em página de experiência/produto.,3091,1,13,17,37,24,AdministrativeArea | AggregateRating | Answer | Article | BreadcrumbList | City | FAQPage | GeoCoordinates | HowTo | HowToStep | ListItem | LocationFeatureSpecification | MonetaryAmount | Neighborhood | OpeningHoursSpecification | Organization | PostalAddress | Question | ReserveAction | Restaurant | SpeakableSpecification | TouristAttraction | WebPage | WebSite
es/guia-do-rio.html,FAIL,96,SXO,100,,3091,1,13,17,37,24,AdministrativeArea | AggregateRating | Answer | Article | BreadcrumbList | City | FAQPage | GeoCoordinates | HowTo | HowToStep | ListItem | LocationFeatureSpecification | MonetaryAmount | Neighborhood | OpeningHoursSpecification | Organization | PostalAddress | Question | ReserveAction | Restaurant | SpeakableSpecification | TouristAttraction | WebPage | WebSite
es/guia-do-rio.html,FAIL,96,Marketing,100,,3091,1,13,17,37,24,AdministrativeArea | AggregateRating | Answer | Article | BreadcrumbList | City | FAQPage | GeoCoordinates | HowTo | HowToStep | ListItem | LocationFeatureSpecification | MonetaryAmount | Neighborhood | OpeningHoursSpecification | Organization | PostalAddress | Question | ReserveAction | Restaurant | SpeakableSpecification | TouristAttraction | WebPage | WebSite
es/guia-do-rio.html,FAIL,96,R2D2,100,,3091,1,13,17,37,24,AdministrativeArea | AggregateRating | Answer | Article | BreadcrumbList | City | FAQPage | GeoCoordinates | HowTo | HowToStep | ListItem | LocationFeatureSpecification | MonetaryAmount | Neighborhood | OpeningHoursSpecification | Organization | PostalAddress | Question | ReserveAction | Restaurant | SpeakableSpecification | TouristAttraction | WebPage | WebSite
es/guia-do-rio.html,FAIL,96,Schema,100,,3091,1,13,17,37,24,AdministrativeArea | AggregateRating | Answer | Article | BreadcrumbList | City | FAQPage | GeoCoordinates | HowTo | HowToStep | ListItem | LocationFeatureSpecification | MonetaryAmount | Neighborhood | OpeningHoursSpecification | Organization | PostalAddress | Question | ReserveAction | Restaurant | SpeakableSpecification | TouristAttraction | WebPage | WebSite
es/guia-do-rio.html,FAIL,96,Performance,100,,3091,1,13,17,37,24,AdministrativeArea | AggregateRating | Answer | Article | BreadcrumbList | City | FAQPage | GeoCoordinates | HowTo | HowToStep | ListItem | LocationFeatureSpecification | MonetaryAmount | Neighborhood | OpeningHoursSpecification | Organization | PostalAddress | Question | ReserveAction | Restaurant | SpeakableSpecification | TouristAttraction | WebPage | WebSite
es/index.html,FAIL,95,Design,76,Risco de texto creme em fundo claro. | Risco de texto azul em fundo azul. | Opacity baixa detectada; validar texto real. | Sem CSS global de estabilização/contraste.,6003,1,23,54,46,48,AdministrativeArea | AggregateRating | Answer | BreadcrumbList | City | ContactPoint | FAQPage | FoodEstablishment | GeoCoordinates | ListItem | LocalBusiness | LocationFeatureSpecification | Menu | MenuItem | MenuSection | Neighborhood | Offer | OpeningHoursSpecification | Organization | PostalAddress | Question | ReserveAction | Restaurant | SpeakableSpecification | TouristAttraction | WebPage | WebSite
es/index.html,FAIL,95,UX,100,,6003,1,23,54,46,48,AdministrativeArea | AggregateRating | Answer | BreadcrumbList | City | ContactPoint | FAQPage | FoodEstablishment | GeoCoordinates | ListItem | LocalBusiness | LocationFeatureSpecification | Menu | MenuItem | MenuSection | Neighborhood | Offer | OpeningHoursSpecification | Organization | PostalAddress | Question | ReserveAction | Restaurant | SpeakableSpecification | TouristAttraction | WebPage | WebSite
es/index.html,FAIL,95,Copydesk,100,,6003,1,23,54,46,48,AdministrativeArea | AggregateRating | Answer | BreadcrumbList | City | ContactPoint | FAQPage | FoodEstablishment | GeoCoordinates | ListItem | LocalBusiness | LocationFeatureSpecification | Menu | MenuItem | MenuSection | Neighborhood | Offer | OpeningHoursSpecification | Organization | PostalAddress | Question | ReserveAction | Restaurant | SpeakableSpecification | TouristAttraction | WebPage | WebSite
es/index.html,FAIL,95,SEO,72,Sem meta description. | Sem canonical.,6003,1,23,54,46,48,AdministrativeArea | AggregateRating | Answer | BreadcrumbList | City | ContactPoint | FAQPage | FoodEstablishment | GeoCoordinates | ListItem | LocalBusiness | LocationFeatureSpecification | Menu | MenuItem | MenuSection | Neighborhood | Offer | OpeningHoursSpecification | Organization | PostalAddress | Question | ReserveAction | Restaurant | SpeakableSpecification | TouristAttraction | WebPage | WebSite
es/index.html,FAIL,95,GEO,100,,6003,1,23,54,46,48,AdministrativeArea | AggregateRating | Answer | BreadcrumbList | City | ContactPoint | FAQPage | FoodEstablishment | GeoCoordinates | ListItem | LocalBusiness | LocationFeatureSpecification | Menu | MenuItem | MenuSection | Neighborhood | Offer | OpeningHoursSpecification | Organization | PostalAddress | Question | ReserveAction | Restaurant | SpeakableSpecification | TouristAttraction | WebPage | WebSite
es/index.html,FAIL,95,AEO,100,,6003,1,23,54,46,48,AdministrativeArea | AggregateRating | Answer | BreadcrumbList | City | ContactPoint | FAQPage | FoodEstablishment | GeoCoordinates | ListItem | LocalBusiness | LocationFeatureSpecification | Menu | MenuItem | MenuSection | Neighborhood | Offer | OpeningHoursSpecification | Organization | PostalAddress | Question | ReserveAction | Restaurant | SpeakableSpecification | TouristAttraction | WebPage | WebSite
es/index.html,FAIL,95,AIO,95,Sem VideoObject em página de experiência/produto.,6003,1,23,54,46,48,AdministrativeArea | AggregateRating | Answer | BreadcrumbList | City | ContactPoint | FAQPage | FoodEstablishment | GeoCoordinates | ListItem | LocalBusiness | LocationFeatureSpecification | Menu | MenuItem | MenuSection | Neighborhood | Offer | OpeningHoursSpecification | Organization | PostalAddress | Question | ReserveAction | Restaurant | SpeakableSpecification | TouristAttraction | WebPage | WebSite
es/index.html,FAIL,95,SXO,100,,6003,1,23,54,46,48,AdministrativeArea | AggregateRating | Answer | BreadcrumbList | City | ContactPoint | FAQPage | FoodEstablishment | GeoCoordinates | ListItem | LocalBusiness | LocationFeatureSpecification | Menu | MenuItem | MenuSection | Neighborhood | Offer | OpeningHoursSpecification | Organization | PostalAddress | Question | ReserveAction | Restaurant | SpeakableSpecification | TouristAttraction | WebPage | WebSite
es/index.html,FAIL,95,Marketing,100,,6003,1,23,54,46,48,AdministrativeArea | AggregateRating | Answer | BreadcrumbList | City | ContactPoint | FAQPage | FoodEstablishment | GeoCoordinates | ListItem | LocalBusiness | LocationFeatureSpecification | Menu | MenuItem | MenuSection | Neighborhood | Offer | OpeningHoursSpecification | Organization | PostalAddress | Question | ReserveAction | Restaurant | SpeakableSpecification | TouristAttraction | WebPage | WebSite
es/index.html,FAIL,95,R2D2,100,,6003,1,23,54,46,48,AdministrativeArea | AggregateRating | Answer | BreadcrumbList | City | ContactPoint | FAQPage | FoodEstablishment | GeoCoordinates | ListItem | LocalBusiness | LocationFeatureSpecification | Menu | MenuItem | MenuSection | Neighborhood | Offer | OpeningHoursSpecification | Organization | PostalAddress | Question | ReserveAction | Restaurant | SpeakableSpecification | TouristAttraction | WebPage | WebSite
es/index.html,FAIL,95,Schema,100,,6003,1,23,54,46,48,AdministrativeArea | AggregateRating | Answer | BreadcrumbList | City | ContactPoint | FAQPage | FoodEstablishment | GeoCoordinates | ListItem | LocalBusiness | LocationFeatureSpecification | Menu | MenuItem | MenuSection | Neighborhood | Offer | OpeningHoursSpecification | Organization | PostalAddress | Question | ReserveAction | Restaurant | SpeakableSpecification | TouristAttraction | WebPage | WebSite
es/index.html,FAIL,95,Performance,100,,6003,1,23,54,46,48,AdministrativeArea | AggregateRating | Answer | BreadcrumbList | City | ContactPoint | FAQPage | FoodEstablishment | GeoCoordinates | ListItem | LocalBusiness | LocationFeatureSpecification | Menu | MenuItem | MenuSection | Neighborhood | Offer | OpeningHoursSpecification | Organization | PostalAddress | Question | ReserveAction | Restaurant | SpeakableSpecification | TouristAttraction | WebPage | WebSite
es/morro-da-urca.html,FAIL,95,Design,84,Risco de texto creme em fundo claro. | Opacity baixa detectada; validar texto real. | Sem CSS global de estabilização/contraste.,1672,1,9,17,28,17,AdministrativeArea | AggregateRating | Answer | Article | BreadcrumbList | City | FAQPage | GeoCoordinates | ImageObject | Landform | ListItem | LocalBusiness | LocationFeatureSpecification | Neighborhood | OpeningHoursSpecification | Organization | PostalAddress | Question | ReserveAction | Restaurant | SpeakableSpecification | TouristAttraction | WebPage | WebSite
es/morro-da-urca.html,FAIL,95,UX,100,,1672,1,9,17,28,17,AdministrativeArea | AggregateRating | Answer | Article | BreadcrumbList | City | FAQPage | GeoCoordinates | ImageObject | Landform | ListItem | LocalBusiness | LocationFeatureSpecification | Neighborhood | OpeningHoursSpecification | Organization | PostalAddress | Question | ReserveAction | Restaurant | SpeakableSpecification | TouristAttraction | WebPage | WebSite
es/morro-da-urca.html,FAIL,95,Copydesk,100,,1672,1,9,17,28,17,AdministrativeArea | AggregateRating | Answer | Article | BreadcrumbList | City | FAQPage | GeoCoordinates | ImageObject | Landform | ListItem | LocalBusiness | LocationFeatureSpecification | Neighborhood | OpeningHoursSpecification | Organization | PostalAddress | Question | ReserveAction | Restaurant | SpeakableSpecification | TouristAttraction | WebPage | WebSite
es/morro-da-urca.html,FAIL,95,SEO,72,Sem meta description. | Sem canonical.,1672,1,9,17,28,17,AdministrativeArea | AggregateRating | Answer | Article | BreadcrumbList | City | FAQPage | GeoCoordinates | ImageObject | Landform | ListItem | LocalBusiness | LocationFeatureSpecification | Neighborhood | OpeningHoursSpecification | Organization | PostalAddress | Question | ReserveAction | Restaurant | SpeakableSpecification | TouristAttraction | WebPage | WebSite
es/morro-da-urca.html,FAIL,95,GEO,100,,1672,1,9,17,28,17,AdministrativeArea | AggregateRating | Answer | Article | BreadcrumbList | City | FAQPage | GeoCoordinates | ImageObject | Landform | ListItem | LocalBusiness | LocationFeatureSpecification | Neighborhood | OpeningHoursSpecification | Organization | PostalAddress | Question | ReserveAction | Restaurant | SpeakableSpecification | TouristAttraction | WebPage | WebSite
es/morro-da-urca.html,FAIL,95,AEO,100,,1672,1,9,17,28,17,AdministrativeArea | AggregateRating | Answer | Article | BreadcrumbList | City | FAQPage | GeoCoordinates | ImageObject | Landform | ListItem | LocalBusiness | LocationFeatureSpecification | Neighborhood | OpeningHoursSpecification | Organization | PostalAddress | Question | ReserveAction | Restaurant | SpeakableSpecification | TouristAttraction | WebPage | WebSite
es/morro-da-urca.html,FAIL,95,AIO,85,Sem cobertura literal das keywords prioritárias AIO. | Sem VideoObject em página de experiência/produto.,1672,1,9,17,28,17,AdministrativeArea | AggregateRating | Answer | Article | BreadcrumbList | City | FAQPage | GeoCoordinates | ImageObject | Landform | ListItem | LocalBusiness | LocationFeatureSpecification | Neighborhood | OpeningHoursSpecification | Organization | PostalAddress | Question | ReserveAction | Restaurant | SpeakableSpecification | TouristAttraction | WebPage | WebSite
es/morro-da-urca.html,FAIL,95,SXO,100,,1672,1,9,17,28,17,AdministrativeArea | AggregateRating | Answer | Article | BreadcrumbList | City | FAQPage | GeoCoordinates | ImageObject | Landform | ListItem | LocalBusiness | LocationFeatureSpecification | Neighborhood | OpeningHoursSpecification | Organization | PostalAddress | Question | ReserveAction | Restaurant | SpeakableSpecification | TouristAttraction | WebPage | WebSite
es/morro-da-urca.html,FAIL,95,Marketing,100,,1672,1,9,17,28,17,AdministrativeArea | AggregateRating | Answer | Article | BreadcrumbList | City | FAQPage | GeoCoordinates | ImageObject | Landform | ListItem | LocalBusiness | LocationFeatureSpecification | Neighborhood | OpeningHoursSpecification | Organization | PostalAddress | Question | ReserveAction | Restaurant | SpeakableSpecification | TouristAttraction | WebPage | WebSite
es/morro-da-urca.html,FAIL,95,R2D2,100,,1672,1,9,17,28,17,AdministrativeArea | AggregateRating | Answer | Article | BreadcrumbList | City | FAQPage | GeoCoordinates | ImageObject | Landform | ListItem | LocalBusiness | LocationFeatureSpecification | Neighborhood | OpeningHoursSpecification | Organization | PostalAddress | Question | ReserveAction | Restaurant | SpeakableSpecification | TouristAttraction | WebPage | WebSite
es/morro-da-urca.html,FAIL,95,Schema,100,,1672,1,9,17,28,17,AdministrativeArea | AggregateRating | Answer | Article | BreadcrumbList | City | FAQPage | GeoCoordinates | ImageObject | Landform | ListItem | LocalBusiness | LocationFeatureSpecification | Neighborhood | OpeningHoursSpecification | Organization | PostalAddress | Question | ReserveAction | Restaurant | SpeakableSpecification | TouristAttraction | WebPage | WebSite
es/morro-da-urca.html,FAIL,95,Performance,100,,1672,1,9,17,28,17,AdministrativeArea | AggregateRating | Answer | Article | BreadcrumbList | City | FAQPage | GeoCoordinates | ImageObject | Landform | ListItem | LocalBusiness | LocationFeatureSpecification | Neighborhood | OpeningHoursSpecification | Organization | PostalAddress | Question | ReserveAction | Restaurant | SpeakableSpecification | TouristAttraction | WebPage | WebSite
es/nossa-visao.html,FAIL,95,Design,84,Risco de texto creme em fundo claro. | Opacity baixa detectada; validar texto real. | Sem CSS global de estabilização/contraste.,617,1,3,14,12,4,AdministrativeArea | AggregateRating | Answer | BreadcrumbList | City | FAQPage | GeoCoordinates | ListItem | LocalBusiness | LocationFeatureSpecification | Neighborhood | OpeningHoursSpecification | PostalAddress | Question | ReserveAction | Restaurant | TouristAttraction | WebPage | WebSite
es/nossa-visao.html,FAIL,95,UX,100,,617,1,3,14,12,4,AdministrativeArea | AggregateRating | Answer | BreadcrumbList | City | FAQPage | GeoCoordinates | ListItem | LocalBusiness | LocationFeatureSpecification | Neighborhood | OpeningHoursSpecification | PostalAddress | Question | ReserveAction | Restaurant | TouristAttraction | WebPage | WebSite
es/nossa-visao.html,FAIL,95,Copydesk,100,,617,1,3,14,12,4,AdministrativeArea | AggregateRating | Answer | BreadcrumbList | City | FAQPage | GeoCoordinates | ListItem | LocalBusiness | LocationFeatureSpecification | Neighborhood | OpeningHoursSpecification | PostalAddress | Question | ReserveAction | Restaurant | TouristAttraction | WebPage | WebSite
es/nossa-visao.html,FAIL,95,SEO,72,Sem meta description. | Sem canonical.,617,1,3,14,12,4,AdministrativeArea | AggregateRating | Answer | BreadcrumbList | City | FAQPage | GeoCoordinates | ListItem | LocalBusiness | LocationFeatureSpecification | Neighborhood | OpeningHoursSpecification | PostalAddress | Question | ReserveAction | Restaurant | TouristAttraction | WebPage | WebSite
es/nossa-visao.html,FAIL,95,GEO,100,,617,1,3,14,12,4,AdministrativeArea | AggregateRating | Answer | BreadcrumbList | City | FAQPage | GeoCoordinates | ListItem | LocalBusiness | LocationFeatureSpecification | Neighborhood | OpeningHoursSpecification | PostalAddress | Question | ReserveAction | Restaurant | TouristAttraction | WebPage | WebSite
es/nossa-visao.html,FAIL,95,AEO,100,,617,1,3,14,12,4,AdministrativeArea | AggregateRating | Answer | BreadcrumbList | City | FAQPage | GeoCoordinates | ListItem | LocalBusiness | LocationFeatureSpecification | Neighborhood | OpeningHoursSpecification | PostalAddress | Question | ReserveAction | Restaurant | TouristAttraction | WebPage | WebSite
es/nossa-visao.html,FAIL,95,AIO,85,Sem cobertura literal das keywords prioritárias AIO. | Sem VideoObject em página de experiência/produto.,617,1,3,14,12,4,AdministrativeArea | AggregateRating | Answer | BreadcrumbList | City | FAQPage | GeoCoordinates | ListItem | LocalBusiness | LocationFeatureSpecification | Neighborhood | OpeningHoursSpecification | PostalAddress | Question | ReserveAction | Restaurant | TouristAttraction | WebPage | WebSite
es/nossa-visao.html,FAIL,95,SXO,100,,617,1,3,14,12,4,AdministrativeArea | AggregateRating | Answer | BreadcrumbList | City | FAQPage | GeoCoordinates | ListItem | LocalBusiness | LocationFeatureSpecification | Neighborhood | OpeningHoursSpecification | PostalAddress | Question | ReserveAction | Restaurant | TouristAttraction | WebPage | WebSite
es/nossa-visao.html,FAIL,95,Marketing,100,,617,1,3,14,12,4,AdministrativeArea | AggregateRating | Answer | BreadcrumbList | City | FAQPage | GeoCoordinates | ListItem | LocalBusiness | LocationFeatureSpecification | Neighborhood | OpeningHoursSpecification | PostalAddress | Question | ReserveAction | Restaurant | TouristAttraction | WebPage | WebSite
es/nossa-visao.html,FAIL,95,R2D2,100,,617,1,3,14,12,4,AdministrativeArea | AggregateRating | Answer | BreadcrumbList | City | FAQPage | GeoCoordinates | ListItem | LocalBusiness | LocationFeatureSpecification | Neighborhood | OpeningHoursSpecification | PostalAddress | Question | ReserveAction | Restaurant | TouristAttraction | WebPage | WebSite
es/nossa-visao.html,FAIL,95,Schema,100,,617,1,3,14,12,4,AdministrativeArea | AggregateRating | Answer | BreadcrumbList | City | FAQPage | GeoCoordinates | ListItem | LocalBusiness | LocationFeatureSpecification | Neighborhood | OpeningHoursSpecification | PostalAddress | Question | ReserveAction | Restaurant | TouristAttraction | WebPage | WebSite
es/nossa-visao.html,FAIL,95,Performance,100,,617,1,3,14,12,4,AdministrativeArea | AggregateRating | Answer | BreadcrumbList | City | FAQPage | GeoCoordinates | ListItem | LocalBusiness | LocationFeatureSpecification | Neighborhood | OpeningHoursSpecification | PostalAddress | Question | ReserveAction | Restaurant | TouristAttraction | WebPage | WebSite
es/o-que-fazer-depois-do-bondinho-pao-de-acucar.html,FAIL,94,Design,84,Risco de texto creme em fundo claro. | Opacity baixa detectada; validar texto real. | Sem CSS global de estabilização/contraste.,953,1,6,17,19,11,AdministrativeArea | AggregateRating | Answer | Article | BreadcrumbList | City | FAQPage | GeoCoordinates | HowTo | HowToStep | ListItem | LocationFeatureSpecification | MonetaryAmount | Neighborhood | OpeningHoursSpecification | Organization | PostalAddress | Question | ReserveAction | Restaurant | SpeakableSpecification | TouristAttraction | WebPage | WebSite
es/o-que-fazer-depois-do-bondinho-pao-de-acucar.html,FAIL,94,UX,100,,953,1,6,17,19,11,AdministrativeArea | AggregateRating | Answer | Article | BreadcrumbList | City | FAQPage | GeoCoordinates | HowTo | HowToStep | ListItem | LocationFeatureSpecification | MonetaryAmount | Neighborhood | OpeningHoursSpecification | Organization | PostalAddress | Question | ReserveAction | Restaurant | SpeakableSpecification | TouristAttraction | WebPage | WebSite
es/o-que-fazer-depois-do-bondinho-pao-de-acucar.html,FAIL,94,Copydesk,100,,953,1,6,17,19,11,AdministrativeArea | AggregateRating | Answer | Article | BreadcrumbList | City | FAQPage | GeoCoordinates | HowTo | HowToStep | ListItem | LocationFeatureSpecification | MonetaryAmount | Neighborhood | OpeningHoursSpecification | Organization | PostalAddress | Question | ReserveAction | Restaurant | SpeakableSpecification | TouristAttraction | WebPage | WebSite
es/o-que-fazer-depois-do-bondinho-pao-de-acucar.html,FAIL,94,SEO,54,Sem title. | Sem meta description. | Sem canonical.,953,1,6,17,19,11,AdministrativeArea | AggregateRating | Answer | Article | BreadcrumbList | City | FAQPage | GeoCoordinates | HowTo | HowToStep | ListItem | LocationFeatureSpecification | MonetaryAmount | Neighborhood | OpeningHoursSpecification | Organization | PostalAddress | Question | ReserveAction | Restaurant | SpeakableSpecification | TouristAttraction | WebPage | WebSite
es/o-que-fazer-depois-do-bondinho-pao-de-acucar.html,FAIL,94,GEO,100,,953,1,6,17,19,11,AdministrativeArea | AggregateRating | Answer | Article | BreadcrumbList | City | FAQPage | GeoCoordinates | HowTo | HowToStep | ListItem | LocationFeatureSpecification | MonetaryAmount | Neighborhood | OpeningHoursSpecification | Organization | PostalAddress | Question | ReserveAction | Restaurant | SpeakableSpecification | TouristAttraction | WebPage | WebSite
es/o-que-fazer-depois-do-bondinho-pao-de-acucar.html,FAIL,94,AEO,100,,953,1,6,17,19,11,AdministrativeArea | AggregateRating | Answer | Article | BreadcrumbList | City | FAQPage | GeoCoordinates | HowTo | HowToStep | ListItem | LocationFeatureSpecification | MonetaryAmount | Neighborhood | OpeningHoursSpecification | Organization | PostalAddress | Question | ReserveAction | Restaurant | SpeakableSpecification | TouristAttraction | WebPage | WebSite
es/o-que-fazer-depois-do-bondinho-pao-de-acucar.html,FAIL,94,AIO,85,Sem cobertura literal das keywords prioritárias AIO. | Sem VideoObject em página de experiência/produto.,953,1,6,17,19,11,AdministrativeArea | AggregateRating | Answer | Article | BreadcrumbList | City | FAQPage | GeoCoordinates | HowTo | HowToStep | ListItem | LocationFeatureSpecification | MonetaryAmount | Neighborhood | OpeningHoursSpecification | Organization | PostalAddress | Question | ReserveAction | Restaurant | SpeakableSpecification | TouristAttraction | WebPage | WebSite
es/o-que-fazer-depois-do-bondinho-pao-de-acucar.html,FAIL,94,SXO,100,,953,1,6,17,19,11,AdministrativeArea | AggregateRating | Answer | Article | BreadcrumbList | City | FAQPage | GeoCoordinates | HowTo | HowToStep | ListItem | LocationFeatureSpecification | MonetaryAmount | Neighborhood | OpeningHoursSpecification | Organization | PostalAddress | Question | ReserveAction | Restaurant | SpeakableSpecification | TouristAttraction | WebPage | WebSite
es/o-que-fazer-depois-do-bondinho-pao-de-acucar.html,FAIL,94,Marketing,100,,953,1,6,17,19,11,AdministrativeArea | AggregateRating | Answer | Article | BreadcrumbList | City | FAQPage | GeoCoordinates | HowTo | HowToStep | ListItem | LocationFeatureSpecification | MonetaryAmount | Neighborhood | OpeningHoursSpecification | Organization | PostalAddress | Question | ReserveAction | Restaurant | SpeakableSpecification | TouristAttraction | WebPage | WebSite
es/o-que-fazer-depois-do-bondinho-pao-de-acucar.html,FAIL,94,R2D2,100,,953,1,6,17,19,11,AdministrativeArea | AggregateRating | Answer | Article | BreadcrumbList | City | FAQPage | GeoCoordinates | HowTo | HowToStep | ListItem | LocationFeatureSpecification | MonetaryAmount | Neighborhood | OpeningHoursSpecification | Organization | PostalAddress | Question | ReserveAction | Restaurant | SpeakableSpecification | TouristAttraction | WebPage | WebSite
es/o-que-fazer-depois-do-bondinho-pao-de-acucar.html,FAIL,94,Schema,100,,953,1,6,17,19,11,AdministrativeArea | AggregateRating | Answer | Article | BreadcrumbList | City | FAQPage | GeoCoordinates | HowTo | HowToStep | ListItem | LocationFeatureSpecification | MonetaryAmount | Neighborhood | OpeningHoursSpecification | Organization | PostalAddress | Question | ReserveAction | Restaurant | SpeakableSpecification | TouristAttraction | WebPage | WebSite
es/o-que-fazer-depois-do-bondinho-pao-de-acucar.html,FAIL,94,Performance,100,,953,1,6,17,19,11,AdministrativeArea | AggregateRating | Answer | Article | BreadcrumbList | City | FAQPage | GeoCoordinates | HowTo | HowToStep | ListItem | LocationFeatureSpecification | MonetaryAmount | Neighborhood | OpeningHoursSpecification | Organization | PostalAddress | Question | ReserveAction | Restaurant | SpeakableSpecification | TouristAttraction | WebPage | WebSite
es/parque-bondinho-pan-de-azucar.html,FAIL,95,Design,84,Risco de texto creme em fundo claro. | Opacity baixa detectada; validar texto real. | Sem CSS global de estabilização/contraste.,669,1,6,14,16,7,AdministrativeArea | AggregateRating | Answer | BreadcrumbList | City | FAQPage | GeoCoordinates | ItemList | ListItem | LocationFeatureSpecification | Neighborhood | OpeningHoursSpecification | PostalAddress | Question | ReserveAction | Restaurant | SpeakableSpecification | TouristAttraction | WebPage | WebSite
es/parque-bondinho-pan-de-azucar.html,FAIL,95,UX,100,,669,1,6,14,16,7,AdministrativeArea | AggregateRating | Answer | BreadcrumbList | City | FAQPage | GeoCoordinates | ItemList | ListItem | LocationFeatureSpecification | Neighborhood | OpeningHoursSpecification | PostalAddress | Question | ReserveAction | Restaurant | SpeakableSpecification | TouristAttraction | WebPage | WebSite
es/parque-bondinho-pan-de-azucar.html,FAIL,95,Copydesk,100,,669,1,6,14,16,7,AdministrativeArea | AggregateRating | Answer | BreadcrumbList | City | FAQPage | GeoCoordinates | ItemList | ListItem | LocationFeatureSpecification | Neighborhood | OpeningHoursSpecification | PostalAddress | Question | ReserveAction | Restaurant | SpeakableSpecification | TouristAttraction | WebPage | WebSite
es/parque-bondinho-pan-de-azucar.html,FAIL,95,SEO,72,Sem meta description. | Sem canonical.,669,1,6,14,16,7,AdministrativeArea | AggregateRating | Answer | BreadcrumbList | City | FAQPage | GeoCoordinates | ItemList | ListItem | LocationFeatureSpecification | Neighborhood | OpeningHoursSpecification | PostalAddress | Question | ReserveAction | Restaurant | SpeakableSpecification | TouristAttraction | WebPage | WebSite
es/parque-bondinho-pan-de-azucar.html,FAIL,95,GEO,100,,669,1,6,14,16,7,AdministrativeArea | AggregateRating | Answer | BreadcrumbList | City | FAQPage | GeoCoordinates | ItemList | ListItem | LocationFeatureSpecification | Neighborhood | OpeningHoursSpecification | PostalAddress | Question | ReserveAction | Restaurant | SpeakableSpecification | TouristAttraction | WebPage | WebSite
es/parque-bondinho-pan-de-azucar.html,FAIL,95,AEO,100,,669,1,6,14,16,7,AdministrativeArea | AggregateRating | Answer | BreadcrumbList | City | FAQPage | GeoCoordinates | ItemList | ListItem | LocationFeatureSpecification | Neighborhood | OpeningHoursSpecification | PostalAddress | Question | ReserveAction | Restaurant | SpeakableSpecification | TouristAttraction | WebPage | WebSite
es/parque-bondinho-pan-de-azucar.html,FAIL,95,AIO,85,Sem cobertura literal das keywords prioritárias AIO. | Sem VideoObject em página de experiência/produto.,669,1,6,14,16,7,AdministrativeArea | AggregateRating | Answer | BreadcrumbList | City | FAQPage | GeoCoordinates | ItemList | ListItem | LocationFeatureSpecification | Neighborhood | OpeningHoursSpecification | PostalAddress | Question | ReserveAction | Restaurant | SpeakableSpecification | TouristAttraction | WebPage | WebSite
es/parque-bondinho-pan-de-azucar.html,FAIL,95,SXO,100,,669,1,6,14,16,7,AdministrativeArea | AggregateRating | Answer | BreadcrumbList | City | FAQPage | GeoCoordinates | ItemList | ListItem | LocationFeatureSpecification | Neighborhood | OpeningHoursSpecification | PostalAddress | Question | ReserveAction | Restaurant | SpeakableSpecification | TouristAttraction | WebPage | WebSite
es/parque-bondinho-pan-de-azucar.html,FAIL,95,Marketing,100,,669,1,6,14,16,7,AdministrativeArea | AggregateRating | Answer | BreadcrumbList | City | FAQPage | GeoCoordinates | ItemList | ListItem | LocationFeatureSpecification | Neighborhood | OpeningHoursSpecification | PostalAddress | Question | ReserveAction | Restaurant | SpeakableSpecification | TouristAttraction | WebPage | WebSite
es/parque-bondinho-pan-de-azucar.html,FAIL,95,R2D2,100,,669,1,6,14,16,7,AdministrativeArea | AggregateRating | Answer | BreadcrumbList | City | FAQPage | GeoCoordinates | ItemList | ListItem | LocationFeatureSpecification | Neighborhood | OpeningHoursSpecification | PostalAddress | Question | ReserveAction | Restaurant | SpeakableSpecification | TouristAttraction | WebPage | WebSite
es/parque-bondinho-pan-de-azucar.html,FAIL,95,Schema,100,,669,1,6,14,16,7,AdministrativeArea | AggregateRating | Answer | BreadcrumbList | City | FAQPage | GeoCoordinates | ItemList | ListItem | LocationFeatureSpecification | Neighborhood | OpeningHoursSpecification | PostalAddress | Question | ReserveAction | Restaurant | SpeakableSpecification | TouristAttraction | WebPage | WebSite
es/parque-bondinho-pan-de-azucar.html,FAIL,95,Performance,100,,669,1,6,14,16,7,AdministrativeArea | AggregateRating | Answer | BreadcrumbList | City | FAQPage | GeoCoordinates | ItemList | ListItem | LocationFeatureSpecification | Neighborhood | OpeningHoursSpecification | PostalAddress | Question | ReserveAction | Restaurant | SpeakableSpecification | TouristAttraction | WebPage | WebSite
es/parque-bondinho.html,FAIL,95,Design,84,Risco de texto creme em fundo claro. | Opacity baixa detectada; validar texto real. | Sem CSS global de estabilização/contraste.,1180,1,6,17,26,19,AdministrativeArea | AggregateRating | Answer | Article | BreadcrumbList | City | FAQPage | GeoCoordinates | ListItem | LocalBusiness | LocationFeatureSpecification | Neighborhood | OpeningHoursSpecification | Organization | PostalAddress | Question | ReserveAction | Restaurant | SpeakableSpecification | TouristAttraction | WebPage | WebSite
es/parque-bondinho.html,FAIL,95,UX,100,,1180,1,6,17,26,19,AdministrativeArea | AggregateRating | Answer | Article | BreadcrumbList | City | FAQPage | GeoCoordinates | ListItem | LocalBusiness | LocationFeatureSpecification | Neighborhood | OpeningHoursSpecification | Organization | PostalAddress | Question | ReserveAction | Restaurant | SpeakableSpecification | TouristAttraction | WebPage | WebSite
es/parque-bondinho.html,FAIL,95,Copydesk,100,,1180,1,6,17,26,19,AdministrativeArea | AggregateRating | Answer | Article | BreadcrumbList | City | FAQPage | GeoCoordinates | ListItem | LocalBusiness | LocationFeatureSpecification | Neighborhood | OpeningHoursSpecification | Organization | PostalAddress | Question | ReserveAction | Restaurant | SpeakableSpecification | TouristAttraction | WebPage | WebSite
es/parque-bondinho.html,FAIL,95,SEO,72,Sem meta description. | Sem canonical.,1180,1,6,17,26,19,AdministrativeArea | AggregateRating | Answer | Article | BreadcrumbList | City | FAQPage | GeoCoordinates | ListItem | LocalBusiness | LocationFeatureSpecification | Neighborhood | OpeningHoursSpecification | Organization | PostalAddress | Question | ReserveAction | Restaurant | SpeakableSpecification | TouristAttraction | WebPage | WebSite
es/parque-bondinho.html,FAIL,95,GEO,100,,1180,1,6,17,26,19,AdministrativeArea | AggregateRating | Answer | Article | BreadcrumbList | City | FAQPage | GeoCoordinates | ListItem | LocalBusiness | LocationFeatureSpecification | Neighborhood | OpeningHoursSpecification | Organization | PostalAddress | Question | ReserveAction | Restaurant | SpeakableSpecification | TouristAttraction | WebPage | WebSite
es/parque-bondinho.html,FAIL,95,AEO,100,,1180,1,6,17,26,19,AdministrativeArea | AggregateRating | Answer | Article | BreadcrumbList | City | FAQPage | GeoCoordinates | ListItem | LocalBusiness | LocationFeatureSpecification | Neighborhood | OpeningHoursSpecification | Organization | PostalAddress | Question | ReserveAction | Restaurant | SpeakableSpecification | TouristAttraction | WebPage | WebSite
es/parque-bondinho.html,FAIL,95,AIO,85,Sem cobertura literal das keywords prioritárias AIO. | Sem VideoObject em página de experiência/produto.,1180,1,6,17,26,19,AdministrativeArea | AggregateRating | Answer | Article | BreadcrumbList | City | FAQPage | GeoCoordinates | ListItem | LocalBusiness | LocationFeatureSpecification | Neighborhood | OpeningHoursSpecification | Organization | PostalAddress | Question | ReserveAction | Restaurant | SpeakableSpecification | TouristAttraction | WebPage | WebSite
es/parque-bondinho.html,FAIL,95,SXO,100,,1180,1,6,17,26,19,AdministrativeArea | AggregateRating | Answer | Article | BreadcrumbList | City | FAQPage | GeoCoordinates | ListItem | LocalBusiness | LocationFeatureSpecification | Neighborhood | OpeningHoursSpecification | Organization | PostalAddress | Question | ReserveAction | Restaurant | SpeakableSpecification | TouristAttraction | WebPage | WebSite
es/parque-bondinho.html,FAIL,95,Marketing,100,,1180,1,6,17,26,19,AdministrativeArea | AggregateRating | Answer | Article | BreadcrumbList | City | FAQPage | GeoCoordinates | ListItem | LocalBusiness | LocationFeatureSpecification | Neighborhood | OpeningHoursSpecification | Organization | PostalAddress | Question | ReserveAction | Restaurant | SpeakableSpecification | TouristAttraction | WebPage | WebSite
es/parque-bondinho.html,FAIL,95,R2D2,100,,1180,1,6,17,26,19,AdministrativeArea | AggregateRating | Answer | Article | BreadcrumbList | City | FAQPage | GeoCoordinates | ListItem | LocalBusiness | LocationFeatureSpecification | Neighborhood | OpeningHoursSpecification | Organization | PostalAddress | Question | ReserveAction | Restaurant | SpeakableSpecification | TouristAttraction | WebPage | WebSite
es/parque-bondinho.html,FAIL,95,Schema,100,,1180,1,6,17,26,19,AdministrativeArea | AggregateRating | Answer | Article | BreadcrumbList | City | FAQPage | GeoCoordinates | ListItem | LocalBusiness | LocationFeatureSpecification | Neighborhood | OpeningHoursSpecification | Organization | PostalAddress | Question | ReserveAction | Restaurant | SpeakableSpecification | TouristAttraction | WebPage | WebSite
es/parque-bondinho.html,FAIL,95,Performance,100,,1180,1,6,17,26,19,AdministrativeArea | AggregateRating | Answer | Article | BreadcrumbList | City | FAQPage | GeoCoordinates | ListItem | LocalBusiness | LocationFeatureSpecification | Neighborhood | OpeningHoursSpecification | Organization | PostalAddress | Question | ReserveAction | Restaurant | SpeakableSpecification | TouristAttraction | WebPage | WebSite
es/por-do-sol-morro-da-urca.html,FAIL,95,Design,84,Risco de texto creme em fundo claro. | Opacity baixa detectada; validar texto real. | Sem CSS global de estabilização/contraste.,712,1,7,14,13,7,AdministrativeArea | AggregateRating | Answer | BreadcrumbList | City | FAQPage | GeoCoordinates | ListItem | LocationFeatureSpecification | MusicEvent | Neighborhood | Offer | OpeningHoursSpecification | Organization | Place | PostalAddress | Question | ReserveAction | Restaurant | Schedule | TouristAttraction | WebPage | WebSite
es/por-do-sol-morro-da-urca.html,FAIL,95,UX,100,,712,1,7,14,13,7,AdministrativeArea | AggregateRating | Answer | BreadcrumbList | City | FAQPage | GeoCoordinates | ListItem | LocationFeatureSpecification | MusicEvent | Neighborhood | Offer | OpeningHoursSpecification | Organization | Place | PostalAddress | Question | ReserveAction | Restaurant | Schedule | TouristAttraction | WebPage | WebSite
es/por-do-sol-morro-da-urca.html,FAIL,95,Copydesk,100,,712,1,7,14,13,7,AdministrativeArea | AggregateRating | Answer | BreadcrumbList | City | FAQPage | GeoCoordinates | ListItem | LocationFeatureSpecification | MusicEvent | Neighborhood | Offer | OpeningHoursSpecification | Organization | Place | PostalAddress | Question | ReserveAction | Restaurant | Schedule | TouristAttraction | WebPage | WebSite
es/por-do-sol-morro-da-urca.html,FAIL,95,SEO,72,Sem meta description. | Sem canonical.,712,1,7,14,13,7,AdministrativeArea | AggregateRating | Answer | BreadcrumbList | City | FAQPage | GeoCoordinates | ListItem | LocationFeatureSpecification | MusicEvent | Neighborhood | Offer | OpeningHoursSpecification | Organization | Place | PostalAddress | Question | ReserveAction | Restaurant | Schedule | TouristAttraction | WebPage | WebSite
es/por-do-sol-morro-da-urca.html,FAIL,95,GEO,100,,712,1,7,14,13,7,AdministrativeArea | AggregateRating | Answer | BreadcrumbList | City | FAQPage | GeoCoordinates | ListItem | LocationFeatureSpecification | MusicEvent | Neighborhood | Offer | OpeningHoursSpecification | Organization | Place | PostalAddress | Question | ReserveAction | Restaurant | Schedule | TouristAttraction | WebPage | WebSite
es/por-do-sol-morro-da-urca.html,FAIL,95,AEO,100,,712,1,7,14,13,7,AdministrativeArea | AggregateRating | Answer | BreadcrumbList | City | FAQPage | GeoCoordinates | ListItem | LocationFeatureSpecification | MusicEvent | Neighborhood | Offer | OpeningHoursSpecification | Organization | Place | PostalAddress | Question | ReserveAction | Restaurant | Schedule | TouristAttraction | WebPage | WebSite
es/por-do-sol-morro-da-urca.html,FAIL,95,AIO,85,Sem cobertura literal das keywords prioritárias AIO. | Sem VideoObject em página de experiência/produto.,712,1,7,14,13,7,AdministrativeArea | AggregateRating | Answer | BreadcrumbList | City | FAQPage | GeoCoordinates | ListItem | LocationFeatureSpecification | MusicEvent | Neighborhood | Offer | OpeningHoursSpecification | Organization | Place | PostalAddress | Question | ReserveAction | Restaurant | Schedule | TouristAttraction | WebPage | WebSite
es/por-do-sol-morro-da-urca.html,FAIL,95,SXO,100,,712,1,7,14,13,7,AdministrativeArea | AggregateRating | Answer | BreadcrumbList | City | FAQPage | GeoCoordinates | ListItem | LocationFeatureSpecification | MusicEvent | Neighborhood | Offer | OpeningHoursSpecification | Organization | Place | PostalAddress | Question | ReserveAction | Restaurant | Schedule | TouristAttraction | WebPage | WebSite
es/por-do-sol-morro-da-urca.html,FAIL,95,Marketing,100,,712,1,7,14,13,7,AdministrativeArea | AggregateRating | Answer | BreadcrumbList | City | FAQPage | GeoCoordinates | ListItem | LocationFeatureSpecification | MusicEvent | Neighborhood | Offer | OpeningHoursSpecification | Organization | Place | PostalAddress | Question | ReserveAction | Restaurant | Schedule | TouristAttraction | WebPage | WebSite
es/por-do-sol-morro-da-urca.html,FAIL,95,R2D2,100,,712,1,7,14,13,7,AdministrativeArea | AggregateRating | Answer | BreadcrumbList | City | FAQPage | GeoCoordinates | ListItem | LocationFeatureSpecification | MusicEvent | Neighborhood | Offer | OpeningHoursSpecification | Organization | Place | PostalAddress | Question | ReserveAction | Restaurant | Schedule | TouristAttraction | WebPage | WebSite
es/por-do-sol-morro-da-urca.html,FAIL,95,Schema,100,,712,1,7,14,13,7,AdministrativeArea | AggregateRating | Answer | BreadcrumbList | City | FAQPage | GeoCoordinates | ListItem | LocationFeatureSpecification | MusicEvent | Neighborhood | Offer | OpeningHoursSpecification | Organization | Place | PostalAddress | Question | ReserveAction | Restaurant | Schedule | TouristAttraction | WebPage | WebSite
es/por-do-sol-morro-da-urca.html,FAIL,95,Performance,100,,712,1,7,14,13,7,AdministrativeArea | AggregateRating | Answer | BreadcrumbList | City | FAQPage | GeoCoordinates | ListItem | LocationFeatureSpecification | MusicEvent | Neighborhood | Offer | OpeningHoursSpecification | Organization | Place | PostalAddress | Question | ReserveAction | Restaurant | Schedule | TouristAttraction | WebPage | WebSite
es/restaurante-bondinho-pan-de-azucar.html,FAIL,95,Design,84,Risco de texto creme em fundo claro. | Opacity baixa detectada; validar texto real. | Sem CSS global de estabilização/contraste.,1037,1,7,14,16,7,AdministrativeArea | AggregateRating | Answer | BreadcrumbList | City | FAQPage | GeoCoordinates | ItemList | ListItem | LocationFeatureSpecification | Neighborhood | OpeningHoursSpecification | PostalAddress | Question | ReserveAction | Restaurant | SpeakableSpecification | TouristAttraction | WebPage | WebSite
es/restaurante-bondinho-pan-de-azucar.html,FAIL,95,UX,100,,1037,1,7,14,16,7,AdministrativeArea | AggregateRating | Answer | BreadcrumbList | City | FAQPage | GeoCoordinates | ItemList | ListItem | LocationFeatureSpecification | Neighborhood | OpeningHoursSpecification | PostalAddress | Question | ReserveAction | Restaurant | SpeakableSpecification | TouristAttraction | WebPage | WebSite
es/restaurante-bondinho-pan-de-azucar.html,FAIL,95,Copydesk,100,,1037,1,7,14,16,7,AdministrativeArea | AggregateRating | Answer | BreadcrumbList | City | FAQPage | GeoCoordinates | ItemList | ListItem | LocationFeatureSpecification | Neighborhood | OpeningHoursSpecification | PostalAddress | Question | ReserveAction | Restaurant | SpeakableSpecification | TouristAttraction | WebPage | WebSite
es/restaurante-bondinho-pan-de-azucar.html,FAIL,95,SEO,72,Sem meta description. | Sem canonical.,1037,1,7,14,16,7,AdministrativeArea | AggregateRating | Answer | BreadcrumbList | City | FAQPage | GeoCoordinates | ItemList | ListItem | LocationFeatureSpecification | Neighborhood | OpeningHoursSpecification | PostalAddress | Question | ReserveAction | Restaurant | SpeakableSpecification | TouristAttraction | WebPage | WebSite
es/restaurante-bondinho-pan-de-azucar.html,FAIL,95,GEO,100,,1037,1,7,14,16,7,AdministrativeArea | AggregateRating | Answer | BreadcrumbList | City | FAQPage | GeoCoordinates | ItemList | ListItem | LocationFeatureSpecification | Neighborhood | OpeningHoursSpecification | PostalAddress | Question | ReserveAction | Restaurant | SpeakableSpecification | TouristAttraction | WebPage | WebSite
es/restaurante-bondinho-pan-de-azucar.html,FAIL,95,AEO,100,,1037,1,7,14,16,7,AdministrativeArea | AggregateRating | Answer | BreadcrumbList | City | FAQPage | GeoCoordinates | ItemList | ListItem | LocationFeatureSpecification | Neighborhood | OpeningHoursSpecification | PostalAddress | Question | ReserveAction | Restaurant | SpeakableSpecification | TouristAttraction | WebPage | WebSite
es/restaurante-bondinho-pan-de-azucar.html,FAIL,95,AIO,85,Sem cobertura literal das keywords prioritárias AIO. | Sem VideoObject em página de experiência/produto.,1037,1,7,14,16,7,AdministrativeArea | AggregateRating | Answer | BreadcrumbList | City | FAQPage | GeoCoordinates | ItemList | ListItem | LocationFeatureSpecification | Neighborhood | OpeningHoursSpecification | PostalAddress | Question | ReserveAction | Restaurant | SpeakableSpecification | TouristAttraction | WebPage | WebSite
es/restaurante-bondinho-pan-de-azucar.html,FAIL,95,SXO,100,,1037,1,7,14,16,7,AdministrativeArea | AggregateRating | Answer | BreadcrumbList | City | FAQPage | GeoCoordinates | ItemList | ListItem | LocationFeatureSpecification | Neighborhood | OpeningHoursSpecification | PostalAddress | Question | ReserveAction | Restaurant | SpeakableSpecification | TouristAttraction | WebPage | WebSite
es/restaurante-bondinho-pan-de-azucar.html,FAIL,95,Marketing,100,,1037,1,7,14,16,7,AdministrativeArea | AggregateRating | Answer | BreadcrumbList | City | FAQPage | GeoCoordinates | ItemList | ListItem | LocationFeatureSpecification | Neighborhood | OpeningHoursSpecification | PostalAddress | Question | ReserveAction | Restaurant | SpeakableSpecification | TouristAttraction | WebPage | WebSite
es/restaurante-bondinho-pan-de-azucar.html,FAIL,95,R2D2,100,,1037,1,7,14,16,7,AdministrativeArea | AggregateRating | Answer | BreadcrumbList | City | FAQPage | GeoCoordinates | ItemList | ListItem | LocationFeatureSpecification | Neighborhood | OpeningHoursSpecification | PostalAddress | Question | ReserveAction | Restaurant | SpeakableSpecification | TouristAttraction | WebPage | WebSite
es/restaurante-bondinho-pan-de-azucar.html,FAIL,95,Schema,100,,1037,1,7,14,16,7,AdministrativeArea | AggregateRating | Answer | BreadcrumbList | City | FAQPage | GeoCoordinates | ItemList | ListItem | LocationFeatureSpecification | Neighborhood | OpeningHoursSpecification | PostalAddress | Question | ReserveAction | Restaurant | SpeakableSpecification | TouristAttraction | WebPage | WebSite
es/restaurante-bondinho-pan-de-azucar.html,FAIL,95,Performance,100,,1037,1,7,14,16,7,AdministrativeArea | AggregateRating | Answer | BreadcrumbList | City | FAQPage | GeoCoordinates | ItemList | ListItem | LocationFeatureSpecification | Neighborhood | OpeningHoursSpecification | PostalAddress | Question | ReserveAction | Restaurant | SpeakableSpecification | TouristAttraction | WebPage | WebSite
es/restaurante-morro-da-urca.html,FAIL,95,Design,84,Risco de texto creme em fundo claro. | Opacity baixa detectada; validar texto real. | Sem CSS global de estabilização/contraste.,1044,1,7,14,17,7,AdministrativeArea | AggregateRating | Answer | BreadcrumbList | City | FAQPage | GeoCoordinates | ItemList | ListItem | LocationFeatureSpecification | Neighborhood | OpeningHoursSpecification | PostalAddress | Question | ReserveAction | Restaurant | SpeakableSpecification | TouristAttraction | WebPage | WebSite
es/restaurante-morro-da-urca.html,FAIL,95,UX,100,,1044,1,7,14,17,7,AdministrativeArea | AggregateRating | Answer | BreadcrumbList | City | FAQPage | GeoCoordinates | ItemList | ListItem | LocationFeatureSpecification | Neighborhood | OpeningHoursSpecification | PostalAddress | Question | ReserveAction | Restaurant | SpeakableSpecification | TouristAttraction | WebPage | WebSite
es/restaurante-morro-da-urca.html,FAIL,95,Copydesk,100,,1044,1,7,14,17,7,AdministrativeArea | AggregateRating | Answer | BreadcrumbList | City | FAQPage | GeoCoordinates | ItemList | ListItem | LocationFeatureSpecification | Neighborhood | OpeningHoursSpecification | PostalAddress | Question | ReserveAction | Restaurant | SpeakableSpecification | TouristAttraction | WebPage | WebSite
es/restaurante-morro-da-urca.html,FAIL,95,SEO,72,Sem meta description. | Sem canonical.,1044,1,7,14,17,7,AdministrativeArea | AggregateRating | Answer | BreadcrumbList | City | FAQPage | GeoCoordinates | ItemList | ListItem | LocationFeatureSpecification | Neighborhood | OpeningHoursSpecification | PostalAddress | Question | ReserveAction | Restaurant | SpeakableSpecification | TouristAttraction | WebPage | WebSite
es/restaurante-morro-da-urca.html,FAIL,95,GEO,100,,1044,1,7,14,17,7,AdministrativeArea | AggregateRating | Answer | BreadcrumbList | City | FAQPage | GeoCoordinates | ItemList | ListItem | LocationFeatureSpecification | Neighborhood | OpeningHoursSpecification | PostalAddress | Question | ReserveAction | Restaurant | SpeakableSpecification | TouristAttraction | WebPage | WebSite
es/restaurante-morro-da-urca.html,FAIL,95,AEO,100,,1044,1,7,14,17,7,AdministrativeArea | AggregateRating | Answer | BreadcrumbList | City | FAQPage | GeoCoordinates | ItemList | ListItem | LocationFeatureSpecification | Neighborhood | OpeningHoursSpecification | PostalAddress | Question | ReserveAction | Restaurant | SpeakableSpecification | TouristAttraction | WebPage | WebSite
es/restaurante-morro-da-urca.html,FAIL,95,AIO,85,Sem cobertura literal das keywords prioritárias AIO. | Sem VideoObject em página de experiência/produto.,1044,1,7,14,17,7,AdministrativeArea | AggregateRating | Answer | BreadcrumbList | City | FAQPage | GeoCoordinates | ItemList | ListItem | LocationFeatureSpecification | Neighborhood | OpeningHoursSpecification | PostalAddress | Question | ReserveAction | Restaurant | SpeakableSpecification | TouristAttraction | WebPage | WebSite
es/restaurante-morro-da-urca.html,FAIL,95,SXO,100,,1044,1,7,14,17,7,AdministrativeArea | AggregateRating | Answer | BreadcrumbList | City | FAQPage | GeoCoordinates | ItemList | ListItem | LocationFeatureSpecification | Neighborhood | OpeningHoursSpecification | PostalAddress | Question | ReserveAction | Restaurant | SpeakableSpecification | TouristAttraction | WebPage | WebSite
es/restaurante-morro-da-urca.html,FAIL,95,Marketing,100,,1044,1,7,14,17,7,AdministrativeArea | AggregateRating | Answer | BreadcrumbList | City | FAQPage | GeoCoordinates | ItemList | ListItem | LocationFeatureSpecification | Neighborhood | OpeningHoursSpecification | PostalAddress | Question | ReserveAction | Restaurant | SpeakableSpecification | TouristAttraction | WebPage | WebSite
es/restaurante-morro-da-urca.html,FAIL,95,R2D2,100,,1044,1,7,14,17,7,AdministrativeArea | AggregateRating | Answer | BreadcrumbList | City | FAQPage | GeoCoordinates | ItemList | ListItem | LocationFeatureSpecification | Neighborhood | OpeningHoursSpecification | PostalAddress | Question | ReserveAction | Restaurant | SpeakableSpecification | TouristAttraction | WebPage | WebSite
es/restaurante-morro-da-urca.html,FAIL,95,Schema,100,,1044,1,7,14,17,7,AdministrativeArea | AggregateRating | Answer | BreadcrumbList | City | FAQPage | GeoCoordinates | ItemList | ListItem | LocationFeatureSpecification | Neighborhood | OpeningHoursSpecification | PostalAddress | Question | ReserveAction | Restaurant | SpeakableSpecification | TouristAttraction | WebPage | WebSite
es/restaurante-morro-da-urca.html,FAIL,95,Performance,100,,1044,1,7,14,17,7,AdministrativeArea | AggregateRating | Answer | BreadcrumbList | City | FAQPage | GeoCoordinates | ItemList | ListItem | LocationFeatureSpecification | Neighborhood | OpeningHoursSpecification | PostalAddress | Question | ReserveAction | Restaurant | SpeakableSpecification | TouristAttraction | WebPage | WebSite
es/restaurantes-cerca-del-pan-de-azucar.html,FAIL,95,Design,84,Risco de texto creme em fundo claro. | Opacity baixa detectada; validar texto real. | Sem CSS global de estabilização/contraste.,1049,1,7,14,16,7,AdministrativeArea | AggregateRating | Answer | BreadcrumbList | City | FAQPage | GeoCoordinates | ItemList | ListItem | LocationFeatureSpecification | Neighborhood | OpeningHoursSpecification | PostalAddress | Question | ReserveAction | Restaurant | SpeakableSpecification | TouristAttraction | WebPage | WebSite
es/restaurantes-cerca-del-pan-de-azucar.html,FAIL,95,UX,100,,1049,1,7,14,16,7,AdministrativeArea | AggregateRating | Answer | BreadcrumbList | City | FAQPage | GeoCoordinates | ItemList | ListItem | LocationFeatureSpecification | Neighborhood | OpeningHoursSpecification | PostalAddress | Question | ReserveAction | Restaurant | SpeakableSpecification | TouristAttraction | WebPage | WebSite
es/restaurantes-cerca-del-pan-de-azucar.html,FAIL,95,Copydesk,100,,1049,1,7,14,16,7,AdministrativeArea | AggregateRating | Answer | BreadcrumbList | City | FAQPage | GeoCoordinates | ItemList | ListItem | LocationFeatureSpecification | Neighborhood | OpeningHoursSpecification | PostalAddress | Question | ReserveAction | Restaurant | SpeakableSpecification | TouristAttraction | WebPage | WebSite
es/restaurantes-cerca-del-pan-de-azucar.html,FAIL,95,SEO,72,Sem meta description. | Sem canonical.,1049,1,7,14,16,7,AdministrativeArea | AggregateRating | Answer | BreadcrumbList | City | FAQPage | GeoCoordinates | ItemList | ListItem | LocationFeatureSpecification | Neighborhood | OpeningHoursSpecification | PostalAddress | Question | ReserveAction | Restaurant | SpeakableSpecification | TouristAttraction | WebPage | WebSite
es/restaurantes-cerca-del-pan-de-azucar.html,FAIL,95,GEO,100,,1049,1,7,14,16,7,AdministrativeArea | AggregateRating | Answer | BreadcrumbList | City | FAQPage | GeoCoordinates | ItemList | ListItem | LocationFeatureSpecification | Neighborhood | OpeningHoursSpecification | PostalAddress | Question | ReserveAction | Restaurant | SpeakableSpecification | TouristAttraction | WebPage | WebSite
es/restaurantes-cerca-del-pan-de-azucar.html,FAIL,95,AEO,100,,1049,1,7,14,16,7,AdministrativeArea | AggregateRating | Answer | BreadcrumbList | City | FAQPage | GeoCoordinates | ItemList | ListItem | LocationFeatureSpecification | Neighborhood | OpeningHoursSpecification | PostalAddress | Question | ReserveAction | Restaurant | SpeakableSpecification | TouristAttraction | WebPage | WebSite
es/restaurantes-cerca-del-pan-de-azucar.html,FAIL,95,AIO,85,Sem cobertura literal das keywords prioritárias AIO. | Sem VideoObject em página de experiência/produto.,1049,1,7,14,16,7,AdministrativeArea | AggregateRating | Answer | BreadcrumbList | City | FAQPage | GeoCoordinates | ItemList | ListItem | LocationFeatureSpecification | Neighborhood | OpeningHoursSpecification | PostalAddress | Question | ReserveAction | Restaurant | SpeakableSpecification | TouristAttraction | WebPage | WebSite
es/restaurantes-cerca-del-pan-de-azucar.html,FAIL,95,SXO,100,,1049,1,7,14,16,7,AdministrativeArea | AggregateRating | Answer | BreadcrumbList | City | FAQPage | GeoCoordinates | ItemList | ListItem | LocationFeatureSpecification | Neighborhood | OpeningHoursSpecification | PostalAddress | Question | ReserveAction | Restaurant | SpeakableSpecification | TouristAttraction | WebPage | WebSite
es/restaurantes-cerca-del-pan-de-azucar.html,FAIL,95,Marketing,100,,1049,1,7,14,16,7,AdministrativeArea | AggregateRating | Answer | BreadcrumbList | City | FAQPage | GeoCoordinates | ItemList | ListItem | LocationFeatureSpecification | Neighborhood | OpeningHoursSpecification | PostalAddress | Question | ReserveAction | Restaurant | SpeakableSpecification | TouristAttraction | WebPage | WebSite
es/restaurantes-cerca-del-pan-de-azucar.html,FAIL,95,R2D2,100,,1049,1,7,14,16,7,AdministrativeArea | AggregateRating | Answer | BreadcrumbList | City | FAQPage | GeoCoordinates | ItemList | ListItem | LocationFeatureSpecification | Neighborhood | OpeningHoursSpecification | PostalAddress | Question | ReserveAction | Restaurant | SpeakableSpecification | TouristAttraction | WebPage | WebSite
es/restaurantes-cerca-del-pan-de-azucar.html,FAIL,95,Schema,100,,1049,1,7,14,16,7,AdministrativeArea | AggregateRating | Answer | BreadcrumbList | City | FAQPage | GeoCoordinates | ItemList | ListItem | LocationFeatureSpecification | Neighborhood | OpeningHoursSpecification | PostalAddress | Question | ReserveAction | Restaurant | SpeakableSpecification | TouristAttraction | WebPage | WebSite
es/restaurantes-cerca-del-pan-de-azucar.html,FAIL,95,Performance,100,,1049,1,7,14,16,7,AdministrativeArea | AggregateRating | Answer | BreadcrumbList | City | FAQPage | GeoCoordinates | ItemList | ListItem | LocationFeatureSpecification | Neighborhood | OpeningHoursSpecification | PostalAddress | Question | ReserveAction | Restaurant | SpeakableSpecification | TouristAttraction | WebPage | WebSite
es/roteiro-meio-dia-urca-pao-de-acucar.html,FAIL,95,Design,84,Risco de texto creme em fundo claro. | Opacity baixa detectada; validar texto real. | Sem CSS global de estabilização/contraste.,818,1,8,17,19,11,AdministrativeArea | AggregateRating | Answer | Article | BreadcrumbList | City | FAQPage | GeoCoordinates | HowTo | HowToStep | ListItem | LocationFeatureSpecification | MonetaryAmount | Neighborhood | OpeningHoursSpecification | Organization | PostalAddress | Question | ReserveAction | Restaurant | SpeakableSpecification | TouristAttraction | WebPage | WebSite
es/roteiro-meio-dia-urca-pao-de-acucar.html,FAIL,95,UX,100,,818,1,8,17,19,11,AdministrativeArea | AggregateRating | Answer | Article | BreadcrumbList | City | FAQPage | GeoCoordinates | HowTo | HowToStep | ListItem | LocationFeatureSpecification | MonetaryAmount | Neighborhood | OpeningHoursSpecification | Organization | PostalAddress | Question | ReserveAction | Restaurant | SpeakableSpecification | TouristAttraction | WebPage | WebSite
es/roteiro-meio-dia-urca-pao-de-acucar.html,FAIL,95,Copydesk,100,,818,1,8,17,19,11,AdministrativeArea | AggregateRating | Answer | Article | BreadcrumbList | City | FAQPage | GeoCoordinates | HowTo | HowToStep | ListItem | LocationFeatureSpecification | MonetaryAmount | Neighborhood | OpeningHoursSpecification | Organization | PostalAddress | Question | ReserveAction | Restaurant | SpeakableSpecification | TouristAttraction | WebPage | WebSite
es/roteiro-meio-dia-urca-pao-de-acucar.html,FAIL,95,SEO,72,Sem meta description. | Sem canonical.,818,1,8,17,19,11,AdministrativeArea | AggregateRating | Answer | Article | BreadcrumbList | City | FAQPage | GeoCoordinates | HowTo | HowToStep | ListItem | LocationFeatureSpecification | MonetaryAmount | Neighborhood | OpeningHoursSpecification | Organization | PostalAddress | Question | ReserveAction | Restaurant | SpeakableSpecification | TouristAttraction | WebPage | WebSite
es/roteiro-meio-dia-urca-pao-de-acucar.html,FAIL,95,GEO,100,,818,1,8,17,19,11,AdministrativeArea | AggregateRating | Answer | Article | BreadcrumbList | City | FAQPage | GeoCoordinates | HowTo | HowToStep | ListItem | LocationFeatureSpecification | MonetaryAmount | Neighborhood | OpeningHoursSpecification | Organization | PostalAddress | Question | ReserveAction | Restaurant | SpeakableSpecification | TouristAttraction | WebPage | WebSite
es/roteiro-meio-dia-urca-pao-de-acucar.html,FAIL,95,AEO,100,,818,1,8,17,19,11,AdministrativeArea | AggregateRating | Answer | Article | BreadcrumbList | City | FAQPage | GeoCoordinates | HowTo | HowToStep | ListItem | LocationFeatureSpecification | MonetaryAmount | Neighborhood | OpeningHoursSpecification | Organization | PostalAddress | Question | ReserveAction | Restaurant | SpeakableSpecification | TouristAttraction | WebPage | WebSite
es/roteiro-meio-dia-urca-pao-de-acucar.html,FAIL,95,AIO,85,Sem cobertura literal das keywords prioritárias AIO. | Sem VideoObject em página de experiência/produto.,818,1,8,17,19,11,AdministrativeArea | AggregateRating | Answer | Article | BreadcrumbList | City | FAQPage | GeoCoordinates | HowTo | HowToStep | ListItem | LocationFeatureSpecification | MonetaryAmount | Neighborhood | OpeningHoursSpecification | Organization | PostalAddress | Question | ReserveAction | Restaurant | SpeakableSpecification | TouristAttraction | WebPage | WebSite
es/roteiro-meio-dia-urca-pao-de-acucar.html,FAIL,95,SXO,100,,818,1,8,17,19,11,AdministrativeArea | AggregateRating | Answer | Article | BreadcrumbList | City | FAQPage | GeoCoordinates | HowTo | HowToStep | ListItem | LocationFeatureSpecification | MonetaryAmount | Neighborhood | OpeningHoursSpecification | Organization | PostalAddress | Question | ReserveAction | Restaurant | SpeakableSpecification | TouristAttraction | WebPage | WebSite
es/roteiro-meio-dia-urca-pao-de-acucar.html,FAIL,95,Marketing,100,,818,1,8,17,19,11,AdministrativeArea | AggregateRating | Answer | Article | BreadcrumbList | City | FAQPage | GeoCoordinates | HowTo | HowToStep | ListItem | LocationFeatureSpecification | MonetaryAmount | Neighborhood | OpeningHoursSpecification | Organization | PostalAddress | Question | ReserveAction | Restaurant | SpeakableSpecification | TouristAttraction | WebPage | WebSite
es/roteiro-meio-dia-urca-pao-de-acucar.html,FAIL,95,R2D2,100,,818,1,8,17,19,11,AdministrativeArea | AggregateRating | Answer | Article | BreadcrumbList | City | FAQPage | GeoCoordinates | HowTo | HowToStep | ListItem | LocationFeatureSpecification | MonetaryAmount | Neighborhood | OpeningHoursSpecification | Organization | PostalAddress | Question | ReserveAction | Restaurant | SpeakableSpecification | TouristAttraction | WebPage | WebSite
es/roteiro-meio-dia-urca-pao-de-acucar.html,FAIL,95,Schema,100,,818,1,8,17,19,11,AdministrativeArea | AggregateRating | Answer | Article | BreadcrumbList | City | FAQPage | GeoCoordinates | HowTo | HowToStep | ListItem | LocationFeatureSpecification | MonetaryAmount | Neighborhood | OpeningHoursSpecification | Organization | PostalAddress | Question | ReserveAction | Restaurant | SpeakableSpecification | TouristAttraction | WebPage | WebSite
es/roteiro-meio-dia-urca-pao-de-acucar.html,FAIL,95,Performance,100,,818,1,8,17,19,11,AdministrativeArea | AggregateRating | Answer | Article | BreadcrumbList | City | FAQPage | GeoCoordinates | HowTo | HowToStep | ListItem | LocationFeatureSpecification | MonetaryAmount | Neighborhood | OpeningHoursSpecification | Organization | PostalAddress | Question | ReserveAction | Restaurant | SpeakableSpecification | TouristAttraction | WebPage | WebSite
eventos.html,PASS,97,Design,90,Risco de texto creme em fundo claro. | Opacity baixa detectada; validar texto real.,1123,1,10,11,26,14,AdministrativeArea | Answer | BreadcrumbList | City | FAQPage | ListItem | LocationFeatureSpecification | Neighborhood | PostalAddress | Question | ReserveAction | Restaurant | TouristAttraction | WebPage | WebSite
eventos.html,PASS,97,UX,100,,1123,1,10,11,26,14,AdministrativeArea | Answer | BreadcrumbList | City | FAQPage | ListItem | LocationFeatureSpecification | Neighborhood | PostalAddress | Question | ReserveAction | Restaurant | TouristAttraction | WebPage | WebSite
eventos.html,PASS,97,Copydesk,100,,1123,1,10,11,26,14,AdministrativeArea | Answer | BreadcrumbList | City | FAQPage | ListItem | LocationFeatureSpecification | Neighborhood | PostalAddress | Question | ReserveAction | Restaurant | TouristAttraction | WebPage | WebSite
eventos.html,PASS,97,SEO,100,,1123,1,10,11,26,14,AdministrativeArea | Answer | BreadcrumbList | City | FAQPage | ListItem | LocationFeatureSpecification | Neighborhood | PostalAddress | Question | ReserveAction | Restaurant | TouristAttraction | WebPage | WebSite
eventos.html,PASS,97,GEO,93,Sem GeoCoordinates.,1123,1,10,11,26,14,AdministrativeArea | Answer | BreadcrumbList | City | FAQPage | ListItem | LocationFeatureSpecification | Neighborhood | PostalAddress | Question | ReserveAction | Restaurant | TouristAttraction | WebPage | WebSite
eventos.html,PASS,97,AEO,100,,1123,1,10,11,26,14,AdministrativeArea | Answer | BreadcrumbList | City | FAQPage | ListItem | LocationFeatureSpecification | Neighborhood | PostalAddress | Question | ReserveAction | Restaurant | TouristAttraction | WebPage | WebSite
eventos.html,PASS,97,AIO,85,Sem cobertura literal das keywords prioritárias AIO. | Sem VideoObject em página de experiência/produto.,1123,1,10,11,26,14,AdministrativeArea | Answer | BreadcrumbList | City | FAQPage | ListItem | LocationFeatureSpecification | Neighborhood | PostalAddress | Question | ReserveAction | Restaurant | TouristAttraction | WebPage | WebSite
eventos.html,PASS,97,SXO,100,,1123,1,10,11,26,14,AdministrativeArea | Answer | BreadcrumbList | City | FAQPage | ListItem | LocationFeatureSpecification | Neighborhood | PostalAddress | Question | ReserveAction | Restaurant | TouristAttraction | WebPage | WebSite
eventos.html,PASS,97,Marketing,100,,1123,1,10,11,26,14,AdministrativeArea | Answer | BreadcrumbList | City | FAQPage | ListItem | LocationFeatureSpecification | Neighborhood | PostalAddress | Question | ReserveAction | Restaurant | TouristAttraction | WebPage | WebSite
eventos.html,PASS,97,R2D2,100,,1123,1,10,11,26,14,AdministrativeArea | Answer | BreadcrumbList | City | FAQPage | ListItem | LocationFeatureSpecification | Neighborhood | PostalAddress | Question | ReserveAction | Restaurant | TouristAttraction | WebPage | WebSite
eventos.html,PASS,97,Schema,100,,1123,1,10,11,26,14,AdministrativeArea | Answer | BreadcrumbList | City | FAQPage | ListItem | LocationFeatureSpecification | Neighborhood | PostalAddress | Question | ReserveAction | Restaurant | TouristAttraction | WebPage | WebSite
eventos.html,PASS,97,Performance,100,,1123,1,10,11,26,14,AdministrativeArea | Answer | BreadcrumbList | City | FAQPage | ListItem | LocationFeatureSpecification | Neighborhood | PostalAddress | Question | ReserveAction | Restaurant | TouristAttraction | WebPage | WebSite
feijoada-com-vista-rio-de-janeiro.html,FAIL,95,Design,84,Risco de texto creme em fundo claro. | Opacity baixa detectada; validar texto real. | Sem CSS global de estabilização/contraste.,646,1,7,14,13,7,AdministrativeArea | AggregateRating | Answer | BreadcrumbList | City | FAQPage | GeoCoordinates | ListItem | LocationFeatureSpecification | Neighborhood | OpeningHoursSpecification | PostalAddress | Question | ReserveAction | Restaurant | TouristAttraction | WebPage | WebSite
feijoada-com-vista-rio-de-janeiro.html,FAIL,95,UX,100,,646,1,7,14,13,7,AdministrativeArea | AggregateRating | Answer | BreadcrumbList | City | FAQPage | GeoCoordinates | ListItem | LocationFeatureSpecification | Neighborhood | OpeningHoursSpecification | PostalAddress | Question | ReserveAction | Restaurant | TouristAttraction | WebPage | WebSite
feijoada-com-vista-rio-de-janeiro.html,FAIL,95,Copydesk,100,,646,1,7,14,13,7,AdministrativeArea | AggregateRating | Answer | BreadcrumbList | City | FAQPage | GeoCoordinates | ListItem | LocationFeatureSpecification | Neighborhood | OpeningHoursSpecification | PostalAddress | Question | ReserveAction | Restaurant | TouristAttraction | WebPage | WebSite
feijoada-com-vista-rio-de-janeiro.html,FAIL,95,SEO,72,Sem meta description. | Sem canonical.,646,1,7,14,13,7,AdministrativeArea | AggregateRating | Answer | BreadcrumbList | City | FAQPage | GeoCoordinates | ListItem | LocationFeatureSpecification | Neighborhood | OpeningHoursSpecification | PostalAddress | Question | ReserveAction | Restaurant | TouristAttraction | WebPage | WebSite
feijoada-com-vista-rio-de-janeiro.html,FAIL,95,GEO,100,,646,1,7,14,13,7,AdministrativeArea | AggregateRating | Answer | BreadcrumbList | City | FAQPage | GeoCoordinates | ListItem | LocationFeatureSpecification | Neighborhood | OpeningHoursSpecification | PostalAddress | Question | ReserveAction | Restaurant | TouristAttraction | WebPage | WebSite
feijoada-com-vista-rio-de-janeiro.html,FAIL,95,AEO,100,,646,1,7,14,13,7,AdministrativeArea | AggregateRating | Answer | BreadcrumbList | City | FAQPage | GeoCoordinates | ListItem | LocationFeatureSpecification | Neighborhood | OpeningHoursSpecification | PostalAddress | Question | ReserveAction | Restaurant | TouristAttraction | WebPage | WebSite
feijoada-com-vista-rio-de-janeiro.html,FAIL,95,AIO,85,Sem cobertura literal das keywords prioritárias AIO. | Sem VideoObject em página de experiência/produto.,646,1,7,14,13,7,AdministrativeArea | AggregateRating | Answer | BreadcrumbList | City | FAQPage | GeoCoordinates | ListItem | LocationFeatureSpecification | Neighborhood | OpeningHoursSpecification | PostalAddress | Question | ReserveAction | Restaurant | TouristAttraction | WebPage | WebSite
feijoada-com-vista-rio-de-janeiro.html,FAIL,95,SXO,100,,646,1,7,14,13,7,AdministrativeArea | AggregateRating | Answer | BreadcrumbList | City | FAQPage | GeoCoordinates | ListItem | LocationFeatureSpecification | Neighborhood | OpeningHoursSpecification | PostalAddress | Question | ReserveAction | Restaurant | TouristAttraction | WebPage | WebSite
feijoada-com-vista-rio-de-janeiro.html,FAIL,95,Marketing,100,,646,1,7,14,13,7,AdministrativeArea | AggregateRating | Answer | BreadcrumbList | City | FAQPage | GeoCoordinates | ListItem | LocationFeatureSpecification | Neighborhood | OpeningHoursSpecification | PostalAddress | Question | ReserveAction | Restaurant | TouristAttraction | WebPage | WebSite
feijoada-com-vista-rio-de-janeiro.html,FAIL,95,R2D2,100,,646,1,7,14,13,7,AdministrativeArea | AggregateRating | Answer | BreadcrumbList | City | FAQPage | GeoCoordinates | ListItem | LocationFeatureSpecification | Neighborhood | OpeningHoursSpecification | PostalAddress | Question | ReserveAction | Restaurant | TouristAttraction | WebPage | WebSite
feijoada-com-vista-rio-de-janeiro.html,FAIL,95,Schema,100,,646,1,7,14,13,7,AdministrativeArea | AggregateRating | Answer | BreadcrumbList | City | FAQPage | GeoCoordinates | ListItem | LocationFeatureSpecification | Neighborhood | OpeningHoursSpecification | PostalAddress | Question | ReserveAction | Restaurant | TouristAttraction | WebPage | WebSite
feijoada-com-vista-rio-de-janeiro.html,FAIL,95,Performance,100,,646,1,7,14,13,7,AdministrativeArea | AggregateRating | Answer | BreadcrumbList | City | FAQPage | GeoCoordinates | ListItem | LocationFeatureSpecification | Neighborhood | OpeningHoursSpecification | PostalAddress | Question | ReserveAction | Restaurant | TouristAttraction | WebPage | WebSite
feijoada.html,PASS,96,Design,84,Risco de texto creme em fundo claro. | Opacity baixa detectada; validar texto real. | Sem CSS global de estabilização/contraste.,1831,1,16,37,29,24,AdministrativeArea | AggregateRating | Answer | BreadcrumbList | City | FAQPage | GeoCoordinates | ListItem | LocationFeatureSpecification | MenuItem | Neighborhood | NutritionInformation | Offer | OpeningHoursSpecification | PostalAddress | Question | ReserveAction | Restaurant | SpeakableSpecification | TouristAttraction | WebPage | WebSite
feijoada.html,PASS,96,UX,100,,1831,1,16,37,29,24,AdministrativeArea | AggregateRating | Answer | BreadcrumbList | City | FAQPage | GeoCoordinates | ListItem | LocationFeatureSpecification | MenuItem | Neighborhood | NutritionInformation | Offer | OpeningHoursSpecification | PostalAddress | Question | ReserveAction | Restaurant | SpeakableSpecification | TouristAttraction | WebPage | WebSite
feijoada.html,PASS,96,Copydesk,100,,1831,1,16,37,29,24,AdministrativeArea | AggregateRating | Answer | BreadcrumbList | City | FAQPage | GeoCoordinates | ListItem | LocationFeatureSpecification | MenuItem | Neighborhood | NutritionInformation | Offer | OpeningHoursSpecification | PostalAddress | Question | ReserveAction | Restaurant | SpeakableSpecification | TouristAttraction | WebPage | WebSite
feijoada.html,PASS,96,SEO,84,Sem meta description.,1831,1,16,37,29,24,AdministrativeArea | AggregateRating | Answer | BreadcrumbList | City | FAQPage | GeoCoordinates | ListItem | LocationFeatureSpecification | MenuItem | Neighborhood | NutritionInformation | Offer | OpeningHoursSpecification | PostalAddress | Question | ReserveAction | Restaurant | SpeakableSpecification | TouristAttraction | WebPage | WebSite
feijoada.html,PASS,96,GEO,100,,1831,1,16,37,29,24,AdministrativeArea | AggregateRating | Answer | BreadcrumbList | City | FAQPage | GeoCoordinates | ListItem | LocationFeatureSpecification | MenuItem | Neighborhood | NutritionInformation | Offer | OpeningHoursSpecification | PostalAddress | Question | ReserveAction | Restaurant | SpeakableSpecification | TouristAttraction | WebPage | WebSite
feijoada.html,PASS,96,AEO,100,,1831,1,16,37,29,24,AdministrativeArea | AggregateRating | Answer | BreadcrumbList | City | FAQPage | GeoCoordinates | ListItem | LocationFeatureSpecification | MenuItem | Neighborhood | NutritionInformation | Offer | OpeningHoursSpecification | PostalAddress | Question | ReserveAction | Restaurant | SpeakableSpecification | TouristAttraction | WebPage | WebSite
feijoada.html,PASS,96,AIO,85,Sem cobertura literal das keywords prioritárias AIO. | Sem VideoObject em página de experiência/produto.,1831,1,16,37,29,24,AdministrativeArea | AggregateRating | Answer | BreadcrumbList | City | FAQPage | GeoCoordinates | ListItem | LocationFeatureSpecification | MenuItem | Neighborhood | NutritionInformation | Offer | OpeningHoursSpecification | PostalAddress | Question | ReserveAction | Restaurant | SpeakableSpecification | TouristAttraction | WebPage | WebSite
feijoada.html,PASS,96,SXO,100,,1831,1,16,37,29,24,AdministrativeArea | AggregateRating | Answer | BreadcrumbList | City | FAQPage | GeoCoordinates | ListItem | LocationFeatureSpecification | MenuItem | Neighborhood | NutritionInformation | Offer | OpeningHoursSpecification | PostalAddress | Question | ReserveAction | Restaurant | SpeakableSpecification | TouristAttraction | WebPage | WebSite
feijoada.html,PASS,96,Marketing,100,,1831,1,16,37,29,24,AdministrativeArea | AggregateRating | Answer | BreadcrumbList | City | FAQPage | GeoCoordinates | ListItem | LocationFeatureSpecification | MenuItem | Neighborhood | NutritionInformation | Offer | OpeningHoursSpecification | PostalAddress | Question | ReserveAction | Restaurant | SpeakableSpecification | TouristAttraction | WebPage | WebSite
feijoada.html,PASS,96,R2D2,100,,1831,1,16,37,29,24,AdministrativeArea | AggregateRating | Answer | BreadcrumbList | City | FAQPage | GeoCoordinates | ListItem | LocationFeatureSpecification | MenuItem | Neighborhood | NutritionInformation | Offer | OpeningHoursSpecification | PostalAddress | Question | ReserveAction | Restaurant | SpeakableSpecification | TouristAttraction | WebPage | WebSite
feijoada.html,PASS,96,Schema,100,,1831,1,16,37,29,24,AdministrativeArea | AggregateRating | Answer | BreadcrumbList | City | FAQPage | GeoCoordinates | ListItem | LocationFeatureSpecification | MenuItem | Neighborhood | NutritionInformation | Offer | OpeningHoursSpecification | PostalAddress | Question | ReserveAction | Restaurant | SpeakableSpecification | TouristAttraction | WebPage | WebSite
feijoada.html,PASS,96,Performance,100,,1831,1,16,37,29,24,AdministrativeArea | AggregateRating | Answer | BreadcrumbList | City | FAQPage | GeoCoordinates | ListItem | LocationFeatureSpecification | MenuItem | Neighborhood | NutritionInformation | Offer | OpeningHoursSpecification | PostalAddress | Question | ReserveAction | Restaurant | SpeakableSpecification | TouristAttraction | WebPage | WebSite
gastronomia-carioca.html,FAIL,95,Design,84,Risco de texto creme em fundo claro. | Opacity baixa detectada; validar texto real. | Sem CSS global de estabilização/contraste.,1005,1,5,17,25,18,AdministrativeArea | AggregateRating | Answer | Article | BreadcrumbList | City | FAQPage | FoodEstablishment | GeoCoordinates | ListItem | LocationFeatureSpecification | Neighborhood | OpeningHoursSpecification | Organization | PostalAddress | Question | ReserveAction | Restaurant | SpeakableSpecification | TouristAttraction | WebPage | WebSite
gastronomia-carioca.html,FAIL,95,UX,100,,1005,1,5,17,25,18,AdministrativeArea | AggregateRating | Answer | Article | BreadcrumbList | City | FAQPage | FoodEstablishment | GeoCoordinates | ListItem | LocationFeatureSpecification | Neighborhood | OpeningHoursSpecification | Organization | PostalAddress | Question | ReserveAction | Restaurant | SpeakableSpecification | TouristAttraction | WebPage | WebSite
gastronomia-carioca.html,FAIL,95,Copydesk,100,,1005,1,5,17,25,18,AdministrativeArea | AggregateRating | Answer | Article | BreadcrumbList | City | FAQPage | FoodEstablishment | GeoCoordinates | ListItem | LocationFeatureSpecification | Neighborhood | OpeningHoursSpecification | Organization | PostalAddress | Question | ReserveAction | Restaurant | SpeakableSpecification | TouristAttraction | WebPage | WebSite
gastronomia-carioca.html,FAIL,95,SEO,72,Sem meta description. | Sem canonical.,1005,1,5,17,25,18,AdministrativeArea | AggregateRating | Answer | Article | BreadcrumbList | City | FAQPage | FoodEstablishment | GeoCoordinates | ListItem | LocationFeatureSpecification | Neighborhood | OpeningHoursSpecification | Organization | PostalAddress | Question | ReserveAction | Restaurant | SpeakableSpecification | TouristAttraction | WebPage | WebSite
gastronomia-carioca.html,FAIL,95,GEO,100,,1005,1,5,17,25,18,AdministrativeArea | AggregateRating | Answer | Article | BreadcrumbList | City | FAQPage | FoodEstablishment | GeoCoordinates | ListItem | LocationFeatureSpecification | Neighborhood | OpeningHoursSpecification | Organization | PostalAddress | Question | ReserveAction | Restaurant | SpeakableSpecification | TouristAttraction | WebPage | WebSite
gastronomia-carioca.html,FAIL,95,AEO,100,,1005,1,5,17,25,18,AdministrativeArea | AggregateRating | Answer | Article | BreadcrumbList | City | FAQPage | FoodEstablishment | GeoCoordinates | ListItem | LocationFeatureSpecification | Neighborhood | OpeningHoursSpecification | Organization | PostalAddress | Question | ReserveAction | Restaurant | SpeakableSpecification | TouristAttraction | WebPage | WebSite
gastronomia-carioca.html,FAIL,95,AIO,85,Sem cobertura literal das keywords prioritárias AIO. | Sem VideoObject em página de experiência/produto.,1005,1,5,17,25,18,AdministrativeArea | AggregateRating | Answer | Article | BreadcrumbList | City | FAQPage | FoodEstablishment | GeoCoordinates | ListItem | LocationFeatureSpecification | Neighborhood | OpeningHoursSpecification | Organization | PostalAddress | Question | ReserveAction | Restaurant | SpeakableSpecification | TouristAttraction | WebPage | WebSite
gastronomia-carioca.html,FAIL,95,SXO,100,,1005,1,5,17,25,18,AdministrativeArea | AggregateRating | Answer | Article | BreadcrumbList | City | FAQPage | FoodEstablishment | GeoCoordinates | ListItem | LocationFeatureSpecification | Neighborhood | OpeningHoursSpecification | Organization | PostalAddress | Question | ReserveAction | Restaurant | SpeakableSpecification | TouristAttraction | WebPage | WebSite
gastronomia-carioca.html,FAIL,95,Marketing,100,,1005,1,5,17,25,18,AdministrativeArea | AggregateRating | Answer | Article | BreadcrumbList | City | FAQPage | FoodEstablishment | GeoCoordinates | ListItem | LocationFeatureSpecification | Neighborhood | OpeningHoursSpecification | Organization | PostalAddress | Question | ReserveAction | Restaurant | SpeakableSpecification | TouristAttraction | WebPage | WebSite
gastronomia-carioca.html,FAIL,95,R2D2,100,,1005,1,5,17,25,18,AdministrativeArea | AggregateRating | Answer | Article | BreadcrumbList | City | FAQPage | FoodEstablishment | GeoCoordinates | ListItem | LocationFeatureSpecification | Neighborhood | OpeningHoursSpecification | Organization | PostalAddress | Question | ReserveAction | Restaurant | SpeakableSpecification | TouristAttraction | WebPage | WebSite
gastronomia-carioca.html,FAIL,95,Schema,100,,1005,1,5,17,25,18,AdministrativeArea | AggregateRating | Answer | Article | BreadcrumbList | City | FAQPage | FoodEstablishment | GeoCoordinates | ListItem | LocationFeatureSpecification | Neighborhood | OpeningHoursSpecification | Organization | PostalAddress | Question | ReserveAction | Restaurant | SpeakableSpecification | TouristAttraction | WebPage | WebSite
gastronomia-carioca.html,FAIL,95,Performance,100,,1005,1,5,17,25,18,AdministrativeArea | AggregateRating | Answer | Article | BreadcrumbList | City | FAQPage | FoodEstablishment | GeoCoordinates | ListItem | LocationFeatureSpecification | Neighborhood | OpeningHoursSpecification | Organization | PostalAddress | Question | ReserveAction | Restaurant | SpeakableSpecification | TouristAttraction | WebPage | WebSite
general-3/index.html,FAIL,79,Design,94,Sem CSS global de estabilização/contraste.,23,1,0,3,2,0,
general-3/index.html,FAIL,79,UX,76,Poucos H2 para boa escaneabilidade. | Sem CTA claro. | Poucos links internos.,23,1,0,3,2,0,
general-3/index.html,FAIL,79,Copydesk,83,Conteúdo curto: 23 palavras. | Poucas perguntas/respostas explícitas.,23,1,0,3,2,0,
general-3/index.html,FAIL,79,SEO,80,Sem meta description. | Sem hreflang.,23,1,0,3,2,0,
general-3/index.html,FAIL,79,GEO,71,Baixa cobertura local/GEO: 0/8. | Falta bloco forte de acesso/endereço. | Sem GeoCoordinates.,23,1,0,3,2,0,
general-3/index.html,FAIL,79,AEO,70,FAQ baixo para AEO: 3. | FAQ visual sem FAQPage JSON-LD. | Faltam respostas diretas transacionais.,23,1,0,3,2,0,
general-3/index.html,FAIL,79,AIO,80,Sem cobertura literal das keywords prioritárias AIO. | Poucas FAQs para IA.,23,1,0,3,2,0,
general-3/index.html,FAIL,79,SXO,69,Sem CTA de decisão. | Pouca navegação contextual. | Faltam dados de decisão rápida.,23,1,0,3,2,0,
general-3/index.html,FAIL,79,Marketing,82,Baixa presença de termos de conversão. | Faltam provas/diferenciais comerciais.,23,1,0,3,2,0,
general-3/index.html,FAIL,79,R2D2,72,R2D2 fraco em Receita. | R2D2 fraco em Relevância. | R2D2 fraco em Decisão. | R2D2 fraco em Direção.,23,1,0,3,2,0,
general-3/index.html,FAIL,79,Schema,72,Sem JSON-LD. | Schema sem tipo útil para local/conteúdo.,23,1,0,3,2,0,
general-3/index.html,FAIL,79,Performance,100,,23,1,0,3,2,0,
guia-do-rio.html,FAIL,96,Design,82,Risco de texto creme em fundo claro. | Risco de texto azul em fundo azul. | Opacity baixa detectada; validar texto real.,3327,1,17,25,49,30,AdministrativeArea | AggregateRating | Answer | Article | BreadcrumbList | City | FAQPage | GeoCoordinates | HowTo | HowToStep | ListItem | LocationFeatureSpecification | MonetaryAmount | Neighborhood | OpeningHoursSpecification | Organization | PostalAddress | Question | ReserveAction | Restaurant | SpeakableSpecification | TouristAttraction | WebPage | WebSite
guia-do-rio.html,FAIL,96,UX,100,,3327,1,17,25,49,30,AdministrativeArea | AggregateRating | Answer | Article | BreadcrumbList | City | FAQPage | GeoCoordinates | HowTo | HowToStep | ListItem | LocationFeatureSpecification | MonetaryAmount | Neighborhood | OpeningHoursSpecification | Organization | PostalAddress | Question | ReserveAction | Restaurant | SpeakableSpecification | TouristAttraction | WebPage | WebSite
guia-do-rio.html,FAIL,96,Copydesk,100,,3327,1,17,25,49,30,AdministrativeArea | AggregateRating | Answer | Article | BreadcrumbList | City | FAQPage | GeoCoordinates | HowTo | HowToStep | ListItem | LocationFeatureSpecification | MonetaryAmount | Neighborhood | OpeningHoursSpecification | Organization | PostalAddress | Question | ReserveAction | Restaurant | SpeakableSpecification | TouristAttraction | WebPage | WebSite
guia-do-rio.html,FAIL,96,SEO,72,Sem meta description. | Sem canonical.,3327,1,17,25,49,30,AdministrativeArea | AggregateRating | Answer | Article | BreadcrumbList | City | FAQPage | GeoCoordinates | HowTo | HowToStep | ListItem | LocationFeatureSpecification | MonetaryAmount | Neighborhood | OpeningHoursSpecification | Organization | PostalAddress | Question | ReserveAction | Restaurant | SpeakableSpecification | TouristAttraction | WebPage | WebSite
guia-do-rio.html,FAIL,96,GEO,100,,3327,1,17,25,49,30,AdministrativeArea | AggregateRating | Answer | Article | BreadcrumbList | City | FAQPage | GeoCoordinates | HowTo | HowToStep | ListItem | LocationFeatureSpecification | MonetaryAmount | Neighborhood | OpeningHoursSpecification | Organization | PostalAddress | Question | ReserveAction | Restaurant | SpeakableSpecification | TouristAttraction | WebPage | WebSite
guia-do-rio.html,FAIL,96,AEO,100,,3327,1,17,25,49,30,AdministrativeArea | AggregateRating | Answer | Article | BreadcrumbList | City | FAQPage | GeoCoordinates | HowTo | HowToStep | ListItem | LocationFeatureSpecification | MonetaryAmount | Neighborhood | OpeningHoursSpecification | Organization | PostalAddress | Question | ReserveAction | Restaurant | SpeakableSpecification | TouristAttraction | WebPage | WebSite
guia-do-rio.html,FAIL,96,AIO,95,Sem VideoObject em página de experiência/produto.,3327,1,17,25,49,30,AdministrativeArea | AggregateRating | Answer | Article | BreadcrumbList | City | FAQPage | GeoCoordinates | HowTo | HowToStep | ListItem | LocationFeatureSpecification | MonetaryAmount | Neighborhood | OpeningHoursSpecification | Organization | PostalAddress | Question | ReserveAction | Restaurant | SpeakableSpecification | TouristAttraction | WebPage | WebSite
guia-do-rio.html,FAIL,96,SXO,100,,3327,1,17,25,49,30,AdministrativeArea | AggregateRating | Answer | Article | BreadcrumbList | City | FAQPage | GeoCoordinates | HowTo | HowToStep | ListItem | LocationFeatureSpecification | MonetaryAmount | Neighborhood | OpeningHoursSpecification | Organization | PostalAddress | Question | ReserveAction | Restaurant | SpeakableSpecification | TouristAttraction | WebPage | WebSite
guia-do-rio.html,FAIL,96,Marketing,100,,3327,1,17,25,49,30,AdministrativeArea | AggregateRating | Answer | Article | BreadcrumbList | City | FAQPage | GeoCoordinates | HowTo | HowToStep | ListItem | LocationFeatureSpecification | MonetaryAmount | Neighborhood | OpeningHoursSpecification | Organization | PostalAddress | Question | ReserveAction | Restaurant | SpeakableSpecification | TouristAttraction | WebPage | WebSite
guia-do-rio.html,FAIL,96,R2D2,100,,3327,1,17,25,49,30,AdministrativeArea | AggregateRating | Answer | Article | BreadcrumbList | City | FAQPage | GeoCoordinates | HowTo | HowToStep | ListItem | LocationFeatureSpecification | MonetaryAmount | Neighborhood | OpeningHoursSpecification | Organization | PostalAddress | Question | ReserveAction | Restaurant | SpeakableSpecification | TouristAttraction | WebPage | WebSite
guia-do-rio.html,FAIL,96,Schema,100,,3327,1,17,25,49,30,AdministrativeArea | AggregateRating | Answer | Article | BreadcrumbList | City | FAQPage | GeoCoordinates | HowTo | HowToStep | ListItem | LocationFeatureSpecification | MonetaryAmount | Neighborhood | OpeningHoursSpecification | Organization | PostalAddress | Question | ReserveAction | Restaurant | SpeakableSpecification | TouristAttraction | WebPage | WebSite
guia-do-rio.html,FAIL,96,Performance,100,,3327,1,17,25,49,30,AdministrativeArea | AggregateRating | Answer | Article | BreadcrumbList | City | FAQPage | GeoCoordinates | HowTo | HowToStep | ListItem | LocationFeatureSpecification | MonetaryAmount | Neighborhood | OpeningHoursSpecification | Organization | PostalAddress | Question | ReserveAction | Restaurant | SpeakableSpecification | TouristAttraction | WebPage | WebSite
index.html,FAIL,96,Design,86,Risco de texto creme em fundo claro. | Risco de texto azul em fundo azul.,7290,1,33,58,60,73,AdministrativeArea | AggregateRating | Answer | BreadcrumbList | City | ContactPoint | EntryPoint | FAQPage | FoodEstablishment | GeoCoordinates | ImageObject | ListItem | LocalBusiness | LocationFeatureSpecification | Menu | MenuItem | MenuSection | Neighborhood | Offer | OpeningHoursSpecification | Organization | PostalAddress | Question | ReserveAction | Restaurant | SearchAction | SpeakableSpecification | TouristAttraction | WebPage | WebSite
index.html,FAIL,96,UX,100,,7290,1,33,58,60,73,AdministrativeArea | AggregateRating | Answer | BreadcrumbList | City | ContactPoint | EntryPoint | FAQPage | FoodEstablishment | GeoCoordinates | ImageObject | ListItem | LocalBusiness | LocationFeatureSpecification | Menu | MenuItem | MenuSection | Neighborhood | Offer | OpeningHoursSpecification | Organization | PostalAddress | Question | ReserveAction | Restaurant | SearchAction | SpeakableSpecification | TouristAttraction | WebPage | WebSite
index.html,FAIL,96,Copydesk,100,,7290,1,33,58,60,73,AdministrativeArea | AggregateRating | Answer | BreadcrumbList | City | ContactPoint | EntryPoint | FAQPage | FoodEstablishment | GeoCoordinates | ImageObject | ListItem | LocalBusiness | LocationFeatureSpecification | Menu | MenuItem | MenuSection | Neighborhood | Offer | OpeningHoursSpecification | Organization | PostalAddress | Question | ReserveAction | Restaurant | SearchAction | SpeakableSpecification | TouristAttraction | WebPage | WebSite
index.html,FAIL,96,SEO,72,Sem meta description. | Sem canonical.,7290,1,33,58,60,73,AdministrativeArea | AggregateRating | Answer | BreadcrumbList | City | ContactPoint | EntryPoint | FAQPage | FoodEstablishment | GeoCoordinates | ImageObject | ListItem | LocalBusiness | LocationFeatureSpecification | Menu | MenuItem | MenuSection | Neighborhood | Offer | OpeningHoursSpecification | Organization | PostalAddress | Question | ReserveAction | Restaurant | SearchAction | SpeakableSpecification | TouristAttraction | WebPage | WebSite
index.html,FAIL,96,GEO,100,,7290,1,33,58,60,73,AdministrativeArea | AggregateRating | Answer | BreadcrumbList | City | ContactPoint | EntryPoint | FAQPage | FoodEstablishment | GeoCoordinates | ImageObject | ListItem | LocalBusiness | LocationFeatureSpecification | Menu | MenuItem | MenuSection | Neighborhood | Offer | OpeningHoursSpecification | Organization | PostalAddress | Question | ReserveAction | Restaurant | SearchAction | SpeakableSpecification | TouristAttraction | WebPage | WebSite
index.html,FAIL,96,AEO,100,,7290,1,33,58,60,73,AdministrativeArea | AggregateRating | Answer | BreadcrumbList | City | ContactPoint | EntryPoint | FAQPage | FoodEstablishment | GeoCoordinates | ImageObject | ListItem | LocalBusiness | LocationFeatureSpecification | Menu | MenuItem | MenuSection | Neighborhood | Offer | OpeningHoursSpecification | Organization | PostalAddress | Question | ReserveAction | Restaurant | SearchAction | SpeakableSpecification | TouristAttraction | WebPage | WebSite
index.html,FAIL,96,AIO,95,Sem VideoObject em página de experiência/produto.,7290,1,33,58,60,73,AdministrativeArea | AggregateRating | Answer | BreadcrumbList | City | ContactPoint | EntryPoint | FAQPage | FoodEstablishment | GeoCoordinates | ImageObject | ListItem | LocalBusiness | LocationFeatureSpecification | Menu | MenuItem | MenuSection | Neighborhood | Offer | OpeningHoursSpecification | Organization | PostalAddress | Question | ReserveAction | Restaurant | SearchAction | SpeakableSpecification | TouristAttraction | WebPage | WebSite
index.html,FAIL,96,SXO,100,,7290,1,33,58,60,73,AdministrativeArea | AggregateRating | Answer | BreadcrumbList | City | ContactPoint | EntryPoint | FAQPage | FoodEstablishment | GeoCoordinates | ImageObject | ListItem | LocalBusiness | LocationFeatureSpecification | Menu | MenuItem | MenuSection | Neighborhood | Offer | OpeningHoursSpecification | Organization | PostalAddress | Question | ReserveAction | Restaurant | SearchAction | SpeakableSpecification | TouristAttraction | WebPage | WebSite
index.html,FAIL,96,Marketing,100,,7290,1,33,58,60,73,AdministrativeArea | AggregateRating | Answer | BreadcrumbList | City | ContactPoint | EntryPoint | FAQPage | FoodEstablishment | GeoCoordinates | ImageObject | ListItem | LocalBusiness | LocationFeatureSpecification | Menu | MenuItem | MenuSection | Neighborhood | Offer | OpeningHoursSpecification | Organization | PostalAddress | Question | ReserveAction | Restaurant | SearchAction | SpeakableSpecification | TouristAttraction | WebPage | WebSite
index.html,FAIL,96,R2D2,100,,7290,1,33,58,60,73,AdministrativeArea | AggregateRating | Answer | BreadcrumbList | City | ContactPoint | EntryPoint | FAQPage | FoodEstablishment | GeoCoordinates | ImageObject | ListItem | LocalBusiness | LocationFeatureSpecification | Menu | MenuItem | MenuSection | Neighborhood | Offer | OpeningHoursSpecification | Organization | PostalAddress | Question | ReserveAction | Restaurant | SearchAction | SpeakableSpecification | TouristAttraction | WebPage | WebSite
index.html,FAIL,96,Schema,100,,7290,1,33,58,60,73,AdministrativeArea | AggregateRating | Answer | BreadcrumbList | City | ContactPoint | EntryPoint | FAQPage | FoodEstablishment | GeoCoordinates | ImageObject | ListItem | LocalBusiness | LocationFeatureSpecification | Menu | MenuItem | MenuSection | Neighborhood | Offer | OpeningHoursSpecification | Organization | PostalAddress | Question | ReserveAction | Restaurant | SearchAction | SpeakableSpecification | TouristAttraction | WebPage | WebSite
index.html,FAIL,96,Performance,100,,7290,1,33,58,60,73,AdministrativeArea | AggregateRating | Answer | BreadcrumbList | City | ContactPoint | EntryPoint | FAQPage | FoodEstablishment | GeoCoordinates | ImageObject | ListItem | LocalBusiness | LocationFeatureSpecification | Menu | MenuItem | MenuSection | Neighborhood | Offer | OpeningHoursSpecification | Organization | PostalAddress | Question | ReserveAction | Restaurant | SearchAction | SpeakableSpecification | TouristAttraction | WebPage | WebSite
morro-da-urca.html,FAIL,96,Design,84,Risco de texto creme em fundo claro. | Opacity baixa detectada; validar texto real. | Sem CSS global de estabilização/contraste.,1785,1,9,17,31,18,AdministrativeArea | AggregateRating | Answer | Article | BreadcrumbList | City | FAQPage | GeoCoordinates | ImageObject | Landform | ListItem | LocalBusiness | LocationFeatureSpecification | Neighborhood | OpeningHoursSpecification | Organization | PostalAddress | Question | ReserveAction | Restaurant | SpeakableSpecification | TouristAttraction | WebPage | WebSite
morro-da-urca.html,FAIL,96,UX,100,,1785,1,9,17,31,18,AdministrativeArea | AggregateRating | Answer | Article | BreadcrumbList | City | FAQPage | GeoCoordinates | ImageObject | Landform | ListItem | LocalBusiness | LocationFeatureSpecification | Neighborhood | OpeningHoursSpecification | Organization | PostalAddress | Question | ReserveAction | Restaurant | SpeakableSpecification | TouristAttraction | WebPage | WebSite
morro-da-urca.html,FAIL,96,Copydesk,100,,1785,1,9,17,31,18,AdministrativeArea | AggregateRating | Answer | Article | BreadcrumbList | City | FAQPage | GeoCoordinates | ImageObject | Landform | ListItem | LocalBusiness | LocationFeatureSpecification | Neighborhood | OpeningHoursSpecification | Organization | PostalAddress | Question | ReserveAction | Restaurant | SpeakableSpecification | TouristAttraction | WebPage | WebSite
morro-da-urca.html,FAIL,96,SEO,72,Sem meta description. | Sem canonical.,1785,1,9,17,31,18,AdministrativeArea | AggregateRating | Answer | Article | BreadcrumbList | City | FAQPage | GeoCoordinates | ImageObject | Landform | ListItem | LocalBusiness | LocationFeatureSpecification | Neighborhood | OpeningHoursSpecification | Organization | PostalAddress | Question | ReserveAction | Restaurant | SpeakableSpecification | TouristAttraction | WebPage | WebSite
morro-da-urca.html,FAIL,96,GEO,100,,1785,1,9,17,31,18,AdministrativeArea | AggregateRating | Answer | Article | BreadcrumbList | City | FAQPage | GeoCoordinates | ImageObject | Landform | ListItem | LocalBusiness | LocationFeatureSpecification | Neighborhood | OpeningHoursSpecification | Organization | PostalAddress | Question | ReserveAction | Restaurant | SpeakableSpecification | TouristAttraction | WebPage | WebSite
morro-da-urca.html,FAIL,96,AEO,100,,1785,1,9,17,31,18,AdministrativeArea | AggregateRating | Answer | Article | BreadcrumbList | City | FAQPage | GeoCoordinates | ImageObject | Landform | ListItem | LocalBusiness | LocationFeatureSpecification | Neighborhood | OpeningHoursSpecification | Organization | PostalAddress | Question | ReserveAction | Restaurant | SpeakableSpecification | TouristAttraction | WebPage | WebSite
morro-da-urca.html,FAIL,96,AIO,95,Sem VideoObject em página de experiência/produto.,1785,1,9,17,31,18,AdministrativeArea | AggregateRating | Answer | Article | BreadcrumbList | City | FAQPage | GeoCoordinates | ImageObject | Landform | ListItem | LocalBusiness | LocationFeatureSpecification | Neighborhood | OpeningHoursSpecification | Organization | PostalAddress | Question | ReserveAction | Restaurant | SpeakableSpecification | TouristAttraction | WebPage | WebSite
morro-da-urca.html,FAIL,96,SXO,100,,1785,1,9,17,31,18,AdministrativeArea | AggregateRating | Answer | Article | BreadcrumbList | City | FAQPage | GeoCoordinates | ImageObject | Landform | ListItem | LocalBusiness | LocationFeatureSpecification | Neighborhood | OpeningHoursSpecification | Organization | PostalAddress | Question | ReserveAction | Restaurant | SpeakableSpecification | TouristAttraction | WebPage | WebSite
morro-da-urca.html,FAIL,96,Marketing,100,,1785,1,9,17,31,18,AdministrativeArea | AggregateRating | Answer | Article | BreadcrumbList | City | FAQPage | GeoCoordinates | ImageObject | Landform | ListItem | LocalBusiness | LocationFeatureSpecification | Neighborhood | OpeningHoursSpecification | Organization | PostalAddress | Question | ReserveAction | Restaurant | SpeakableSpecification | TouristAttraction | WebPage | WebSite
morro-da-urca.html,FAIL,96,R2D2,100,,1785,1,9,17,31,18,AdministrativeArea | AggregateRating | Answer | Article | BreadcrumbList | City | FAQPage | GeoCoordinates | ImageObject | Landform | ListItem | LocalBusiness | LocationFeatureSpecification | Neighborhood | OpeningHoursSpecification | Organization | PostalAddress | Question | ReserveAction | Restaurant | SpeakableSpecification | TouristAttraction | WebPage | WebSite
morro-da-urca.html,FAIL,96,Schema,100,,1785,1,9,17,31,18,AdministrativeArea | AggregateRating | Answer | Article | BreadcrumbList | City | FAQPage | GeoCoordinates | ImageObject | Landform | ListItem | LocalBusiness | LocationFeatureSpecification | Neighborhood | OpeningHoursSpecification | Organization | PostalAddress | Question | ReserveAction | Restaurant | SpeakableSpecification | TouristAttraction | WebPage | WebSite
morro-da-urca.html,FAIL,96,Performance,100,,1785,1,9,17,31,18,AdministrativeArea | AggregateRating | Answer | Article | BreadcrumbList | City | FAQPage | GeoCoordinates | ImageObject | Landform | ListItem | LocalBusiness | LocationFeatureSpecification | Neighborhood | OpeningHoursSpecification | Organization | PostalAddress | Question | ReserveAction | Restaurant | SpeakableSpecification | TouristAttraction | WebPage | WebSite
nossa-visao.html,FAIL,96,Design,84,Risco de texto creme em fundo claro. | Opacity baixa detectada; validar texto real. | Sem CSS global de estabilização/contraste.,559,1,3,14,12,4,AdministrativeArea | AggregateRating | Answer | BreadcrumbList | City | FAQPage | GeoCoordinates | ListItem | LocalBusiness | LocationFeatureSpecification | Neighborhood | OpeningHoursSpecification | PostalAddress | Question | ReserveAction | Restaurant | TouristAttraction | WebPage | WebSite
nossa-visao.html,FAIL,96,UX,100,,559,1,3,14,12,4,AdministrativeArea | AggregateRating | Answer | BreadcrumbList | City | FAQPage | GeoCoordinates | ListItem | LocalBusiness | LocationFeatureSpecification | Neighborhood | OpeningHoursSpecification | PostalAddress | Question | ReserveAction | Restaurant | TouristAttraction | WebPage | WebSite
nossa-visao.html,FAIL,96,Copydesk,100,,559,1,3,14,12,4,AdministrativeArea | AggregateRating | Answer | BreadcrumbList | City | FAQPage | GeoCoordinates | ListItem | LocalBusiness | LocationFeatureSpecification | Neighborhood | OpeningHoursSpecification | PostalAddress | Question | ReserveAction | Restaurant | TouristAttraction | WebPage | WebSite
nossa-visao.html,FAIL,96,SEO,72,Sem meta description. | Sem canonical.,559,1,3,14,12,4,AdministrativeArea | AggregateRating | Answer | BreadcrumbList | City | FAQPage | GeoCoordinates | ListItem | LocalBusiness | LocationFeatureSpecification | Neighborhood | OpeningHoursSpecification | PostalAddress | Question | ReserveAction | Restaurant | TouristAttraction | WebPage | WebSite
nossa-visao.html,FAIL,96,GEO,100,,559,1,3,14,12,4,AdministrativeArea | AggregateRating | Answer | BreadcrumbList | City | FAQPage | GeoCoordinates | ListItem | LocalBusiness | LocationFeatureSpecification | Neighborhood | OpeningHoursSpecification | PostalAddress | Question | ReserveAction | Restaurant | TouristAttraction | WebPage | WebSite
nossa-visao.html,FAIL,96,AEO,100,,559,1,3,14,12,4,AdministrativeArea | AggregateRating | Answer | BreadcrumbList | City | FAQPage | GeoCoordinates | ListItem | LocalBusiness | LocationFeatureSpecification | Neighborhood | OpeningHoursSpecification | PostalAddress | Question | ReserveAction | Restaurant | TouristAttraction | WebPage | WebSite
nossa-visao.html,FAIL,96,AIO,95,Sem VideoObject em página de experiência/produto.,559,1,3,14,12,4,AdministrativeArea | AggregateRating | Answer | BreadcrumbList | City | FAQPage | GeoCoordinates | ListItem | LocalBusiness | LocationFeatureSpecification | Neighborhood | OpeningHoursSpecification | PostalAddress | Question | ReserveAction | Restaurant | TouristAttraction | WebPage | WebSite
nossa-visao.html,FAIL,96,SXO,100,,559,1,3,14,12,4,AdministrativeArea | AggregateRating | Answer | BreadcrumbList | City | FAQPage | GeoCoordinates | ListItem | LocalBusiness | LocationFeatureSpecification | Neighborhood | OpeningHoursSpecification | PostalAddress | Question | ReserveAction | Restaurant | TouristAttraction | WebPage | WebSite
nossa-visao.html,FAIL,96,Marketing,100,,559,1,3,14,12,4,AdministrativeArea | AggregateRating | Answer | BreadcrumbList | City | FAQPage | GeoCoordinates | ListItem | LocalBusiness | LocationFeatureSpecification | Neighborhood | OpeningHoursSpecification | PostalAddress | Question | ReserveAction | Restaurant | TouristAttraction | WebPage | WebSite
nossa-visao.html,FAIL,96,R2D2,100,,559,1,3,14,12,4,AdministrativeArea | AggregateRating | Answer | BreadcrumbList | City | FAQPage | GeoCoordinates | ListItem | LocalBusiness | LocationFeatureSpecification | Neighborhood | OpeningHoursSpecification | PostalAddress | Question | ReserveAction | Restaurant | TouristAttraction | WebPage | WebSite
nossa-visao.html,FAIL,96,Schema,100,,559,1,3,14,12,4,AdministrativeArea | AggregateRating | Answer | BreadcrumbList | City | FAQPage | GeoCoordinates | ListItem | LocalBusiness | LocationFeatureSpecification | Neighborhood | OpeningHoursSpecification | PostalAddress | Question | ReserveAction | Restaurant | TouristAttraction | WebPage | WebSite
nossa-visao.html,FAIL,96,Performance,100,,559,1,3,14,12,4,AdministrativeArea | AggregateRating | Answer | BreadcrumbList | City | FAQPage | GeoCoordinates | ListItem | LocalBusiness | LocationFeatureSpecification | Neighborhood | OpeningHoursSpecification | PostalAddress | Question | ReserveAction | Restaurant | TouristAttraction | WebPage | WebSite
o-que-fazer-depois-do-bondinho-pao-de-acucar.html,FAIL,95,Design,84,Risco de texto creme em fundo claro. | Opacity baixa detectada; validar texto real. | Sem CSS global de estabilização/contraste.,881,1,6,17,19,12,AdministrativeArea | AggregateRating | Answer | Article | BreadcrumbList | City | FAQPage | GeoCoordinates | HowTo | HowToStep | ListItem | LocationFeatureSpecification | MonetaryAmount | Neighborhood | OpeningHoursSpecification | Organization | PostalAddress | Question | ReserveAction | Restaurant | SpeakableSpecification | TouristAttraction | WebPage | WebSite
o-que-fazer-depois-do-bondinho-pao-de-acucar.html,FAIL,95,UX,100,,881,1,6,17,19,12,AdministrativeArea | AggregateRating | Answer | Article | BreadcrumbList | City | FAQPage | GeoCoordinates | HowTo | HowToStep | ListItem | LocationFeatureSpecification | MonetaryAmount | Neighborhood | OpeningHoursSpecification | Organization | PostalAddress | Question | ReserveAction | Restaurant | SpeakableSpecification | TouristAttraction | WebPage | WebSite
o-que-fazer-depois-do-bondinho-pao-de-acucar.html,FAIL,95,Copydesk,100,,881,1,6,17,19,12,AdministrativeArea | AggregateRating | Answer | Article | BreadcrumbList | City | FAQPage | GeoCoordinates | HowTo | HowToStep | ListItem | LocationFeatureSpecification | MonetaryAmount | Neighborhood | OpeningHoursSpecification | Organization | PostalAddress | Question | ReserveAction | Restaurant | SpeakableSpecification | TouristAttraction | WebPage | WebSite
o-que-fazer-depois-do-bondinho-pao-de-acucar.html,FAIL,95,SEO,72,Sem meta description. | Sem canonical.,881,1,6,17,19,12,AdministrativeArea | AggregateRating | Answer | Article | BreadcrumbList | City | FAQPage | GeoCoordinates | HowTo | HowToStep | ListItem | LocationFeatureSpecification | MonetaryAmount | Neighborhood | OpeningHoursSpecification | Organization | PostalAddress | Question | ReserveAction | Restaurant | SpeakableSpecification | TouristAttraction | WebPage | WebSite
o-que-fazer-depois-do-bondinho-pao-de-acucar.html,FAIL,95,GEO,100,,881,1,6,17,19,12,AdministrativeArea | AggregateRating | Answer | Article | BreadcrumbList | City | FAQPage | GeoCoordinates | HowTo | HowToStep | ListItem | LocationFeatureSpecification | MonetaryAmount | Neighborhood | OpeningHoursSpecification | Organization | PostalAddress | Question | ReserveAction | Restaurant | SpeakableSpecification | TouristAttraction | WebPage | WebSite
o-que-fazer-depois-do-bondinho-pao-de-acucar.html,FAIL,95,AEO,100,,881,1,6,17,19,12,AdministrativeArea | AggregateRating | Answer | Article | BreadcrumbList | City | FAQPage | GeoCoordinates | HowTo | HowToStep | ListItem | LocationFeatureSpecification | MonetaryAmount | Neighborhood | OpeningHoursSpecification | Organization | PostalAddress | Question | ReserveAction | Restaurant | SpeakableSpecification | TouristAttraction | WebPage | WebSite
o-que-fazer-depois-do-bondinho-pao-de-acucar.html,FAIL,95,AIO,85,Sem cobertura literal das keywords prioritárias AIO. | Sem VideoObject em página de experiência/produto.,881,1,6,17,19,12,AdministrativeArea | AggregateRating | Answer | Article | BreadcrumbList | City | FAQPage | GeoCoordinates | HowTo | HowToStep | ListItem | LocationFeatureSpecification | MonetaryAmount | Neighborhood | OpeningHoursSpecification | Organization | PostalAddress | Question | ReserveAction | Restaurant | SpeakableSpecification | TouristAttraction | WebPage | WebSite
o-que-fazer-depois-do-bondinho-pao-de-acucar.html,FAIL,95,SXO,100,,881,1,6,17,19,12,AdministrativeArea | AggregateRating | Answer | Article | BreadcrumbList | City | FAQPage | GeoCoordinates | HowTo | HowToStep | ListItem | LocationFeatureSpecification | MonetaryAmount | Neighborhood | OpeningHoursSpecification | Organization | PostalAddress | Question | ReserveAction | Restaurant | SpeakableSpecification | TouristAttraction | WebPage | WebSite
o-que-fazer-depois-do-bondinho-pao-de-acucar.html,FAIL,95,Marketing,100,,881,1,6,17,19,12,AdministrativeArea | AggregateRating | Answer | Article | BreadcrumbList | City | FAQPage | GeoCoordinates | HowTo | HowToStep | ListItem | LocationFeatureSpecification | MonetaryAmount | Neighborhood | OpeningHoursSpecification | Organization | PostalAddress | Question | ReserveAction | Restaurant | SpeakableSpecification | TouristAttraction | WebPage | WebSite
o-que-fazer-depois-do-bondinho-pao-de-acucar.html,FAIL,95,R2D2,100,,881,1,6,17,19,12,AdministrativeArea | AggregateRating | Answer | Article | BreadcrumbList | City | FAQPage | GeoCoordinates | HowTo | HowToStep | ListItem | LocationFeatureSpecification | MonetaryAmount | Neighborhood | OpeningHoursSpecification | Organization | PostalAddress | Question | ReserveAction | Restaurant | SpeakableSpecification | TouristAttraction | WebPage | WebSite
o-que-fazer-depois-do-bondinho-pao-de-acucar.html,FAIL,95,Schema,100,,881,1,6,17,19,12,AdministrativeArea | AggregateRating | Answer | Article | BreadcrumbList | City | FAQPage | GeoCoordinates | HowTo | HowToStep | ListItem | LocationFeatureSpecification | MonetaryAmount | Neighborhood | OpeningHoursSpecification | Organization | PostalAddress | Question | ReserveAction | Restaurant | SpeakableSpecification | TouristAttraction | WebPage | WebSite
o-que-fazer-depois-do-bondinho-pao-de-acucar.html,FAIL,95,Performance,100,,881,1,6,17,19,12,AdministrativeArea | AggregateRating | Answer | Article | BreadcrumbList | City | FAQPage | GeoCoordinates | HowTo | HowToStep | ListItem | LocationFeatureSpecification | MonetaryAmount | Neighborhood | OpeningHoursSpecification | Organization | PostalAddress | Question | ReserveAction | Restaurant | SpeakableSpecification | TouristAttraction | WebPage | WebSite
offline.html,PASS,98,Design,90,Opacity baixa detectada; validar texto real. | Sem CSS global de estabilização/contraste.,31,1,0,1,1,1,AggregateRating | BreadcrumbList | GeoCoordinates | ListItem | LocationFeatureSpecification | OpeningHoursSpecification | PostalAddress | ReserveAction | Restaurant | WebSite
offline.html,PASS,98,UX,97,Sem skip-nav detectado.,31,1,0,1,1,1,AggregateRating | BreadcrumbList | GeoCoordinates | ListItem | LocationFeatureSpecification | OpeningHoursSpecification | PostalAddress | ReserveAction | Restaurant | WebSite
offline.html,PASS,98,Copydesk,100,,31,1,0,1,1,1,AggregateRating | BreadcrumbList | GeoCoordinates | ListItem | LocationFeatureSpecification | OpeningHoursSpecification | PostalAddress | ReserveAction | Restaurant | WebSite
offline.html,PASS,98,SEO,96,Sem hreflang.,31,1,0,1,1,1,AggregateRating | BreadcrumbList | GeoCoordinates | ListItem | LocationFeatureSpecification | OpeningHoursSpecification | PostalAddress | ReserveAction | Restaurant | WebSite
offline.html,PASS,98,GEO,100,,31,1,0,1,1,1,AggregateRating | BreadcrumbList | GeoCoordinates | ListItem | LocationFeatureSpecification | OpeningHoursSpecification | PostalAddress | ReserveAction | Restaurant | WebSite
offline.html,PASS,98,AEO,92,FAQ visual sem FAQPage JSON-LD.,31,1,0,1,1,1,AggregateRating | BreadcrumbList | GeoCoordinates | ListItem | LocationFeatureSpecification | OpeningHoursSpecification | PostalAddress | ReserveAction | Restaurant | WebSite
offline.html,PASS,98,AIO,100,,31,1,0,1,1,1,AggregateRating | BreadcrumbList | GeoCoordinates | ListItem | LocationFeatureSpecification | OpeningHoursSpecification | PostalAddress | ReserveAction | Restaurant | WebSite
offline.html,PASS,98,SXO,100,,31,1,0,1,1,1,AggregateRating | BreadcrumbList | GeoCoordinates | ListItem | LocationFeatureSpecification | OpeningHoursSpecification | PostalAddress | ReserveAction | Restaurant | WebSite
offline.html,PASS,98,Marketing,100,,31,1,0,1,1,1,AggregateRating | BreadcrumbList | GeoCoordinates | ListItem | LocationFeatureSpecification | OpeningHoursSpecification | PostalAddress | ReserveAction | Restaurant | WebSite
offline.html,PASS,98,R2D2,100,,31,1,0,1,1,1,AggregateRating | BreadcrumbList | GeoCoordinates | ListItem | LocationFeatureSpecification | OpeningHoursSpecification | PostalAddress | ReserveAction | Restaurant | WebSite
offline.html,PASS,98,Schema,100,,31,1,0,1,1,1,AggregateRating | BreadcrumbList | GeoCoordinates | ListItem | LocationFeatureSpecification | OpeningHoursSpecification | PostalAddress | ReserveAction | Restaurant | WebSite
offline.html,PASS,98,Performance,100,,31,1,0,1,1,1,AggregateRating | BreadcrumbList | GeoCoordinates | ListItem | LocationFeatureSpecification | OpeningHoursSpecification | PostalAddress | ReserveAction | Restaurant | WebSite
onde-comer-no-pao-de-acucar.html,FAIL,96,Design,84,Risco de texto creme em fundo claro. | Opacity baixa detectada; validar texto real. | Sem CSS global de estabilização/contraste.,999,1,10,14,22,11,AdministrativeArea | AggregateRating | Answer | BreadcrumbList | City | FAQPage | GeoCoordinates | ItemList | ListItem | LocationFeatureSpecification | Neighborhood | OpeningHoursSpecification | PostalAddress | Question | ReserveAction | Restaurant | SpeakableSpecification | TouristAttraction | WebPage | WebSite
onde-comer-no-pao-de-acucar.html,FAIL,96,UX,100,,999,1,10,14,22,11,AdministrativeArea | AggregateRating | Answer | BreadcrumbList | City | FAQPage | GeoCoordinates | ItemList | ListItem | LocationFeatureSpecification | Neighborhood | OpeningHoursSpecification | PostalAddress | Question | ReserveAction | Restaurant | SpeakableSpecification | TouristAttraction | WebPage | WebSite
onde-comer-no-pao-de-acucar.html,FAIL,96,Copydesk,100,,999,1,10,14,22,11,AdministrativeArea | AggregateRating | Answer | BreadcrumbList | City | FAQPage | GeoCoordinates | ItemList | ListItem | LocationFeatureSpecification | Neighborhood | OpeningHoursSpecification | PostalAddress | Question | ReserveAction | Restaurant | SpeakableSpecification | TouristAttraction | WebPage | WebSite
onde-comer-no-pao-de-acucar.html,FAIL,96,SEO,72,Sem meta description. | Sem canonical.,999,1,10,14,22,11,AdministrativeArea | AggregateRating | Answer | BreadcrumbList | City | FAQPage | GeoCoordinates | ItemList | ListItem | LocationFeatureSpecification | Neighborhood | OpeningHoursSpecification | PostalAddress | Question | ReserveAction | Restaurant | SpeakableSpecification | TouristAttraction | WebPage | WebSite
onde-comer-no-pao-de-acucar.html,FAIL,96,GEO,100,,999,1,10,14,22,11,AdministrativeArea | AggregateRating | Answer | BreadcrumbList | City | FAQPage | GeoCoordinates | ItemList | ListItem | LocationFeatureSpecification | Neighborhood | OpeningHoursSpecification | PostalAddress | Question | ReserveAction | Restaurant | SpeakableSpecification | TouristAttraction | WebPage | WebSite
onde-comer-no-pao-de-acucar.html,FAIL,96,AEO,100,,999,1,10,14,22,11,AdministrativeArea | AggregateRating | Answer | BreadcrumbList | City | FAQPage | GeoCoordinates | ItemList | ListItem | LocationFeatureSpecification | Neighborhood | OpeningHoursSpecification | PostalAddress | Question | ReserveAction | Restaurant | SpeakableSpecification | TouristAttraction | WebPage | WebSite
onde-comer-no-pao-de-acucar.html,FAIL,96,AIO,95,Sem VideoObject em página de experiência/produto.,999,1,10,14,22,11,AdministrativeArea | AggregateRating | Answer | BreadcrumbList | City | FAQPage | GeoCoordinates | ItemList | ListItem | LocationFeatureSpecification | Neighborhood | OpeningHoursSpecification | PostalAddress | Question | ReserveAction | Restaurant | SpeakableSpecification | TouristAttraction | WebPage | WebSite
onde-comer-no-pao-de-acucar.html,FAIL,96,SXO,100,,999,1,10,14,22,11,AdministrativeArea | AggregateRating | Answer | BreadcrumbList | City | FAQPage | GeoCoordinates | ItemList | ListItem | LocationFeatureSpecification | Neighborhood | OpeningHoursSpecification | PostalAddress | Question | ReserveAction | Restaurant | SpeakableSpecification | TouristAttraction | WebPage | WebSite
onde-comer-no-pao-de-acucar.html,FAIL,96,Marketing,100,,999,1,10,14,22,11,AdministrativeArea | AggregateRating | Answer | BreadcrumbList | City | FAQPage | GeoCoordinates | ItemList | ListItem | LocationFeatureSpecification | Neighborhood | OpeningHoursSpecification | PostalAddress | Question | ReserveAction | Restaurant | SpeakableSpecification | TouristAttraction | WebPage | WebSite
onde-comer-no-pao-de-acucar.html,FAIL,96,R2D2,100,,999,1,10,14,22,11,AdministrativeArea | AggregateRating | Answer | BreadcrumbList | City | FAQPage | GeoCoordinates | ItemList | ListItem | LocationFeatureSpecification | Neighborhood | OpeningHoursSpecification | PostalAddress | Question | ReserveAction | Restaurant | SpeakableSpecification | TouristAttraction | WebPage | WebSite
onde-comer-no-pao-de-acucar.html,FAIL,96,Schema,100,,999,1,10,14,22,11,AdministrativeArea | AggregateRating | Answer | BreadcrumbList | City | FAQPage | GeoCoordinates | ItemList | ListItem | LocationFeatureSpecification | Neighborhood | OpeningHoursSpecification | PostalAddress | Question | ReserveAction | Restaurant | SpeakableSpecification | TouristAttraction | WebPage | WebSite
onde-comer-no-pao-de-acucar.html,FAIL,96,Performance,100,,999,1,10,14,22,11,AdministrativeArea | AggregateRating | Answer | BreadcrumbList | City | FAQPage | GeoCoordinates | ItemList | ListItem | LocationFeatureSpecification | Neighborhood | OpeningHoursSpecification | PostalAddress | Question | ReserveAction | Restaurant | SpeakableSpecification | TouristAttraction | WebPage | WebSite
parque-bondinho-pao-de-acucar.html,FAIL,96,Design,84,Risco de texto creme em fundo claro. | Opacity baixa detectada; validar texto real. | Sem CSS global de estabilização/contraste.,953,1,7,14,17,9,AdministrativeArea | AggregateRating | Answer | BreadcrumbList | City | FAQPage | GeoCoordinates | ItemList | ListItem | LocationFeatureSpecification | Neighborhood | OpeningHoursSpecification | PostalAddress | Question | ReserveAction | Restaurant | SpeakableSpecification | TouristAttraction | WebPage | WebSite
parque-bondinho-pao-de-acucar.html,FAIL,96,UX,100,,953,1,7,14,17,9,AdministrativeArea | AggregateRating | Answer | BreadcrumbList | City | FAQPage | GeoCoordinates | ItemList | ListItem | LocationFeatureSpecification | Neighborhood | OpeningHoursSpecification | PostalAddress | Question | ReserveAction | Restaurant | SpeakableSpecification | TouristAttraction | WebPage | WebSite
parque-bondinho-pao-de-acucar.html,FAIL,96,Copydesk,100,,953,1,7,14,17,9,AdministrativeArea | AggregateRating | Answer | BreadcrumbList | City | FAQPage | GeoCoordinates | ItemList | ListItem | LocationFeatureSpecification | Neighborhood | OpeningHoursSpecification | PostalAddress | Question | ReserveAction | Restaurant | SpeakableSpecification | TouristAttraction | WebPage | WebSite
parque-bondinho-pao-de-acucar.html,FAIL,96,SEO,72,Sem meta description. | Sem canonical.,953,1,7,14,17,9,AdministrativeArea | AggregateRating | Answer | BreadcrumbList | City | FAQPage | GeoCoordinates | ItemList | ListItem | LocationFeatureSpecification | Neighborhood | OpeningHoursSpecification | PostalAddress | Question | ReserveAction | Restaurant | SpeakableSpecification | TouristAttraction | WebPage | WebSite
parque-bondinho-pao-de-acucar.html,FAIL,96,GEO,100,,953,1,7,14,17,9,AdministrativeArea | AggregateRating | Answer | BreadcrumbList | City | FAQPage | GeoCoordinates | ItemList | ListItem | LocationFeatureSpecification | Neighborhood | OpeningHoursSpecification | PostalAddress | Question | ReserveAction | Restaurant | SpeakableSpecification | TouristAttraction | WebPage | WebSite
parque-bondinho-pao-de-acucar.html,FAIL,96,AEO,100,,953,1,7,14,17,9,AdministrativeArea | AggregateRating | Answer | BreadcrumbList | City | FAQPage | GeoCoordinates | ItemList | ListItem | LocationFeatureSpecification | Neighborhood | OpeningHoursSpecification | PostalAddress | Question | ReserveAction | Restaurant | SpeakableSpecification | TouristAttraction | WebPage | WebSite
parque-bondinho-pao-de-acucar.html,FAIL,96,AIO,95,Sem VideoObject em página de experiência/produto.,953,1,7,14,17,9,AdministrativeArea | AggregateRating | Answer | BreadcrumbList | City | FAQPage | GeoCoordinates | ItemList | ListItem | LocationFeatureSpecification | Neighborhood | OpeningHoursSpecification | PostalAddress | Question | ReserveAction | Restaurant | SpeakableSpecification | TouristAttraction | WebPage | WebSite
parque-bondinho-pao-de-acucar.html,FAIL,96,SXO,100,,953,1,7,14,17,9,AdministrativeArea | AggregateRating | Answer | BreadcrumbList | City | FAQPage | GeoCoordinates | ItemList | ListItem | LocationFeatureSpecification | Neighborhood | OpeningHoursSpecification | PostalAddress | Question | ReserveAction | Restaurant | SpeakableSpecification | TouristAttraction | WebPage | WebSite
parque-bondinho-pao-de-acucar.html,FAIL,96,Marketing,100,,953,1,7,14,17,9,AdministrativeArea | AggregateRating | Answer | BreadcrumbList | City | FAQPage | GeoCoordinates | ItemList | ListItem | LocationFeatureSpecification | Neighborhood | OpeningHoursSpecification | PostalAddress | Question | ReserveAction | Restaurant | SpeakableSpecification | TouristAttraction | WebPage | WebSite
parque-bondinho-pao-de-acucar.html,FAIL,96,R2D2,100,,953,1,7,14,17,9,AdministrativeArea | AggregateRating | Answer | BreadcrumbList | City | FAQPage | GeoCoordinates | ItemList | ListItem | LocationFeatureSpecification | Neighborhood | OpeningHoursSpecification | PostalAddress | Question | ReserveAction | Restaurant | SpeakableSpecification | TouristAttraction | WebPage | WebSite
parque-bondinho-pao-de-acucar.html,FAIL,96,Schema,100,,953,1,7,14,17,9,AdministrativeArea | AggregateRating | Answer | BreadcrumbList | City | FAQPage | GeoCoordinates | ItemList | ListItem | LocationFeatureSpecification | Neighborhood | OpeningHoursSpecification | PostalAddress | Question | ReserveAction | Restaurant | SpeakableSpecification | TouristAttraction | WebPage | WebSite
parque-bondinho-pao-de-acucar.html,FAIL,96,Performance,100,,953,1,7,14,17,9,AdministrativeArea | AggregateRating | Answer | BreadcrumbList | City | FAQPage | GeoCoordinates | ItemList | ListItem | LocationFeatureSpecification | Neighborhood | OpeningHoursSpecification | PostalAddress | Question | ReserveAction | Restaurant | SpeakableSpecification | TouristAttraction | WebPage | WebSite
parque-bondinho.html,FAIL,94,Design,84,Risco de texto creme em fundo claro. | Opacity baixa detectada; validar texto real. | Sem CSS global de estabilização/contraste.,1668,1,8,17,30,20,AdministrativeArea | AggregateRating | Answer | Article | BreadcrumbList | City | FAQPage | GeoCoordinates | ListItem | LocalBusiness | LocationFeatureSpecification | Neighborhood | OpeningHoursSpecification | Organization | PostalAddress | Question | ReserveAction | Restaurant | SpeakableSpecification | TouristAttraction | TouristDestination | WebPage | WebSite
parque-bondinho.html,FAIL,94,UX,100,,1668,1,8,17,30,20,AdministrativeArea | AggregateRating | Answer | Article | BreadcrumbList | City | FAQPage | GeoCoordinates | ListItem | LocalBusiness | LocationFeatureSpecification | Neighborhood | OpeningHoursSpecification | Organization | PostalAddress | Question | ReserveAction | Restaurant | SpeakableSpecification | TouristAttraction | TouristDestination | WebPage | WebSite
parque-bondinho.html,FAIL,94,Copydesk,100,,1668,1,8,17,30,20,AdministrativeArea | AggregateRating | Answer | Article | BreadcrumbList | City | FAQPage | GeoCoordinates | ListItem | LocalBusiness | LocationFeatureSpecification | Neighborhood | OpeningHoursSpecification | Organization | PostalAddress | Question | ReserveAction | Restaurant | SpeakableSpecification | TouristAttraction | TouristDestination | WebPage | WebSite
parque-bondinho.html,FAIL,94,SEO,54,Sem title. | Sem meta description. | Sem canonical.,1668,1,8,17,30,20,AdministrativeArea | AggregateRating | Answer | Article | BreadcrumbList | City | FAQPage | GeoCoordinates | ListItem | LocalBusiness | LocationFeatureSpecification | Neighborhood | OpeningHoursSpecification | Organization | PostalAddress | Question | ReserveAction | Restaurant | SpeakableSpecification | TouristAttraction | TouristDestination | WebPage | WebSite
parque-bondinho.html,FAIL,94,GEO,100,,1668,1,8,17,30,20,AdministrativeArea | AggregateRating | Answer | Article | BreadcrumbList | City | FAQPage | GeoCoordinates | ListItem | LocalBusiness | LocationFeatureSpecification | Neighborhood | OpeningHoursSpecification | Organization | PostalAddress | Question | ReserveAction | Restaurant | SpeakableSpecification | TouristAttraction | TouristDestination | WebPage | WebSite
parque-bondinho.html,FAIL,94,AEO,100,,1668,1,8,17,30,20,AdministrativeArea | AggregateRating | Answer | Article | BreadcrumbList | City | FAQPage | GeoCoordinates | ListItem | LocalBusiness | LocationFeatureSpecification | Neighborhood | OpeningHoursSpecification | Organization | PostalAddress | Question | ReserveAction | Restaurant | SpeakableSpecification | TouristAttraction | TouristDestination | WebPage | WebSite
parque-bondinho.html,FAIL,94,AIO,95,Sem VideoObject em página de experiência/produto.,1668,1,8,17,30,20,AdministrativeArea | AggregateRating | Answer | Article | BreadcrumbList | City | FAQPage | GeoCoordinates | ListItem | LocalBusiness | LocationFeatureSpecification | Neighborhood | OpeningHoursSpecification | Organization | PostalAddress | Question | ReserveAction | Restaurant | SpeakableSpecification | TouristAttraction | TouristDestination | WebPage | WebSite
parque-bondinho.html,FAIL,94,SXO,100,,1668,1,8,17,30,20,AdministrativeArea | AggregateRating | Answer | Article | BreadcrumbList | City | FAQPage | GeoCoordinates | ListItem | LocalBusiness | LocationFeatureSpecification | Neighborhood | OpeningHoursSpecification | Organization | PostalAddress | Question | ReserveAction | Restaurant | SpeakableSpecification | TouristAttraction | TouristDestination | WebPage | WebSite
parque-bondinho.html,FAIL,94,Marketing,100,,1668,1,8,17,30,20,AdministrativeArea | AggregateRating | Answer | Article | BreadcrumbList | City | FAQPage | GeoCoordinates | ListItem | LocalBusiness | LocationFeatureSpecification | Neighborhood | OpeningHoursSpecification | Organization | PostalAddress | Question | ReserveAction | Restaurant | SpeakableSpecification | TouristAttraction | TouristDestination | WebPage | WebSite
parque-bondinho.html,FAIL,94,R2D2,100,,1668,1,8,17,30,20,AdministrativeArea | AggregateRating | Answer | Article | BreadcrumbList | City | FAQPage | GeoCoordinates | ListItem | LocalBusiness | LocationFeatureSpecification | Neighborhood | OpeningHoursSpecification | Organization | PostalAddress | Question | ReserveAction | Restaurant | SpeakableSpecification | TouristAttraction | TouristDestination | WebPage | WebSite
parque-bondinho.html,FAIL,94,Schema,100,,1668,1,8,17,30,20,AdministrativeArea | AggregateRating | Answer | Article | BreadcrumbList | City | FAQPage | GeoCoordinates | ListItem | LocalBusiness | LocationFeatureSpecification | Neighborhood | OpeningHoursSpecification | Organization | PostalAddress | Question | ReserveAction | Restaurant | SpeakableSpecification | TouristAttraction | TouristDestination | WebPage | WebSite
parque-bondinho.html,FAIL,94,Performance,100,,1668,1,8,17,30,20,AdministrativeArea | AggregateRating | Answer | Article | BreadcrumbList | City | FAQPage | GeoCoordinates | ListItem | LocalBusiness | LocationFeatureSpecification | Neighborhood | OpeningHoursSpecification | Organization | PostalAddress | Question | ReserveAction | Restaurant | SpeakableSpecification | TouristAttraction | TouristDestination | WebPage | WebSite
por-do-sol-morro-da-urca.html,FAIL,95,Design,84,Risco de texto creme em fundo claro. | Opacity baixa detectada; validar texto real. | Sem CSS global de estabilização/contraste.,654,1,7,14,13,7,AdministrativeArea | AggregateRating | Answer | BreadcrumbList | City | FAQPage | GeoCoordinates | ListItem | LocationFeatureSpecification | MusicEvent | Neighborhood | Offer | OpeningHoursSpecification | Organization | Place | PostalAddress | Question | ReserveAction | Restaurant | Schedule | TouristAttraction | WebPage | WebSite
por-do-sol-morro-da-urca.html,FAIL,95,UX,100,,654,1,7,14,13,7,AdministrativeArea | AggregateRating | Answer | BreadcrumbList | City | FAQPage | GeoCoordinates | ListItem | LocationFeatureSpecification | MusicEvent | Neighborhood | Offer | OpeningHoursSpecification | Organization | Place | PostalAddress | Question | ReserveAction | Restaurant | Schedule | TouristAttraction | WebPage | WebSite
por-do-sol-morro-da-urca.html,FAIL,95,Copydesk,100,,654,1,7,14,13,7,AdministrativeArea | AggregateRating | Answer | BreadcrumbList | City | FAQPage | GeoCoordinates | ListItem | LocationFeatureSpecification | MusicEvent | Neighborhood | Offer | OpeningHoursSpecification | Organization | Place | PostalAddress | Question | ReserveAction | Restaurant | Schedule | TouristAttraction | WebPage | WebSite
por-do-sol-morro-da-urca.html,FAIL,95,SEO,72,Sem meta description. | Sem canonical.,654,1,7,14,13,7,AdministrativeArea | AggregateRating | Answer | BreadcrumbList | City | FAQPage | GeoCoordinates | ListItem | LocationFeatureSpecification | MusicEvent | Neighborhood | Offer | OpeningHoursSpecification | Organization | Place | PostalAddress | Question | ReserveAction | Restaurant | Schedule | TouristAttraction | WebPage | WebSite
por-do-sol-morro-da-urca.html,FAIL,95,GEO,100,,654,1,7,14,13,7,AdministrativeArea | AggregateRating | Answer | BreadcrumbList | City | FAQPage | GeoCoordinates | ListItem | LocationFeatureSpecification | MusicEvent | Neighborhood | Offer | OpeningHoursSpecification | Organization | Place | PostalAddress | Question | ReserveAction | Restaurant | Schedule | TouristAttraction | WebPage | WebSite
por-do-sol-morro-da-urca.html,FAIL,95,AEO,100,,654,1,7,14,13,7,AdministrativeArea | AggregateRating | Answer | BreadcrumbList | City | FAQPage | GeoCoordinates | ListItem | LocationFeatureSpecification | MusicEvent | Neighborhood | Offer | OpeningHoursSpecification | Organization | Place | PostalAddress | Question | ReserveAction | Restaurant | Schedule | TouristAttraction | WebPage | WebSite
por-do-sol-morro-da-urca.html,FAIL,95,AIO,85,Sem cobertura literal das keywords prioritárias AIO. | Sem VideoObject em página de experiência/produto.,654,1,7,14,13,7,AdministrativeArea | AggregateRating | Answer | BreadcrumbList | City | FAQPage | GeoCoordinates | ListItem | LocationFeatureSpecification | MusicEvent | Neighborhood | Offer | OpeningHoursSpecification | Organization | Place | PostalAddress | Question | ReserveAction | Restaurant | Schedule | TouristAttraction | WebPage | WebSite
por-do-sol-morro-da-urca.html,FAIL,95,SXO,100,,654,1,7,14,13,7,AdministrativeArea | AggregateRating | Answer | BreadcrumbList | City | FAQPage | GeoCoordinates | ListItem | LocationFeatureSpecification | MusicEvent | Neighborhood | Offer | OpeningHoursSpecification | Organization | Place | PostalAddress | Question | ReserveAction | Restaurant | Schedule | TouristAttraction | WebPage | WebSite
por-do-sol-morro-da-urca.html,FAIL,95,Marketing,100,,654,1,7,14,13,7,AdministrativeArea | AggregateRating | Answer | BreadcrumbList | City | FAQPage | GeoCoordinates | ListItem | LocationFeatureSpecification | MusicEvent | Neighborhood | Offer | OpeningHoursSpecification | Organization | Place | PostalAddress | Question | ReserveAction | Restaurant | Schedule | TouristAttraction | WebPage | WebSite
por-do-sol-morro-da-urca.html,FAIL,95,R2D2,100,,654,1,7,14,13,7,AdministrativeArea | AggregateRating | Answer | BreadcrumbList | City | FAQPage | GeoCoordinates | ListItem | LocationFeatureSpecification | MusicEvent | Neighborhood | Offer | OpeningHoursSpecification | Organization | Place | PostalAddress | Question | ReserveAction | Restaurant | Schedule | TouristAttraction | WebPage | WebSite
por-do-sol-morro-da-urca.html,FAIL,95,Schema,100,,654,1,7,14,13,7,AdministrativeArea | AggregateRating | Answer | BreadcrumbList | City | FAQPage | GeoCoordinates | ListItem | LocationFeatureSpecification | MusicEvent | Neighborhood | Offer | OpeningHoursSpecification | Organization | Place | PostalAddress | Question | ReserveAction | Restaurant | Schedule | TouristAttraction | WebPage | WebSite
por-do-sol-morro-da-urca.html,FAIL,95,Performance,100,,654,1,7,14,13,7,AdministrativeArea | AggregateRating | Answer | BreadcrumbList | City | FAQPage | GeoCoordinates | ListItem | LocationFeatureSpecification | MusicEvent | Neighborhood | Offer | OpeningHoursSpecification | Organization | Place | PostalAddress | Question | ReserveAction | Restaurant | Schedule | TouristAttraction | WebPage | WebSite
restaurante-bondinho-pao-de-acucar.html,FAIL,96,Design,84,Risco de texto creme em fundo claro. | Opacity baixa detectada; validar texto real. | Sem CSS global de estabilização/contraste.,765,1,8,14,19,9,AdministrativeArea | AggregateRating | Answer | BreadcrumbList | City | FAQPage | GeoCoordinates | ItemList | ListItem | LocationFeatureSpecification | Neighborhood | OpeningHoursSpecification | PostalAddress | Question | ReserveAction | Restaurant | SpeakableSpecification | TouristAttraction | WebPage | WebSite
restaurante-bondinho-pao-de-acucar.html,FAIL,96,UX,100,,765,1,8,14,19,9,AdministrativeArea | AggregateRating | Answer | BreadcrumbList | City | FAQPage | GeoCoordinates | ItemList | ListItem | LocationFeatureSpecification | Neighborhood | OpeningHoursSpecification | PostalAddress | Question | ReserveAction | Restaurant | SpeakableSpecification | TouristAttraction | WebPage | WebSite
restaurante-bondinho-pao-de-acucar.html,FAIL,96,Copydesk,100,,765,1,8,14,19,9,AdministrativeArea | AggregateRating | Answer | BreadcrumbList | City | FAQPage | GeoCoordinates | ItemList | ListItem | LocationFeatureSpecification | Neighborhood | OpeningHoursSpecification | PostalAddress | Question | ReserveAction | Restaurant | SpeakableSpecification | TouristAttraction | WebPage | WebSite
restaurante-bondinho-pao-de-acucar.html,FAIL,96,SEO,72,Sem meta description. | Sem canonical.,765,1,8,14,19,9,AdministrativeArea | AggregateRating | Answer | BreadcrumbList | City | FAQPage | GeoCoordinates | ItemList | ListItem | LocationFeatureSpecification | Neighborhood | OpeningHoursSpecification | PostalAddress | Question | ReserveAction | Restaurant | SpeakableSpecification | TouristAttraction | WebPage | WebSite
restaurante-bondinho-pao-de-acucar.html,FAIL,96,GEO,100,,765,1,8,14,19,9,AdministrativeArea | AggregateRating | Answer | BreadcrumbList | City | FAQPage | GeoCoordinates | ItemList | ListItem | LocationFeatureSpecification | Neighborhood | OpeningHoursSpecification | PostalAddress | Question | ReserveAction | Restaurant | SpeakableSpecification | TouristAttraction | WebPage | WebSite
restaurante-bondinho-pao-de-acucar.html,FAIL,96,AEO,100,,765,1,8,14,19,9,AdministrativeArea | AggregateRating | Answer | BreadcrumbList | City | FAQPage | GeoCoordinates | ItemList | ListItem | LocationFeatureSpecification | Neighborhood | OpeningHoursSpecification | PostalAddress | Question | ReserveAction | Restaurant | SpeakableSpecification | TouristAttraction | WebPage | WebSite
restaurante-bondinho-pao-de-acucar.html,FAIL,96,AIO,95,Sem VideoObject em página de experiência/produto.,765,1,8,14,19,9,AdministrativeArea | AggregateRating | Answer | BreadcrumbList | City | FAQPage | GeoCoordinates | ItemList | ListItem | LocationFeatureSpecification | Neighborhood | OpeningHoursSpecification | PostalAddress | Question | ReserveAction | Restaurant | SpeakableSpecification | TouristAttraction | WebPage | WebSite
restaurante-bondinho-pao-de-acucar.html,FAIL,96,SXO,100,,765,1,8,14,19,9,AdministrativeArea | AggregateRating | Answer | BreadcrumbList | City | FAQPage | GeoCoordinates | ItemList | ListItem | LocationFeatureSpecification | Neighborhood | OpeningHoursSpecification | PostalAddress | Question | ReserveAction | Restaurant | SpeakableSpecification | TouristAttraction | WebPage | WebSite
restaurante-bondinho-pao-de-acucar.html,FAIL,96,Marketing,100,,765,1,8,14,19,9,AdministrativeArea | AggregateRating | Answer | BreadcrumbList | City | FAQPage | GeoCoordinates | ItemList | ListItem | LocationFeatureSpecification | Neighborhood | OpeningHoursSpecification | PostalAddress | Question | ReserveAction | Restaurant | SpeakableSpecification | TouristAttraction | WebPage | WebSite
restaurante-bondinho-pao-de-acucar.html,FAIL,96,R2D2,100,,765,1,8,14,19,9,AdministrativeArea | AggregateRating | Answer | BreadcrumbList | City | FAQPage | GeoCoordinates | ItemList | ListItem | LocationFeatureSpecification | Neighborhood | OpeningHoursSpecification | PostalAddress | Question | ReserveAction | Restaurant | SpeakableSpecification | TouristAttraction | WebPage | WebSite
restaurante-bondinho-pao-de-acucar.html,FAIL,96,Schema,100,,765,1,8,14,19,9,AdministrativeArea | AggregateRating | Answer | BreadcrumbList | City | FAQPage | GeoCoordinates | ItemList | ListItem | LocationFeatureSpecification | Neighborhood | OpeningHoursSpecification | PostalAddress | Question | ReserveAction | Restaurant | SpeakableSpecification | TouristAttraction | WebPage | WebSite
restaurante-bondinho-pao-de-acucar.html,FAIL,96,Performance,100,,765,1,8,14,19,9,AdministrativeArea | AggregateRating | Answer | BreadcrumbList | City | FAQPage | GeoCoordinates | ItemList | ListItem | LocationFeatureSpecification | Neighborhood | OpeningHoursSpecification | PostalAddress | Question | ReserveAction | Restaurant | SpeakableSpecification | TouristAttraction | WebPage | WebSite
restaurante-morro-da-urca.html,FAIL,96,Design,84,Risco de texto creme em fundo claro. | Opacity baixa detectada; validar texto real. | Sem CSS global de estabilização/contraste.,1217,1,12,14,25,11,AdministrativeArea | AggregateRating | Answer | BreadcrumbList | City | FAQPage | GeoCoordinates | ItemList | ListItem | LocationFeatureSpecification | Neighborhood | OpeningHoursSpecification | PostalAddress | Question | ReserveAction | Restaurant | SpeakableSpecification | TouristAttraction | WebPage | WebSite
restaurante-morro-da-urca.html,FAIL,96,UX,100,,1217,1,12,14,25,11,AdministrativeArea | AggregateRating | Answer | BreadcrumbList | City | FAQPage | GeoCoordinates | ItemList | ListItem | LocationFeatureSpecification | Neighborhood | OpeningHoursSpecification | PostalAddress | Question | ReserveAction | Restaurant | SpeakableSpecification | TouristAttraction | WebPage | WebSite
restaurante-morro-da-urca.html,FAIL,96,Copydesk,100,,1217,1,12,14,25,11,AdministrativeArea | AggregateRating | Answer | BreadcrumbList | City | FAQPage | GeoCoordinates | ItemList | ListItem | LocationFeatureSpecification | Neighborhood | OpeningHoursSpecification | PostalAddress | Question | ReserveAction | Restaurant | SpeakableSpecification | TouristAttraction | WebPage | WebSite
restaurante-morro-da-urca.html,FAIL,96,SEO,72,Sem meta description. | Sem canonical.,1217,1,12,14,25,11,AdministrativeArea | AggregateRating | Answer | BreadcrumbList | City | FAQPage | GeoCoordinates | ItemList | ListItem | LocationFeatureSpecification | Neighborhood | OpeningHoursSpecification | PostalAddress | Question | ReserveAction | Restaurant | SpeakableSpecification | TouristAttraction | WebPage | WebSite
restaurante-morro-da-urca.html,FAIL,96,GEO,100,,1217,1,12,14,25,11,AdministrativeArea | AggregateRating | Answer | BreadcrumbList | City | FAQPage | GeoCoordinates | ItemList | ListItem | LocationFeatureSpecification | Neighborhood | OpeningHoursSpecification | PostalAddress | Question | ReserveAction | Restaurant | SpeakableSpecification | TouristAttraction | WebPage | WebSite
restaurante-morro-da-urca.html,FAIL,96,AEO,100,,1217,1,12,14,25,11,AdministrativeArea | AggregateRating | Answer | BreadcrumbList | City | FAQPage | GeoCoordinates | ItemList | ListItem | LocationFeatureSpecification | Neighborhood | OpeningHoursSpecification | PostalAddress | Question | ReserveAction | Restaurant | SpeakableSpecification | TouristAttraction | WebPage | WebSite
restaurante-morro-da-urca.html,FAIL,96,AIO,95,Sem VideoObject em página de experiência/produto.,1217,1,12,14,25,11,AdministrativeArea | AggregateRating | Answer | BreadcrumbList | City | FAQPage | GeoCoordinates | ItemList | ListItem | LocationFeatureSpecification | Neighborhood | OpeningHoursSpecification | PostalAddress | Question | ReserveAction | Restaurant | SpeakableSpecification | TouristAttraction | WebPage | WebSite
restaurante-morro-da-urca.html,FAIL,96,SXO,100,,1217,1,12,14,25,11,AdministrativeArea | AggregateRating | Answer | BreadcrumbList | City | FAQPage | GeoCoordinates | ItemList | ListItem | LocationFeatureSpecification | Neighborhood | OpeningHoursSpecification | PostalAddress | Question | ReserveAction | Restaurant | SpeakableSpecification | TouristAttraction | WebPage | WebSite
restaurante-morro-da-urca.html,FAIL,96,Marketing,100,,1217,1,12,14,25,11,AdministrativeArea | AggregateRating | Answer | BreadcrumbList | City | FAQPage | GeoCoordinates | ItemList | ListItem | LocationFeatureSpecification | Neighborhood | OpeningHoursSpecification | PostalAddress | Question | ReserveAction | Restaurant | SpeakableSpecification | TouristAttraction | WebPage | WebSite
restaurante-morro-da-urca.html,FAIL,96,R2D2,100,,1217,1,12,14,25,11,AdministrativeArea | AggregateRating | Answer | BreadcrumbList | City | FAQPage | GeoCoordinates | ItemList | ListItem | LocationFeatureSpecification | Neighborhood | OpeningHoursSpecification | PostalAddress | Question | ReserveAction | Restaurant | SpeakableSpecification | TouristAttraction | WebPage | WebSite
restaurante-morro-da-urca.html,FAIL,96,Schema,100,,1217,1,12,14,25,11,AdministrativeArea | AggregateRating | Answer | BreadcrumbList | City | FAQPage | GeoCoordinates | ItemList | ListItem | LocationFeatureSpecification | Neighborhood | OpeningHoursSpecification | PostalAddress | Question | ReserveAction | Restaurant | SpeakableSpecification | TouristAttraction | WebPage | WebSite
restaurante-morro-da-urca.html,FAIL,96,Performance,100,,1217,1,12,14,25,11,AdministrativeArea | AggregateRating | Answer | BreadcrumbList | City | FAQPage | GeoCoordinates | ItemList | ListItem | LocationFeatureSpecification | Neighborhood | OpeningHoursSpecification | PostalAddress | Question | ReserveAction | Restaurant | SpeakableSpecification | TouristAttraction | WebPage | WebSite
restaurantes-perto-do-pao-de-acucar.html,FAIL,96,Design,84,Risco de texto creme em fundo claro. | Opacity baixa detectada; validar texto real. | Sem CSS global de estabilização/contraste.,698,1,7,14,19,8,AdministrativeArea | AggregateRating | Answer | BreadcrumbList | City | FAQPage | GeoCoordinates | ItemList | ListItem | LocationFeatureSpecification | Neighborhood | OpeningHoursSpecification | PostalAddress | Question | ReserveAction | Restaurant | SpeakableSpecification | TouristAttraction | WebPage | WebSite
restaurantes-perto-do-pao-de-acucar.html,FAIL,96,UX,100,,698,1,7,14,19,8,AdministrativeArea | AggregateRating | Answer | BreadcrumbList | City | FAQPage | GeoCoordinates | ItemList | ListItem | LocationFeatureSpecification | Neighborhood | OpeningHoursSpecification | PostalAddress | Question | ReserveAction | Restaurant | SpeakableSpecification | TouristAttraction | WebPage | WebSite
restaurantes-perto-do-pao-de-acucar.html,FAIL,96,Copydesk,100,,698,1,7,14,19,8,AdministrativeArea | AggregateRating | Answer | BreadcrumbList | City | FAQPage | GeoCoordinates | ItemList | ListItem | LocationFeatureSpecification | Neighborhood | OpeningHoursSpecification | PostalAddress | Question | ReserveAction | Restaurant | SpeakableSpecification | TouristAttraction | WebPage | WebSite
restaurantes-perto-do-pao-de-acucar.html,FAIL,96,SEO,72,Sem meta description. | Sem canonical.,698,1,7,14,19,8,AdministrativeArea | AggregateRating | Answer | BreadcrumbList | City | FAQPage | GeoCoordinates | ItemList | ListItem | LocationFeatureSpecification | Neighborhood | OpeningHoursSpecification | PostalAddress | Question | ReserveAction | Restaurant | SpeakableSpecification | TouristAttraction | WebPage | WebSite
restaurantes-perto-do-pao-de-acucar.html,FAIL,96,GEO,100,,698,1,7,14,19,8,AdministrativeArea | AggregateRating | Answer | BreadcrumbList | City | FAQPage | GeoCoordinates | ItemList | ListItem | LocationFeatureSpecification | Neighborhood | OpeningHoursSpecification | PostalAddress | Question | ReserveAction | Restaurant | SpeakableSpecification | TouristAttraction | WebPage | WebSite
restaurantes-perto-do-pao-de-acucar.html,FAIL,96,AEO,100,,698,1,7,14,19,8,AdministrativeArea | AggregateRating | Answer | BreadcrumbList | City | FAQPage | GeoCoordinates | ItemList | ListItem | LocationFeatureSpecification | Neighborhood | OpeningHoursSpecification | PostalAddress | Question | ReserveAction | Restaurant | SpeakableSpecification | TouristAttraction | WebPage | WebSite
restaurantes-perto-do-pao-de-acucar.html,FAIL,96,AIO,95,Sem VideoObject em página de experiência/produto.,698,1,7,14,19,8,AdministrativeArea | AggregateRating | Answer | BreadcrumbList | City | FAQPage | GeoCoordinates | ItemList | ListItem | LocationFeatureSpecification | Neighborhood | OpeningHoursSpecification | PostalAddress | Question | ReserveAction | Restaurant | SpeakableSpecification | TouristAttraction | WebPage | WebSite
restaurantes-perto-do-pao-de-acucar.html,FAIL,96,SXO,100,,698,1,7,14,19,8,AdministrativeArea | AggregateRating | Answer | BreadcrumbList | City | FAQPage | GeoCoordinates | ItemList | ListItem | LocationFeatureSpecification | Neighborhood | OpeningHoursSpecification | PostalAddress | Question | ReserveAction | Restaurant | SpeakableSpecification | TouristAttraction | WebPage | WebSite
restaurantes-perto-do-pao-de-acucar.html,FAIL,96,Marketing,100,,698,1,7,14,19,8,AdministrativeArea | AggregateRating | Answer | BreadcrumbList | City | FAQPage | GeoCoordinates | ItemList | ListItem | LocationFeatureSpecification | Neighborhood | OpeningHoursSpecification | PostalAddress | Question | ReserveAction | Restaurant | SpeakableSpecification | TouristAttraction | WebPage | WebSite
restaurantes-perto-do-pao-de-acucar.html,FAIL,96,R2D2,100,,698,1,7,14,19,8,AdministrativeArea | AggregateRating | Answer | BreadcrumbList | City | FAQPage | GeoCoordinates | ItemList | ListItem | LocationFeatureSpecification | Neighborhood | OpeningHoursSpecification | PostalAddress | Question | ReserveAction | Restaurant | SpeakableSpecification | TouristAttraction | WebPage | WebSite
restaurantes-perto-do-pao-de-acucar.html,FAIL,96,Schema,100,,698,1,7,14,19,8,AdministrativeArea | AggregateRating | Answer | BreadcrumbList | City | FAQPage | GeoCoordinates | ItemList | ListItem | LocationFeatureSpecification | Neighborhood | OpeningHoursSpecification | PostalAddress | Question | ReserveAction | Restaurant | SpeakableSpecification | TouristAttraction | WebPage | WebSite
restaurantes-perto-do-pao-de-acucar.html,FAIL,96,Performance,100,,698,1,7,14,19,8,AdministrativeArea | AggregateRating | Answer | BreadcrumbList | City | FAQPage | GeoCoordinates | ItemList | ListItem | LocationFeatureSpecification | Neighborhood | OpeningHoursSpecification | PostalAddress | Question | ReserveAction | Restaurant | SpeakableSpecification | TouristAttraction | WebPage | WebSite
restaurantes-romanticos-rio-de-janeiro.html,FAIL,92,Design,90,Risco de texto creme em fundo claro. | Opacity baixa detectada; validar texto real.,390,1,3,3,17,10,AdministrativeArea | Answer | BreadcrumbList | City | FAQPage | GeoCoordinates | ListItem | Neighborhood | OpeningHoursSpecification | PostalAddress | Question | ReserveAction | Restaurant | TouristAttraction | WebPage | WebSite
restaurantes-romanticos-rio-de-janeiro.html,FAIL,92,UX,100,,390,1,3,3,17,10,AdministrativeArea | Answer | BreadcrumbList | City | FAQPage | GeoCoordinates | ListItem | Neighborhood | OpeningHoursSpecification | PostalAddress | Question | ReserveAction | Restaurant | TouristAttraction | WebPage | WebSite
restaurantes-romanticos-rio-de-janeiro.html,FAIL,92,Copydesk,88,Conteúdo curto: 390 palavras.,390,1,3,3,17,10,AdministrativeArea | Answer | BreadcrumbList | City | FAQPage | GeoCoordinates | ListItem | Neighborhood | OpeningHoursSpecification | PostalAddress | Question | ReserveAction | Restaurant | TouristAttraction | WebPage | WebSite
restaurantes-romanticos-rio-de-janeiro.html,FAIL,92,SEO,72,Sem meta description. | Sem canonical.,390,1,3,3,17,10,AdministrativeArea | Answer | BreadcrumbList | City | FAQPage | GeoCoordinates | ListItem | Neighborhood | OpeningHoursSpecification | PostalAddress | Question | ReserveAction | Restaurant | TouristAttraction | WebPage | WebSite
restaurantes-romanticos-rio-de-janeiro.html,FAIL,92,GEO,100,,390,1,3,3,17,10,AdministrativeArea | Answer | BreadcrumbList | City | FAQPage | GeoCoordinates | ListItem | Neighborhood | OpeningHoursSpecification | PostalAddress | Question | ReserveAction | Restaurant | TouristAttraction | WebPage | WebSite
restaurantes-romanticos-rio-de-janeiro.html,FAIL,92,AEO,86,FAQ baixo para AEO: 3.,390,1,3,3,17,10,AdministrativeArea | Answer | BreadcrumbList | City | FAQPage | GeoCoordinates | ListItem | Neighborhood | OpeningHoursSpecification | PostalAddress | Question | ReserveAction | Restaurant | TouristAttraction | WebPage | WebSite
restaurantes-romanticos-rio-de-janeiro.html,FAIL,92,AIO,72,Sem cobertura literal das keywords prioritárias AIO. | Poucas FAQs para IA. | Sem VideoObject em página de experiência/produto. | Schema sem @graph.,390,1,3,3,17,10,AdministrativeArea | Answer | BreadcrumbList | City | FAQPage | GeoCoordinates | ListItem | Neighborhood | OpeningHoursSpecification | PostalAddress | Question | ReserveAction | Restaurant | TouristAttraction | WebPage | WebSite
restaurantes-romanticos-rio-de-janeiro.html,FAIL,92,SXO,100,,390,1,3,3,17,10,AdministrativeArea | Answer | BreadcrumbList | City | FAQPage | GeoCoordinates | ListItem | Neighborhood | OpeningHoursSpecification | PostalAddress | Question | ReserveAction | Restaurant | TouristAttraction | WebPage | WebSite
restaurantes-romanticos-rio-de-janeiro.html,FAIL,92,Marketing,100,,390,1,3,3,17,10,AdministrativeArea | Answer | BreadcrumbList | City | FAQPage | GeoCoordinates | ListItem | Neighborhood | OpeningHoursSpecification | PostalAddress | Question | ReserveAction | Restaurant | TouristAttraction | WebPage | WebSite
restaurantes-romanticos-rio-de-janeiro.html,FAIL,92,R2D2,100,,390,1,3,3,17,10,AdministrativeArea | Answer | BreadcrumbList | City | FAQPage | GeoCoordinates | ListItem | Neighborhood | OpeningHoursSpecification | PostalAddress | Question | ReserveAction | Restaurant | TouristAttraction | WebPage | WebSite
restaurantes-romanticos-rio-de-janeiro.html,FAIL,92,Schema,100,,390,1,3,3,17,10,AdministrativeArea | Answer | BreadcrumbList | City | FAQPage | GeoCoordinates | ListItem | Neighborhood | OpeningHoursSpecification | PostalAddress | Question | ReserveAction | Restaurant | TouristAttraction | WebPage | WebSite
restaurantes-romanticos-rio-de-janeiro.html,FAIL,92,Performance,100,,390,1,3,3,17,10,AdministrativeArea | Answer | BreadcrumbList | City | FAQPage | GeoCoordinates | ListItem | Neighborhood | OpeningHoursSpecification | PostalAddress | Question | ReserveAction | Restaurant | TouristAttraction | WebPage | WebSite
roteiro-meio-dia-urca-pao-de-acucar.html,FAIL,95,Design,84,Risco de texto creme em fundo claro. | Opacity baixa detectada; validar texto real. | Sem CSS global de estabilização/contraste.,942,1,9,17,19,12,AdministrativeArea | AggregateRating | Answer | Article | BreadcrumbList | City | FAQPage | GeoCoordinates | HowTo | HowToStep | ListItem | LocationFeatureSpecification | MonetaryAmount | Neighborhood | OpeningHoursSpecification | Organization | PostalAddress | Question | ReserveAction | Restaurant | SpeakableSpecification | TouristAttraction | WebPage | WebSite
roteiro-meio-dia-urca-pao-de-acucar.html,FAIL,95,UX,100,,942,1,9,17,19,12,AdministrativeArea | AggregateRating | Answer | Article | BreadcrumbList | City | FAQPage | GeoCoordinates | HowTo | HowToStep | ListItem | LocationFeatureSpecification | MonetaryAmount | Neighborhood | OpeningHoursSpecification | Organization | PostalAddress | Question | ReserveAction | Restaurant | SpeakableSpecification | TouristAttraction | WebPage | WebSite
roteiro-meio-dia-urca-pao-de-acucar.html,FAIL,95,Copydesk,100,,942,1,9,17,19,12,AdministrativeArea | AggregateRating | Answer | Article | BreadcrumbList | City | FAQPage | GeoCoordinates | HowTo | HowToStep | ListItem | LocationFeatureSpecification | MonetaryAmount | Neighborhood | OpeningHoursSpecification | Organization | PostalAddress | Question | ReserveAction | Restaurant | SpeakableSpecification | TouristAttraction | WebPage | WebSite
roteiro-meio-dia-urca-pao-de-acucar.html,FAIL,95,SEO,72,Sem meta description. | Sem canonical.,942,1,9,17,19,12,AdministrativeArea | AggregateRating | Answer | Article | BreadcrumbList | City | FAQPage | GeoCoordinates | HowTo | HowToStep | ListItem | LocationFeatureSpecification | MonetaryAmount | Neighborhood | OpeningHoursSpecification | Organization | PostalAddress | Question | ReserveAction | Restaurant | SpeakableSpecification | TouristAttraction | WebPage | WebSite
roteiro-meio-dia-urca-pao-de-acucar.html,FAIL,95,GEO,100,,942,1,9,17,19,12,AdministrativeArea | AggregateRating | Answer | Article | BreadcrumbList | City | FAQPage | GeoCoordinates | HowTo | HowToStep | ListItem | LocationFeatureSpecification | MonetaryAmount | Neighborhood | OpeningHoursSpecification | Organization | PostalAddress | Question | ReserveAction | Restaurant | SpeakableSpecification | TouristAttraction | WebPage | WebSite
roteiro-meio-dia-urca-pao-de-acucar.html,FAIL,95,AEO,100,,942,1,9,17,19,12,AdministrativeArea | AggregateRating | Answer | Article | BreadcrumbList | City | FAQPage | GeoCoordinates | HowTo | HowToStep | ListItem | LocationFeatureSpecification | MonetaryAmount | Neighborhood | OpeningHoursSpecification | Organization | PostalAddress | Question | ReserveAction | Restaurant | SpeakableSpecification | TouristAttraction | WebPage | WebSite
roteiro-meio-dia-urca-pao-de-acucar.html,FAIL,95,AIO,85,Sem cobertura literal das keywords prioritárias AIO. | Sem VideoObject em página de experiência/produto.,942,1,9,17,19,12,AdministrativeArea | AggregateRating | Answer | Article | BreadcrumbList | City | FAQPage | GeoCoordinates | HowTo | HowToStep | ListItem | LocationFeatureSpecification | MonetaryAmount | Neighborhood | OpeningHoursSpecification | Organization | PostalAddress | Question | ReserveAction | Restaurant | SpeakableSpecification | TouristAttraction | WebPage | WebSite
roteiro-meio-dia-urca-pao-de-acucar.html,FAIL,95,SXO,100,,942,1,9,17,19,12,AdministrativeArea | AggregateRating | Answer | Article | BreadcrumbList | City | FAQPage | GeoCoordinates | HowTo | HowToStep | ListItem | LocationFeatureSpecification | MonetaryAmount | Neighborhood | OpeningHoursSpecification | Organization | PostalAddress | Question | ReserveAction | Restaurant | SpeakableSpecification | TouristAttraction | WebPage | WebSite
roteiro-meio-dia-urca-pao-de-acucar.html,FAIL,95,Marketing,100,,942,1,9,17,19,12,AdministrativeArea | AggregateRating | Answer | Article | BreadcrumbList | City | FAQPage | GeoCoordinates | HowTo | HowToStep | ListItem | LocationFeatureSpecification | MonetaryAmount | Neighborhood | OpeningHoursSpecification | Organization | PostalAddress | Question | ReserveAction | Restaurant | SpeakableSpecification | TouristAttraction | WebPage | WebSite
roteiro-meio-dia-urca-pao-de-acucar.html,FAIL,95,R2D2,100,,942,1,9,17,19,12,AdministrativeArea | AggregateRating | Answer | Article | BreadcrumbList | City | FAQPage | GeoCoordinates | HowTo | HowToStep | ListItem | LocationFeatureSpecification | MonetaryAmount | Neighborhood | OpeningHoursSpecification | Organization | PostalAddress | Question | ReserveAction | Restaurant | SpeakableSpecification | TouristAttraction | WebPage | WebSite
roteiro-meio-dia-urca-pao-de-acucar.html,FAIL,95,Schema,100,,942,1,9,17,19,12,AdministrativeArea | AggregateRating | Answer | Article | BreadcrumbList | City | FAQPage | GeoCoordinates | HowTo | HowToStep | ListItem | LocationFeatureSpecification | MonetaryAmount | Neighborhood | OpeningHoursSpecification | Organization | PostalAddress | Question | ReserveAction | Restaurant | SpeakableSpecification | TouristAttraction | WebPage | WebSite
roteiro-meio-dia-urca-pao-de-acucar.html,FAIL,95,Performance,100,,942,1,9,17,19,12,AdministrativeArea | AggregateRating | Answer | Article | BreadcrumbList | City | FAQPage | GeoCoordinates | HowTo | HowToStep | ListItem | LocationFeatureSpecification | MonetaryAmount | Neighborhood | OpeningHoursSpecification | Organization | PostalAddress | Question | ReserveAction | Restaurant | SpeakableSpecification | TouristAttraction | WebPage | WebSite
src/partials/en/footer.html,FAIL,83,Design,94,Sem CSS global de estabilização/contraste.,67,0,0,0,8,4,
src/partials/en/footer.html,FAIL,83,UX,81,H1 deveria ser único; encontrado 0. | Poucos H2 para boa escaneabilidade. | Sem skip-nav detectado.,67,0,0,0,8,4,
src/partials/en/footer.html,FAIL,83,Copydesk,83,Conteúdo curto: 67 palavras. | Poucas perguntas/respostas explícitas.,67,0,0,0,8,4,
src/partials/en/footer.html,FAIL,83,SEO,50,Sem title. | Sem meta description. | Sem canonical. | Sem hreflang.,67,0,0,0,8,4,
src/partials/en/footer.html,FAIL,83,GEO,93,Sem GeoCoordinates.,67,0,0,0,8,4,
src/partials/en/footer.html,FAIL,83,AEO,78,FAQ baixo para AEO: 0. | Faltam respostas diretas transacionais.,67,0,0,0,8,4,
src/partials/en/footer.html,FAIL,83,AIO,80,Sem cobertura literal das keywords prioritárias AIO. | Poucas FAQs para IA.,67,0,0,0,8,4,
src/partials/en/footer.html,FAIL,83,SXO,90,Faltam dados de decisão rápida.,67,0,0,0,8,4,
src/partials/en/footer.html,FAIL,83,Marketing,90,Baixa presença de termos de conversão.,67,0,0,0,8,4,
src/partials/en/footer.html,FAIL,83,R2D2,86,R2D2 fraco em Decisão. | R2D2 fraco em Direção.,67,0,0,0,8,4,
src/partials/en/footer.html,FAIL,83,Schema,72,Sem JSON-LD. | Schema sem tipo útil para local/conteúdo.,67,0,0,0,8,4,
src/partials/en/footer.html,FAIL,83,Performance,100,,67,0,0,0,8,4,
src/partials/en/nav.html,FAIL,80,Design,94,Sem CSS global de estabilização/contraste.,19,0,0,0,10,4,
src/partials/en/nav.html,FAIL,80,UX,81,H1 deveria ser único; encontrado 0. | Poucos H2 para boa escaneabilidade. | Sem skip-nav detectado.,19,0,0,0,10,4,
src/partials/en/nav.html,FAIL,80,Copydesk,75,Conteúdo curto: 19 palavras. | Diferencial turístico/carioca pouco claro. | Poucas perguntas/respostas explícitas.,19,0,0,0,10,4,
src/partials/en/nav.html,FAIL,80,SEO,54,Sem title. | Sem meta description. | Sem canonical.,19,0,0,0,10,4,
src/partials/en/nav.html,FAIL,80,GEO,71,Baixa cobertura local/GEO: 0/8. | Falta bloco forte de acesso/endereço. | Sem GeoCoordinates.,19,0,0,0,10,4,
src/partials/en/nav.html,FAIL,80,AEO,78,FAQ baixo para AEO: 0. | Faltam respostas diretas transacionais.,19,0,0,0,10,4,
src/partials/en/nav.html,FAIL,80,AIO,80,Sem cobertura literal das keywords prioritárias AIO. | Poucas FAQs para IA.,19,0,0,0,10,4,
src/partials/en/nav.html,FAIL,80,SXO,90,Faltam dados de decisão rápida.,19,0,0,0,10,4,
src/partials/en/nav.html,FAIL,80,Marketing,82,Baixa presença de termos de conversão. | Faltam provas/diferenciais comerciais.,19,0,0,0,10,4,
src/partials/en/nav.html,FAIL,80,R2D2,79,R2D2 fraco em Relevância. | R2D2 fraco em Decisão. | R2D2 fraco em Direção.,19,0,0,0,10,4,
src/partials/en/nav.html,FAIL,80,Schema,72,Sem JSON-LD. | Schema sem tipo útil para local/conteúdo.,19,0,0,0,10,4,
src/partials/en/nav.html,FAIL,80,Performance,100,,19,0,0,0,10,4,
src/partials/es/footer.html,FAIL,85,Design,94,Sem CSS global de estabilização/contraste.,70,0,0,0,8,4,
src/partials/es/footer.html,FAIL,85,UX,81,H1 deveria ser único; encontrado 0. | Poucos H2 para boa escaneabilidade. | Sem skip-nav detectado.,70,0,0,0,8,4,
src/partials/es/footer.html,FAIL,85,Copydesk,88,Conteúdo curto: 70 palavras.,70,0,0,0,8,4,
src/partials/es/footer.html,FAIL,85,SEO,50,Sem title. | Sem meta description. | Sem canonical. | Sem hreflang.,70,0,0,0,8,4,
src/partials/es/footer.html,FAIL,85,GEO,93,Sem GeoCoordinates.,70,0,0,0,8,4,
src/partials/es/footer.html,FAIL,85,AEO,78,FAQ baixo para AEO: 0. | Faltam respostas diretas transacionais.,70,0,0,0,8,4,
src/partials/es/footer.html,FAIL,85,AIO,80,Sem cobertura literal das keywords prioritárias AIO. | Poucas FAQs para IA.,70,0,0,0,8,4,
src/partials/es/footer.html,FAIL,85,SXO,100,,70,0,0,0,8,4,
src/partials/es/footer.html,FAIL,85,Marketing,100,,70,0,0,0,8,4,
src/partials/es/footer.html,FAIL,85,R2D2,86,R2D2 fraco em Decisão. | R2D2 fraco em Direção.,70,0,0,0,8,4,
src/partials/es/footer.html,FAIL,85,Schema,72,Sem JSON-LD. | Schema sem tipo útil para local/conteúdo.,70,0,0,0,8,4,
src/partials/es/footer.html,FAIL,85,Performance,100,,70,0,0,0,8,4,
src/partials/es/nav.html,FAIL,82,Design,94,Sem CSS global de estabilização/contraste.,18,0,0,0,10,4,
src/partials/es/nav.html,FAIL,82,UX,81,H1 deveria ser único; encontrado 0. | Poucos H2 para boa escaneabilidade. | Sem skip-nav detectado.,18,0,0,0,10,4,
src/partials/es/nav.html,FAIL,82,Copydesk,80,Conteúdo curto: 18 palavras. | Diferencial turístico/carioca pouco claro.,18,0,0,0,10,4,
src/partials/es/nav.html,FAIL,82,SEO,54,Sem title. | Sem meta description. | Sem canonical.,18,0,0,0,10,4,
src/partials/es/nav.html,FAIL,82,GEO,71,Baixa cobertura local/GEO: 0/8. | Falta bloco forte de acesso/endereço. | Sem GeoCoordinates.,18,0,0,0,10,4,
src/partials/es/nav.html,FAIL,82,AEO,78,FAQ baixo para AEO: 0. | Faltam respostas diretas transacionais.,18,0,0,0,10,4,
src/partials/es/nav.html,FAIL,82,AIO,80,Sem cobertura literal das keywords prioritárias AIO. | Poucas FAQs para IA.,18,0,0,0,10,4,
src/partials/es/nav.html,FAIL,82,SXO,100,,18,0,0,0,10,4,
src/partials/es/nav.html,FAIL,82,Marketing,100,,18,0,0,0,10,4,
src/partials/es/nav.html,FAIL,82,R2D2,79,R2D2 fraco em Relevância. | R2D2 fraco em Decisão. | R2D2 fraco em Direção.,18,0,0,0,10,4,
src/partials/es/nav.html,FAIL,82,Schema,72,Sem JSON-LD. | Schema sem tipo útil para local/conteúdo.,18,0,0,0,10,4,
src/partials/es/nav.html,FAIL,82,Performance,100,,18,0,0,0,10,4,
src/partials/pt/footer.html,FAIL,80,Design,94,Sem CSS global de estabilização/contraste.,33,0,0,0,0,0,
src/partials/pt/footer.html,FAIL,80,UX,63,H1 deveria ser único; encontrado 0. | Poucos H2 para boa escaneabilidade. | Sem CTA claro. | Poucos links internos. | Sem skip-nav detectado.,33,0,0,0,0,0,
src/partials/pt/footer.html,FAIL,80,Copydesk,83,Conteúdo curto: 33 palavras. | Poucas perguntas/respostas explícitas.,33,0,0,0,0,0,
src/partials/pt/footer.html,FAIL,80,SEO,50,Sem title. | Sem meta description. | Sem canonical. | Sem hreflang.,33,0,0,0,0,0,
src/partials/pt/footer.html,FAIL,80,GEO,93,Sem GeoCoordinates.,33,0,0,0,0,0,
src/partials/pt/footer.html,FAIL,80,AEO,78,FAQ baixo para AEO: 0. | Faltam respostas diretas transacionais.,33,0,0,0,0,0,
src/partials/pt/footer.html,FAIL,80,AIO,80,Sem cobertura literal das keywords prioritárias AIO. | Poucas FAQs para IA.,33,0,0,0,0,0,
src/partials/pt/footer.html,FAIL,80,SXO,79,Sem CTA de decisão. | Pouca navegação contextual.,33,0,0,0,0,0,
src/partials/pt/footer.html,FAIL,80,Marketing,82,Baixa presença de termos de conversão. | Faltam provas/diferenciais comerciais.,33,0,0,0,0,0,
src/partials/pt/footer.html,FAIL,80,R2D2,86,R2D2 fraco em Decisão. | R2D2 fraco em Direção.,33,0,0,0,0,0,
src/partials/pt/footer.html,FAIL,80,Schema,72,Sem JSON-LD. | Schema sem tipo útil para local/conteúdo.,33,0,0,0,0,0,
src/partials/pt/footer.html,FAIL,80,Performance,100,,33,0,0,0,0,0,
src/partials/pt/nav.html,FAIL,84,Design,94,Sem CSS global de estabilização/contraste.,20,0,0,0,10,5,
src/partials/pt/nav.html,FAIL,84,UX,81,H1 deveria ser único; encontrado 0. | Poucos H2 para boa escaneabilidade. | Sem skip-nav detectado.,20,0,0,0,10,5,
src/partials/pt/nav.html,FAIL,84,Copydesk,80,Conteúdo curto: 20 palavras. | Diferencial turístico/carioca pouco claro.,20,0,0,0,10,5,
src/partials/pt/nav.html,FAIL,84,SEO,54,Sem title. | Sem meta description. | Sem canonical.,20,0,0,0,10,5,
src/partials/pt/nav.html,FAIL,84,GEO,81,Baixa cobertura local/GEO: 0/8. | Sem GeoCoordinates.,20,0,0,0,10,5,
src/partials/pt/nav.html,FAIL,84,AEO,86,FAQ baixo para AEO: 0.,20,0,0,0,10,5,
src/partials/pt/nav.html,FAIL,84,AIO,75,Sem cobertura literal das keywords prioritárias AIO. | Poucas FAQs para IA. | Sem VideoObject em página de experiência/produto.,20,0,0,0,10,5,
src/partials/pt/nav.html,FAIL,84,SXO,100,,20,0,0,0,10,5,
src/partials/pt/nav.html,FAIL,84,Marketing,100,,20,0,0,0,10,5,
src/partials/pt/nav.html,FAIL,84,R2D2,86,R2D2 fraco em Relevância. | R2D2 fraco em Decisão.,20,0,0,0,10,5,
src/partials/pt/nav.html,FAIL,84,Schema,72,Sem JSON-LD. | Schema sem tipo útil para local/conteúdo.,20,0,0,0,10,5,
src/partials/pt/nav.html,FAIL,84,Performance,100,,20,0,0,0,10,5,
